tanggal,shift,kode_batch,kode_produk,mesin,operator,no_sampel,berat_bersih_g,kadar_air_persen,suhu_penggorengan_c,tekanan_vakum_cmhg,waktu_penggorengan_menit,bahan_baku_kg,rendemen_persen,status_qc
2026-04-01,Pagi,BTC-260401-001,PRD-01,VF-03,Dewi,1,97.3,2.59,83.1,73.8,57.0,118.1,11.04,Lolos
2026-04-01,Pagi,BTC-260401-001,PRD-01,VF-03,Dewi,2,98.4,2.44,83.1,73.8,57.0,118.1,10.14,Lolos
2026-04-01,Pagi,BTC-260401-001,PRD-01,VF-03,Dewi,3,97.0,2.45,83.1,73.8,57.0,118.1,8.99,Tolak
2026-04-01,Pagi,BTC-260401-001,PRD-01,VF-03,Dewi,4,100.4,3.15,83.1,73.8,57.0,118.1,9.17,Tolak
2026-04-01,Pagi,BTC-260401-001,PRD-01,VF-03,Dewi,5,100.3,2.54,83.1,73.8,57.0,118.1,10.02,Lolos
2026-04-01,Pagi,BTC-260401-001,PRD-01,VF-03,Dewi,6,101.5,3.05,83.1,73.8,57.0,118.1,9.51,Tolak
2026-04-01,Pagi,BTC-260401-001,PRD-01,VF-03,Dewi,7,101.4,2.82,83.1,73.8,57.0,118.1,7.81,Lolos
2026-04-01,Pagi,BTC-260401-001,PRD-01,VF-03,Dewi,8,97.3,2.43,83.1,73.8,57.0,118.1,10.65,Lolos
2026-04-01,Siang,BTC-260401-002,PRD-03,VF-03,Hana,1,101.2,2.44,86.7,72.6,55.3,115.7,9.31,Lolos
2026-04-01,Siang,BTC-260401-002,PRD-03,VF-03,Hana,2,100.0,2.42,86.7,72.6,55.3,115.7,9.64,Lolos
2026-04-01,Siang,BTC-260401-002,PRD-03,VF-03,Hana,3,101.2,2.8,86.7,72.6,55.3,115.7,8.51,Lolos
2026-04-01,Siang,BTC-260401-002,PRD-03,VF-03,Hana,4,97.6,2.84,86.7,72.6,55.3,115.7,9.61,Lolos
2026-04-01,Siang,BTC-260401-002,PRD-03,VF-03,Hana,5,102.1,2.18,86.7,72.6,55.3,115.7,10.08,Lolos
2026-04-01,Siang,BTC-260401-002,PRD-03,VF-03,Hana,6,100.0,2.99,86.7,72.6,55.3,115.7,8.06,Lolos
2026-04-01,Siang,BTC-260401-002,PRD-03,VF-03,Hana,7,99.7,2.83,86.7,72.6,55.3,115.7,10.69,Lolos
2026-04-01,Siang,BTC-260401-002,PRD-03,VF-03,Hana,8,98.3,2.83,86.7,72.6,55.3,115.7,8.35,Lolos
2026-04-01,Malam,BTC-260401-003,PRD-03,VF-02,Fitri,1,100.4,3.2,85.6,73.7,51.2,151.4,9.84,Tolak
2026-04-01,Malam,BTC-260401-003,PRD-03,VF-02,Fitri,2,99.4,2.63,85.6,73.7,51.2,151.4,8.32,Lolos
2026-04-01,Malam,BTC-260401-003,PRD-03,VF-02,Fitri,3,100.6,2.07,85.6,73.7,51.2,151.4,9.99,Lolos
2026-04-01,Malam,BTC-260401-003,PRD-03,VF-02,Fitri,4,100.3,2.05,85.6,73.7,51.2,151.4,9.83,Lolos
2026-04-01,Malam,BTC-260401-003,PRD-03,VF-02,Fitri,5,100.5,2.07,85.6,73.7,51.2,151.4,9.4,Lolos
2026-04-01,Malam,BTC-260401-003,PRD-03,VF-02,Fitri,6,101.7,2.38,85.6,73.7,51.2,151.4,7.67,Lolos
2026-04-02,Pagi,BTC-260402-004,PRD-02,VF-01,Fitri,1,100.8,2.69,81.7,67.8,51.2,105.1,9.04,Lolos
2026-04-02,Pagi,BTC-260402-004,PRD-02,VF-01,Fitri,2,99.7,3.14,81.7,67.8,51.2,105.1,10.65,Tolak
2026-04-02,Pagi,BTC-260402-004,PRD-02,VF-01,Fitri,3,102.4,2.53,81.7,67.8,51.2,105.1,11.03,Lolos
2026-04-02,Siang,BTC-260402-005,PRD-01,VF-01,Andi,1,100.7,2.35,85.9,66.1,60.4,125.6,11.8,Lolos
2026-04-02,Siang,BTC-260402-005,PRD-01,VF-01,Andi,2,101.0,2.0,85.9,66.1,60.4,125.6,9.76,Lolos
2026-04-02,Malam,BTC-260402-006,PRD-01,VF-02,Citra,1,98.6,2.75,88.6,69.7,58.1,112.0,10.46,Lolos
2026-04-02,Malam,BTC-260402-006,PRD-01,VF-02,Citra,2,99.7,1.76,88.6,69.7,58.1,112.0,8.64,Lolos
2026-04-02,Malam,BTC-260402-006,PRD-01,VF-02,Citra,3,100.8,2.5,88.6,69.7,58.1,112.0,10.1,Lolos
2026-04-03,Pagi,BTC-260403-007,PRD-02,VF-03,Dewi,1,102.8,2.02,82.0,72.0,62.8,100.9,9.95,Lolos
2026-04-03,Pagi,BTC-260403-007,PRD-02,VF-03,Dewi,2,98.3,2.11,82.0,72.0,62.8,100.9,8.99,Lolos
2026-04-03,Pagi,BTC-260403-007,PRD-02,VF-03,Dewi,3,101.0,3.3,82.0,72.0,62.8,100.9,8.75,Tolak
2026-04-03,Siang,BTC-260403-008,PRD-01,VF-03,Citra,1,99.3,2.07,86.0,66.5,54.9,119.1,8.84,Lolos
2026-04-03,Siang,BTC-260403-008,PRD-01,VF-03,Citra,2,96.3,2.5,86.0,66.5,54.9,119.1,9.09,Tolak
2026-04-03,Siang,BTC-260403-008,PRD-01,VF-03,Citra,3,99.9,2.86,86.0,66.5,54.9,119.1,9.58,Lolos
2026-04-03,Siang,BTC-260403-008,PRD-01,VF-03,Citra,4,100.1,2.72,86.0,66.5,54.9,119.1,10.44,Lolos
2026-04-03,Siang,BTC-260403-008,PRD-01,VF-03,Citra,5,100.0,2.78,86.0,66.5,54.9,119.1,9.59,Lolos
2026-04-03,Siang,BTC-260403-008,PRD-01,VF-03,Citra,6,99.6,2.76,86.0,66.5,54.9,119.1,9.97,Lolos
2026-04-03,Siang,BTC-260403-008,PRD-01,VF-03,Citra,7,99.0,2.19,86.0,66.5,54.9,119.1,7.9,Lolos
2026-04-03,Malam,BTC-260403-009,PRD-01,VF-01,Andi,1,100.9,2.33,86.5,71.6,61.0,142.1,8.66,Lolos
2026-04-03,Malam,BTC-260403-009,PRD-01,VF-01,Andi,2,101.7,2.4,86.5,71.6,61.0,142.1,8.63,Lolos
2026-04-03,Malam,BTC-260403-009,PRD-01,VF-01,Andi,3,99.7,2.46,86.5,71.6,61.0,142.1,11.67,Lolos
2026-04-03,Malam,BTC-260403-009,PRD-01,VF-01,Andi,4,99.9,2.58,86.5,71.6,61.0,142.1,10.1,Lolos
2026-04-03,Malam,BTC-260403-009,PRD-01,VF-01,Andi,5,101.9,2.3,86.5,71.6,61.0,142.1,8.69,Lolos
2026-04-03,Malam,BTC-260403-009,PRD-01,VF-01,Andi,6,101.0,2.05,86.5,71.6,61.0,142.1,8.31,Lolos
2026-04-03,Malam,BTC-260403-009,PRD-01,VF-01,Andi,7,100.0,2.55,86.5,71.6,61.0,142.1,10.55,Lolos
2026-04-04,Pagi,BTC-260404-010,PRD-03,VF-03,Hana,1,98.1,2.79,85.7,69.5,52.0,123.9,10.81,Lolos
2026-04-04,Pagi,BTC-260404-010,PRD-03,VF-03,Hana,2,98.1,2.86,85.7,69.5,52.0,123.9,9.53,Lolos
2026-04-04,Pagi,BTC-260404-010,PRD-03,VF-03,Hana,3,101.6,2.44,85.7,69.5,52.0,123.9,9.2,Lolos
2026-04-04,Pagi,BTC-260404-010,PRD-03,VF-03,Hana,4,98.7,2.55,85.7,69.5,52.0,123.9,10.43,Lolos
2026-04-04,Pagi,BTC-260404-010,PRD-03,VF-03,Hana,5,101.0,2.46,85.7,69.5,52.0,123.9,10.59,Lolos
2026-04-04,Siang,BTC-260404-011,PRD-03,VF-01,Andi,1,100.4,2.34,86.0,71.8,56.9,115.1,10.09,Lolos
2026-04-04,Siang,BTC-260404-011,PRD-03,VF-01,Andi,2,100.3,1.86,86.0,71.8,56.9,115.1,8.91,Lolos
2026-04-04,Siang,BTC-260404-011,PRD-03,VF-01,Andi,3,100.8,1.73,86.0,71.8,56.9,115.1,8.68,Lolos
2026-04-04,Siang,BTC-260404-011,PRD-03,VF-01,Andi,4,100.2,2.06,86.0,71.8,56.9,115.1,9.55,Lolos
2026-04-04,Malam,BTC-260404-012,PRD-01,VF-02,Galih,1,100.4,2.46,85.8,67.9,55.7,129.8,10.04,Lolos
2026-04-04,Malam,BTC-260404-012,PRD-01,VF-02,Galih,2,99.6,2.14,85.8,67.9,55.7,129.8,8.74,Lolos
2026-04-04,Malam,BTC-260404-012,PRD-01,VF-02,Galih,3,99.3,2.58,85.8,67.9,55.7,129.8,11.66,Lolos
2026-04-04,Malam,BTC-260404-012,PRD-01,VF-02,Galih,4,99.3,2.35,85.8,67.9,55.7,129.8,10.98,Lolos
2026-04-04,Malam,BTC-260404-012,PRD-01,VF-02,Galih,5,101.7,1.57,85.8,67.9,55.7,129.8,9.82,Lolos
2026-04-04,Malam,BTC-260404-012,PRD-01,VF-02,Galih,6,102.0,2.65,85.8,67.9,55.7,129.8,9.02,Lolos
2026-04-04,Malam,BTC-260404-012,PRD-01,VF-02,Galih,7,101.1,3.0,85.8,67.9,55.7,129.8,9.23,Tolak
2026-04-04,Malam,BTC-260404-012,PRD-01,VF-02,Galih,8,102.0,2.53,85.8,67.9,55.7,129.8,9.24,Lolos
2026-04-06,Pagi,BTC-260406-013,PRD-01,VF-03,Eko,1,99.3,2.76,85.6,72.2,51.4,97.9,8.31,Lolos
2026-04-06,Pagi,BTC-260406-013,PRD-01,VF-03,Eko,2,101.5,2.87,85.6,72.2,51.4,97.9,9.16,Lolos
2026-04-06,Pagi,BTC-260406-013,PRD-01,VF-03,Eko,3,99.5,1.98,85.6,72.2,51.4,97.9,9.71,Lolos
2026-04-06,Pagi,BTC-260406-013,PRD-01,VF-03,Eko,4,100.6,2.34,85.6,72.2,51.4,97.9,10.55,Lolos
2026-04-06,Pagi,BTC-260406-013,PRD-01,VF-03,Eko,5,100.7,2.33,85.6,72.2,51.4,97.9,8.49,Lolos
2026-04-06,Pagi,BTC-260406-013,PRD-01,VF-03,Eko,6,101.3,2.9,85.6,72.2,51.4,97.9,10.46,Lolos
2026-04-06,Pagi,BTC-260406-013,PRD-01,VF-03,Eko,7,102.0,3.01,85.6,72.2,51.4,97.9,8.98,Tolak
2026-04-06,Pagi,BTC-260406-013,PRD-01,VF-03,Eko,8,100.0,3.05,85.6,72.2,51.4,97.9,10.22,Tolak
2026-04-06,Siang,BTC-260406-014,PRD-03,VF-01,Hana,1,100.1,2.67,86.6,70.4,57.9,103.7,8.24,Lolos
2026-04-06,Siang,BTC-260406-014,PRD-03,VF-01,Hana,2,100.6,2.37,86.6,70.4,57.9,103.7,10.54,Lolos
2026-04-06,Siang,BTC-260406-014,PRD-03,VF-01,Hana,3,100.3,2.13,86.6,70.4,57.9,103.7,8.89,Lolos
2026-04-06,Siang,BTC-260406-014,PRD-03,VF-01,Hana,4,100.9,2.71,86.6,70.4,57.9,103.7,8.94,Lolos
2026-04-06,Siang,BTC-260406-014,PRD-03,VF-01,Hana,5,100.3,2.25,86.6,70.4,57.9,103.7,8.5,Lolos
2026-04-06,Siang,BTC-260406-014,PRD-03,VF-01,Hana,6,99.4,2.7,86.6,70.4,57.9,103.7,9.14,Lolos
2026-04-06,Malam,BTC-260406-015,PRD-03,VF-02,Galih,1,100.5,1.77,85.3,70.1,54.2,118.7,9.67,Lolos
2026-04-06,Malam,BTC-260406-015,PRD-03,VF-02,Galih,2,99.8,2.47,85.3,70.1,54.2,118.7,10.24,Lolos
2026-04-06,Malam,BTC-260406-015,PRD-03,VF-02,Galih,3,100.8,2.36,85.3,70.1,54.2,118.7,9.17,Lolos
2026-04-06,Malam,BTC-260406-015,PRD-03,VF-02,Galih,4,100.8,2.62,85.3,70.1,54.2,118.7,9.52,Lolos
2026-04-06,Malam,BTC-260406-015,PRD-03,VF-02,Galih,5,99.3,2.48,85.3,70.1,54.2,118.7,8.83,Lolos
2026-04-07,Pagi,BTC-260407-016,PRD-01,VF-02,Citra,1,99.3,2.02,83.0,70.1,59.3,96.9,10.24,Lolos
2026-04-07,Pagi,BTC-260407-016,PRD-01,VF-02,Citra,2,99.6,2.04,83.0,70.1,59.3,96.9,8.28,Lolos
2026-04-07,Pagi,BTC-260407-016,PRD-01,VF-02,Citra,3,99.6,2.34,83.0,70.1,59.3,96.9,8.58,Lolos
2026-04-07,Pagi,BTC-260407-016,PRD-01,VF-02,Citra,4,99.7,2.57,83.0,70.1,59.3,96.9,9.71,Lolos
2026-04-07,Pagi,BTC-260407-016,PRD-01,VF-02,Citra,5,101.4,2.9,83.0,70.1,59.3,96.9,7.75,Lolos
2026-04-07,Pagi,BTC-260407-016,PRD-01,VF-02,Citra,6,99.8,2.42,83.0,70.1,59.3,96.9,10.27,Lolos
2026-04-07,Pagi,BTC-260407-016,PRD-01,VF-02,Citra,7,99.5,2.54,83.0,70.1,59.3,96.9,9.13,Lolos
2026-04-07,Siang,BTC-260407-017,PRD-01,VF-03,Galih,1,100.6,2.68,81.7,74.2,54.8,120.5,11.01,Lolos
2026-04-07,Siang,BTC-260407-017,PRD-01,VF-03,Galih,2,100.8,2.88,81.7,74.2,54.8,120.5,7.84,Lolos
2026-04-07,Siang,BTC-260407-017,PRD-01,VF-03,Galih,3,101.4,3.01,81.7,74.2,54.8,120.5,10.06,Tolak
2026-04-07,Siang,BTC-260407-017,PRD-01,VF-03,Galih,4,97.2,2.25,81.7,74.2,54.8,120.5,8.75,Lolos
2026-04-07,Malam,BTC-260407-018,PRD-01,VF-02,Citra,1,99.9,2.8,81.2,74.5,51.6,136.0,8.58,Lolos
2026-04-07,Malam,BTC-260407-018,PRD-01,VF-02,Citra,2,100.4,2.75,81.2,74.5,51.6,136.0,11.06,Lolos
2026-04-07,Malam,BTC-260407-018,PRD-01,VF-02,Citra,3,99.8,2.88,81.2,74.5,51.6,136.0,8.25,Lolos
2026-04-07,Malam,BTC-260407-018,PRD-01,VF-02,Citra,4,99.5,1.68,81.2,74.5,51.6,136.0,10.48,Lolos
2026-04-07,Malam,BTC-260407-018,PRD-01,VF-02,Citra,5,103.4,2.52,81.2,74.5,51.6,136.0,8.71,Tolak
2026-04-07,Malam,BTC-260407-018,PRD-01,VF-02,Citra,6,99.5,2.07,81.2,74.5,51.6,136.0,10.33,Lolos
2026-04-08,Pagi,BTC-260408-019,PRD-03,VF-03,Citra,1,98.1,2.04,85.1,71.6,53.0,120.3,9.44,Lolos
2026-04-08,Pagi,BTC-260408-019,PRD-03,VF-03,Citra,2,100.2,2.73,85.1,71.6,53.0,120.3,9.4,Lolos
2026-04-08,Pagi,BTC-260408-019,PRD-03,VF-03,Citra,3,99.3,2.4,85.1,71.6,53.0,120.3,9.96,Lolos
2026-04-08,Pagi,BTC-260408-019,PRD-03,VF-03,Citra,4,102.0,2.34,85.1,71.6,53.0,120.3,7.25,Lolos
2026-04-08,Siang,BTC-260408-020,PRD-02,VF-02,Hana,1,101.2,2.16,84.6,76.7,54.5,150.4,9.82,Lolos
2026-04-08,Siang,BTC-260408-020,PRD-02,VF-02,Hana,2,99.5,2.92,84.6,76.7,54.5,150.4,9.86,Lolos
2026-04-08,Siang,BTC-260408-020,PRD-02,VF-02,Hana,3,102.1,2.71,84.6,76.7,54.5,150.4,9.07,Lolos
2026-04-08,Siang,BTC-260408-020,PRD-02,VF-02,Hana,4,100.9,2.4,84.6,76.7,54.5,150.4,8.84,Lolos
2026-04-08,Siang,BTC-260408-020,PRD-02,VF-02,Hana,5,100.1,2.43,84.6,76.7,54.5,150.4,10.6,Lolos
2026-04-08,Siang,BTC-260408-020,PRD-02,VF-02,Hana,6,102.2,2.62,84.6,76.7,54.5,150.4,12.39,Lolos
2026-04-08,Siang,BTC-260408-020,PRD-02,VF-02,Hana,7,100.1,2.56,84.6,76.7,54.5,150.4,8.07,Lolos
2026-04-08,Malam,BTC-260408-021,PRD-01,VF-03,Dewi,1,99.6,2.89,86.2,75.4,54.4,128.4,10.07,Lolos
2026-04-08,Malam,BTC-260408-021,PRD-01,VF-03,Dewi,2,98.2,2.74,86.2,75.4,54.4,128.4,10.7,Lolos
2026-04-08,Malam,BTC-260408-021,PRD-01,VF-03,Dewi,3,97.2,2.23,86.2,75.4,54.4,128.4,8.44,Lolos
2026-04-08,Malam,BTC-260408-021,PRD-01,VF-03,Dewi,4,101.3,3.3,86.2,75.4,54.4,128.4,10.9,Tolak
2026-04-08,Malam,BTC-260408-021,PRD-01,VF-03,Dewi,5,102.5,2.63,86.2,75.4,54.4,128.4,9.01,Lolos
2026-04-08,Malam,BTC-260408-021,PRD-01,VF-03,Dewi,6,99.5,2.48,86.2,75.4,54.4,128.4,9.49,Lolos
2026-04-09,Pagi,BTC-260409-022,PRD-01,VF-02,Fitri,1,100.0,2.35,85.6,68.0,60.5,96.2,9.92,Lolos
2026-04-09,Pagi,BTC-260409-022,PRD-01,VF-02,Fitri,2,100.9,3.1,85.6,68.0,60.5,96.2,10.46,Tolak
2026-04-09,Pagi,BTC-260409-022,PRD-01,VF-02,Fitri,3,99.4,2.53,85.6,68.0,60.5,96.2,10.47,Lolos
2026-04-09,Pagi,BTC-260409-022,PRD-01,VF-02,Fitri,4,101.5,2.84,85.6,68.0,60.5,96.2,10.32,Lolos
2026-04-09,Pagi,BTC-260409-022,PRD-01,VF-02,Fitri,5,100.5,2.05,85.6,68.0,60.5,96.2,11.32,Lolos
2026-04-09,Pagi,BTC-260409-022,PRD-01,VF-02,Fitri,6,100.3,2.32,85.6,68.0,60.5,96.2,8.95,Lolos
2026-04-09,Siang,BTC-260409-023,PRD-03,VF-03,Fitri,1,101.5,2.3,86.0,64.6,58.3,116.9,9.76,Lolos
2026-04-09,Siang,BTC-260409-023,PRD-03,VF-03,Fitri,2,99.8,2.92,86.0,64.6,58.3,116.9,9.99,Lolos
2026-04-09,Siang,BTC-260409-023,PRD-03,VF-03,Fitri,3,99.9,2.74,86.0,64.6,58.3,116.9,10.19,Lolos
2026-04-09,Siang,BTC-260409-023,PRD-03,VF-03,Fitri,4,99.4,2.91,86.0,64.6,58.3,116.9,9.07,Lolos
2026-04-09,Malam,BTC-260409-024,PRD-01,VF-03,Galih,1,98.6,3.08,81.4,68.6,52.9,113.0,9.19,Tolak
2026-04-09,Malam,BTC-260409-024,PRD-01,VF-03,Galih,2,99.6,3.21,81.4,68.6,52.9,113.0,9.69,Tolak
2026-04-09,Malam,BTC-260409-024,PRD-01,VF-03,Galih,3,99.6,3.35,81.4,68.6,52.9,113.0,8.28,Tolak
2026-04-09,Malam,BTC-260409-024,PRD-01,VF-03,Galih,4,97.7,2.79,81.4,68.6,52.9,113.0,8.99,Lolos
2026-04-09,Malam,BTC-260409-024,PRD-01,VF-03,Galih,5,99.3,3.08,81.4,68.6,52.9,113.0,9.95,Tolak
2026-04-09,Malam,BTC-260409-024,PRD-01,VF-03,Galih,6,101.5,3.24,81.4,68.6,52.9,113.0,9.46,Tolak
2026-04-09,Malam,BTC-260409-024,PRD-01,VF-03,Galih,7,99.1,2.86,81.4,68.6,52.9,113.0,9.79,Lolos
2026-04-10,Pagi,BTC-260410-025,PRD-01,VF-03,Citra,1,99.7,2.93,83.8,64.8,52.5,120.9,8.54,Lolos
2026-04-10,Pagi,BTC-260410-025,PRD-01,VF-03,Citra,2,100.3,2.76,83.8,64.8,52.5,120.9,8.9,Lolos
2026-04-10,Pagi,BTC-260410-025,PRD-01,VF-03,Citra,3,99.2,3.25,83.8,64.8,52.5,120.9,10.4,Tolak
2026-04-10,Pagi,BTC-260410-025,PRD-01,VF-03,Citra,4,98.9,2.32,83.8,64.8,52.5,120.9,8.12,Lolos
2026-04-10,Pagi,BTC-260410-025,PRD-01,VF-03,Citra,5,101.0,2.18,83.8,64.8,52.5,120.9,10.31,Lolos
2026-04-10,Pagi,BTC-260410-025,PRD-01,VF-03,Citra,6,99.7,3.0,83.8,64.8,52.5,120.9,8.46,Lolos
2026-04-10,Pagi,BTC-260410-025,PRD-01,VF-03,Citra,7,98.2,2.95,83.8,64.8,52.5,120.9,10.01,Lolos
2026-04-10,Siang,BTC-260410-026,PRD-01,VF-03,Dewi,1,100.8,2.38,87.3,75.4,52.1,105.3,8.97,Lolos
2026-04-10,Siang,BTC-260410-026,PRD-01,VF-03,Dewi,2,99.7,3.18,87.3,75.4,52.1,105.3,9.44,Tolak
2026-04-10,Siang,BTC-260410-026,PRD-01,VF-03,Dewi,3,98.5,2.92,87.3,75.4,52.1,105.3,8.54,Lolos
2026-04-10,Siang,BTC-260410-026,PRD-01,VF-03,Dewi,4,103.2,2.97,87.3,75.4,52.1,105.3,9.34,Tolak
2026-04-10,Siang,BTC-260410-026,PRD-01,VF-03,Dewi,5,98.8,2.46,87.3,75.4,52.1,105.3,8.09,Lolos
2026-04-10,Malam,BTC-260410-027,PRD-02,VF-03,Galih,1,98.8,2.74,84.2,65.6,53.3,116.4,8.1,Lolos
2026-04-10,Malam,BTC-260410-027,PRD-02,VF-03,Galih,2,97.9,2.8,84.2,65.6,53.3,116.4,9.96,Lolos
2026-04-10,Malam,BTC-260410-027,PRD-02,VF-03,Galih,3,98.1,2.53,84.2,65.6,53.3,116.4,9.4,Lolos
2026-04-10,Malam,BTC-260410-027,PRD-02,VF-03,Galih,4,101.9,2.23,84.2,65.6,53.3,116.4,9.3,Lolos
2026-04-11,Pagi,BTC-260411-028,PRD-01,VF-03,Galih,1,99.5,2.48,85.2,74.3,59.4,132.5,10.69,Lolos
2026-04-11,Pagi,BTC-260411-028,PRD-01,VF-03,Galih,2,101.2,2.43,85.2,74.3,59.4,132.5,7.37,Lolos
2026-04-11,Pagi,BTC-260411-028,PRD-01,VF-03,Galih,3,99.2,2.06,85.2,74.3,59.4,132.5,9.7,Lolos
2026-04-11,Pagi,BTC-260411-028,PRD-01,VF-03,Galih,4,98.4,2.33,85.2,74.3,59.4,132.5,10.0,Lolos
2026-04-11,Pagi,BTC-260411-028,PRD-01,VF-03,Galih,5,98.2,2.34,85.2,74.3,59.4,132.5,10.29,Lolos
2026-04-11,Pagi,BTC-260411-028,PRD-01,VF-03,Galih,6,100.8,2.61,85.2,74.3,59.4,132.5,10.12,Lolos
2026-04-11,Siang,BTC-260411-029,PRD-01,VF-01,Dewi,1,100.8,2.88,84.8,70.7,55.3,126.1,8.96,Lolos
2026-04-11,Siang,BTC-260411-029,PRD-01,VF-01,Dewi,2,100.2,2.62,84.8,70.7,55.3,126.1,9.34,Lolos
2026-04-11,Siang,BTC-260411-029,PRD-01,VF-01,Dewi,3,100.8,2.42,84.8,70.7,55.3,126.1,10.06,Lolos
2026-04-11,Siang,BTC-260411-029,PRD-01,VF-01,Dewi,4,100.8,2.93,84.8,70.7,55.3,126.1,8.58,Lolos
2026-04-11,Siang,BTC-260411-029,PRD-01,VF-01,Dewi,5,99.5,1.93,84.8,70.7,55.3,126.1,8.83,Lolos
2026-04-11,Malam,BTC-260411-030,PRD-02,VF-02,Dewi,1,99.5,2.45,80.8,73.2,58.3,128.8,9.43,Lolos
2026-04-11,Malam,BTC-260411-030,PRD-02,VF-02,Dewi,2,99.9,2.62,80.8,73.2,58.3,128.8,10.16,Lolos
2026-04-11,Malam,BTC-260411-030,PRD-02,VF-02,Dewi,3,101.0,3.71,80.8,73.2,58.3,128.8,10.19,Tolak
2026-04-13,Pagi,BTC-260413-031,PRD-01,VF-03,Hana,1,98.4,2.5,87.8,72.1,56.7,124.8,8.92,Lolos
2026-04-13,Pagi,BTC-260413-031,PRD-01,VF-03,Hana,2,101.0,2.24,87.8,72.1,56.7,124.8,10.19,Lolos
2026-04-13,Pagi,BTC-260413-031,PRD-01,VF-03,Hana,3,99.1,2.08,87.8,72.1,56.7,124.8,8.86,Lolos
2026-04-13,Pagi,BTC-260413-031,PRD-01,VF-03,Hana,4,100.5,2.57,87.8,72.1,56.7,124.8,9.22,Lolos
2026-04-13,Pagi,BTC-260413-031,PRD-01,VF-03,Hana,5,99.6,2.42,87.8,72.1,56.7,124.8,10.18,Lolos
2026-04-13,Pagi,BTC-260413-031,PRD-01,VF-03,Hana,6,98.0,2.25,87.8,72.1,56.7,124.8,8.75,Lolos
2026-04-13,Pagi,BTC-260413-031,PRD-01,VF-03,Hana,7,99.0,2.33,87.8,72.1,56.7,124.8,10.32,Lolos
2026-04-13,Siang,BTC-260413-032,PRD-01,VF-03,Eko,1,100.1,2.93,85.2,72.0,60.0,122.1,10.24,Lolos
2026-04-13,Siang,BTC-260413-032,PRD-01,VF-03,Eko,2,98.0,2.56,85.2,72.0,60.0,122.1,9.89,Lolos
2026-04-13,Siang,BTC-260413-032,PRD-01,VF-03,Eko,3,97.7,2.46,85.2,72.0,60.0,122.1,10.5,Lolos
2026-04-13,Siang,BTC-260413-032,PRD-01,VF-03,Eko,4,99.9,2.63,85.2,72.0,60.0,122.1,9.13,Lolos
2026-04-13,Siang,BTC-260413-032,PRD-01,VF-03,Eko,5,99.2,2.22,85.2,72.0,60.0,122.1,10.05,Lolos
2026-04-13,Siang,BTC-260413-032,PRD-01,VF-03,Eko,6,99.8,2.55,85.2,72.0,60.0,122.1,10.05,Lolos
2026-04-13,Siang,BTC-260413-032,PRD-01,VF-03,Eko,7,99.5,2.86,85.2,72.0,60.0,122.1,7.52,Lolos
2026-04-13,Malam,BTC-260413-033,PRD-01,VF-03,Eko,1,100.1,2.62,87.4,72.9,57.7,96.1,11.53,Lolos
2026-04-13,Malam,BTC-260413-033,PRD-01,VF-03,Eko,2,97.0,2.62,87.4,72.9,57.7,96.1,9.68,Tolak
2026-04-13,Malam,BTC-260413-033,PRD-01,VF-03,Eko,3,100.5,2.45,87.4,72.9,57.7,96.1,10.56,Lolos
2026-04-13,Malam,BTC-260413-033,PRD-01,VF-03,Eko,4,97.2,2.77,87.4,72.9,57.7,96.1,9.22,Lolos
2026-04-13,Malam,BTC-260413-033,PRD-01,VF-03,Eko,5,99.0,2.79,87.4,72.9,57.7,96.1,9.27,Lolos
2026-04-13,Malam,BTC-260413-033,PRD-01,VF-03,Eko,6,98.9,2.22,87.4,72.9,57.7,96.1,9.52,Lolos
2026-04-13,Malam,BTC-260413-033,PRD-01,VF-03,Eko,7,100.7,2.13,87.4,72.9,57.7,96.1,9.02,Lolos
2026-04-13,Malam,BTC-260413-033,PRD-01,VF-03,Eko,8,98.6,2.74,87.4,72.9,57.7,96.1,10.37,Lolos
2026-04-14,Pagi,BTC-260414-034,PRD-02,VF-02,Bayu,1,100.9,2.34,88.4,70.2,52.2,112.2,9.18,Lolos
2026-04-14,Pagi,BTC-260414-034,PRD-02,VF-02,Bayu,2,100.7,2.2,88.4,70.2,52.2,112.2,9.2,Lolos
2026-04-14,Pagi,BTC-260414-034,PRD-02,VF-02,Bayu,3,99.4,1.93,88.4,70.2,52.2,112.2,9.76,Lolos
2026-04-14,Pagi,BTC-260414-034,PRD-02,VF-02,Bayu,4,101.2,2.58,88.4,70.2,52.2,112.2,9.51,Lolos
2026-04-14,Pagi,BTC-260414-034,PRD-02,VF-02,Bayu,5,101.2,1.98,88.4,70.2,52.2,112.2,8.83,Lolos
2026-04-14,Siang,BTC-260414-035,PRD-02,VF-01,Andi,1,100.2,2.54,86.5,69.0,49.0,101.9,9.51,Lolos
2026-04-14,Siang,BTC-260414-035,PRD-02,VF-01,Andi,2,99.6,2.33,86.5,69.0,49.0,101.9,10.75,Lolos
2026-04-14,Siang,BTC-260414-035,PRD-02,VF-01,Andi,3,101.5,2.74,86.5,69.0,49.0,101.9,10.08,Lolos
2026-04-14,Malam,BTC-260414-036,PRD-02,VF-03,Bayu,1,101.1,2.96,86.8,65.9,53.3,109.9,9.91,Lolos
2026-04-14,Malam,BTC-260414-036,PRD-02,VF-03,Bayu,2,100.8,2.42,86.8,65.9,53.3,109.9,10.03,Lolos
2026-04-14,Malam,BTC-260414-036,PRD-02,VF-03,Bayu,3,99.5,3.01,86.8,65.9,53.3,109.9,7.46,Tolak
2026-04-14,Malam,BTC-260414-036,PRD-02,VF-03,Bayu,4,102.0,2.63,86.8,65.9,53.3,109.9,8.9,Lolos
2026-04-14,Malam,BTC-260414-036,PRD-02,VF-03,Bayu,5,99.0,2.85,86.8,65.9,53.3,109.9,9.06,Lolos
2026-04-15,Pagi,BTC-260415-037,PRD-01,VF-01,Dewi,1,101.8,2.53,83.6,72.1,54.8,108.9,9.47,Lolos
2026-04-15,Pagi,BTC-260415-037,PRD-01,VF-01,Dewi,2,100.5,2.53,83.6,72.1,54.8,108.9,10.17,Lolos
2026-04-15,Pagi,BTC-260415-037,PRD-01,VF-01,Dewi,3,100.2,2.69,83.6,72.1,54.8,108.9,10.43,Lolos
2026-04-15,Pagi,BTC-260415-037,PRD-01,VF-01,Dewi,4,100.3,2.37,83.6,72.1,54.8,108.9,10.39,Lolos
2026-04-15,Pagi,BTC-260415-037,PRD-01,VF-01,Dewi,5,99.8,3.18,83.6,72.1,54.8,108.9,9.67,Tolak
2026-04-15,Siang,BTC-260415-038,PRD-03,VF-02,Bayu,1,100.6,2.71,83.4,72.5,54.7,143.7,9.8,Lolos
2026-04-15,Siang,BTC-260415-038,PRD-03,VF-02,Bayu,2,98.1,2.47,83.4,72.5,54.7,143.7,10.4,Lolos
2026-04-15,Siang,BTC-260415-038,PRD-03,VF-02,Bayu,3,99.7,2.56,83.4,72.5,54.7,143.7,9.91,Lolos
2026-04-15,Siang,BTC-260415-038,PRD-03,VF-02,Bayu,4,98.9,2.37,83.4,72.5,54.7,143.7,10.86,Lolos
2026-04-15,Siang,BTC-260415-038,PRD-03,VF-02,Bayu,5,99.7,2.59,83.4,72.5,54.7,143.7,9.91,Lolos
2026-04-15,Siang,BTC-260415-038,PRD-03,VF-02,Bayu,6,100.2,2.46,83.4,72.5,54.7,143.7,9.08,Lolos
2026-04-15,Siang,BTC-260415-038,PRD-03,VF-02,Bayu,7,99.1,2.35,83.4,72.5,54.7,143.7,8.57,Lolos
2026-04-15,Malam,BTC-260415-039,PRD-02,VF-03,Andi,1,101.4,3.0,78.9,64.6,55.1,114.5,10.41,Lolos
2026-04-16,Pagi,BTC-260416-040,PRD-01,VF-01,Andi,1,100.7,1.71,86.2,69.6,57.0,126.3,10.2,Lolos
2026-04-16,Pagi,BTC-260416-040,PRD-01,VF-01,Andi,2,99.8,1.78,86.2,69.6,57.0,126.3,10.53,Lolos
2026-04-16,Pagi,BTC-260416-040,PRD-01,VF-01,Andi,3,99.7,2.54,86.2,69.6,57.0,126.3,10.72,Lolos
2026-04-16,Siang,BTC-260416-041,PRD-02,VF-01,Bayu,1,101.0,2.05,85.3,71.6,53.9,126.5,11.07,Lolos
2026-04-16,Siang,BTC-260416-041,PRD-02,VF-01,Bayu,2,97.9,2.14,85.3,71.6,53.9,126.5,8.87,Lolos
2026-04-16,Siang,BTC-260416-041,PRD-02,VF-01,Bayu,3,100.1,2.53,85.3,71.6,53.9,126.5,9.05,Lolos
2026-04-16,Siang,BTC-260416-041,PRD-02,VF-01,Bayu,4,100.8,2.36,85.3,71.6,53.9,126.5,10.54,Lolos
2026-04-16,Siang,BTC-260416-041,PRD-02,VF-01,Bayu,5,100.7,2.43,85.3,71.6,53.9,126.5,9.14,Lolos
2026-04-16,Siang,BTC-260416-041,PRD-02,VF-01,Bayu,6,100.4,2.74,85.3,71.6,53.9,126.5,9.99,Lolos
2026-04-16,Malam,BTC-260416-042,PRD-02,VF-01,Citra,1,102.1,2.18,84.1,69.2,58.7,136.8,7.78,Lolos
2026-04-16,Malam,BTC-260416-042,PRD-02,VF-01,Citra,2,99.7,2.69,84.1,69.2,58.7,136.8,10.77,Lolos
2026-04-16,Malam,BTC-260416-042,PRD-02,VF-01,Citra,3,100.5,2.22,84.1,69.2,58.7,136.8,8.86,Lolos
2026-04-17,Pagi,BTC-260417-043,PRD-03,VF-03,Galih,1,99.7,2.84,83.5,73.6,52.9,114.5,7.87,Lolos
2026-04-17,Pagi,BTC-260417-043,PRD-03,VF-03,Galih,2,101.1,2.11,83.5,73.6,52.9,114.5,9.74,Lolos
2026-04-17,Pagi,BTC-260417-043,PRD-03,VF-03,Galih,3,98.1,2.37,83.5,73.6,52.9,114.5,9.5,Lolos
2026-04-17,Pagi,BTC-260417-043,PRD-03,VF-03,Galih,4,100.0,2.58,83.5,73.6,52.9,114.5,9.76,Lolos
2026-04-17,Pagi,BTC-260417-043,PRD-03,VF-03,Galih,5,97.1,2.56,83.5,73.6,52.9,114.5,10.02,Lolos
2026-04-17,Pagi,BTC-260417-043,PRD-03,VF-03,Galih,6,99.1,3.11,83.5,73.6,52.9,114.5,7.9,Tolak
2026-04-17,Siang,BTC-260417-044,PRD-02,VF-02,Andi,1,101.2,2.67,89.6,67.1,51.9,104.4,8.98,Lolos
2026-04-17,Siang,BTC-260417-044,PRD-02,VF-02,Andi,2,101.1,2.01,89.6,67.1,51.9,104.4,8.99,Lolos
2026-04-17,Siang,BTC-260417-044,PRD-02,VF-02,Andi,3,101.3,2.08,89.6,67.1,51.9,104.4,10.46,Lolos
2026-04-17,Siang,BTC-260417-044,PRD-02,VF-02,Andi,4,101.3,2.59,89.6,67.1,51.9,104.4,9.27,Lolos
2026-04-17,Malam,BTC-260417-045,PRD-01,VF-01,Dewi,1,99.8,2.28,79.9,66.1,57.7,110.0,9.38,Lolos
2026-04-17,Malam,BTC-260417-045,PRD-01,VF-01,Dewi,2,101.3,2.78,79.9,66.1,57.7,110.0,11.04,Lolos
2026-04-17,Malam,BTC-260417-045,PRD-01,VF-01,Dewi,3,100.0,3.12,79.9,66.1,57.7,110.0,8.64,Tolak
2026-04-17,Malam,BTC-260417-045,PRD-01,VF-01,Dewi,4,100.8,2.87,79.9,66.1,57.7,110.0,9.15,Lolos
2026-04-17,Malam,BTC-260417-045,PRD-01,VF-01,Dewi,5,100.7,3.11,79.9,66.1,57.7,110.0,9.19,Tolak
2026-04-17,Malam,BTC-260417-045,PRD-01,VF-01,Dewi,6,99.9,2.1,79.9,66.1,57.7,110.0,9.65,Lolos
2026-04-18,Pagi,BTC-260418-046,PRD-03,VF-01,Fitri,1,101.0,2.2,82.3,69.6,58.1,123.9,10.45,Lolos
2026-04-18,Pagi,BTC-260418-046,PRD-03,VF-01,Fitri,2,98.9,2.75,82.3,69.6,58.1,123.9,9.38,Lolos
2026-04-18,Pagi,BTC-260418-046,PRD-03,VF-01,Fitri,3,101.4,2.8,82.3,69.6,58.1,123.9,9.95,Lolos
2026-04-18,Pagi,BTC-260418-046,PRD-03,VF-01,Fitri,4,101.3,2.56,82.3,69.6,58.1,123.9,10.3,Lolos
2026-04-18,Pagi,BTC-260418-046,PRD-03,VF-01,Fitri,5,100.3,2.42,82.3,69.6,58.1,123.9,9.66,Lolos
2026-04-18,Pagi,BTC-260418-046,PRD-03,VF-01,Fitri,6,100.7,2.49,82.3,69.6,58.1,123.9,10.82,Lolos
2026-04-18,Siang,BTC-260418-047,PRD-03,VF-01,Dewi,1,100.6,2.02,91.0,69.8,53.3,130.0,9.96,Lolos
2026-04-18,Siang,BTC-260418-047,PRD-03,VF-01,Dewi,2,101.6,2.32,91.0,69.8,53.3,130.0,9.96,Lolos
2026-04-18,Siang,BTC-260418-047,PRD-03,VF-01,Dewi,3,100.5,1.92,91.0,69.8,53.3,130.0,10.13,Lolos
2026-04-18,Siang,BTC-260418-047,PRD-03,VF-01,Dewi,4,101.5,1.46,91.0,69.8,53.3,130.0,8.95,Lolos
2026-04-18,Malam,BTC-260418-048,PRD-01,VF-02,Bayu,1,99.7,2.81,83.9,72.7,56.8,137.3,9.52,Lolos
2026-04-18,Malam,BTC-260418-048,PRD-01,VF-02,Bayu,2,99.1,2.43,83.9,72.7,56.8,137.3,9.0,Lolos
2026-04-18,Malam,BTC-260418-048,PRD-01,VF-02,Bayu,3,100.0,2.91,83.9,72.7,56.8,137.3,9.07,Lolos
2026-04-18,Malam,BTC-260418-048,PRD-01,VF-02,Bayu,4,100.3,1.99,83.9,72.7,56.8,137.3,10.5,Lolos
2026-04-18,Malam,BTC-260418-048,PRD-01,VF-02,Bayu,5,100.8,2.55,83.9,72.7,56.8,137.3,9.51,Lolos
2026-04-18,Malam,BTC-260418-048,PRD-01,VF-02,Bayu,6,101.1,2.49,83.9,72.7,56.8,137.3,9.12,Lolos
2026-04-18,Malam,BTC-260418-048,PRD-01,VF-02,Bayu,7,100.1,2.57,83.9,72.7,56.8,137.3,11.88,Lolos
2026-04-20,Pagi,BTC-260420-049,PRD-02,VF-01,Bayu,1,101.1,2.89,87.0,73.0,54.1,137.4,8.28,Lolos
2026-04-20,Pagi,BTC-260420-049,PRD-02,VF-01,Bayu,2,99.1,2.14,87.0,73.0,54.1,137.4,9.33,Lolos
2026-04-20,Pagi,BTC-260420-049,PRD-02,VF-01,Bayu,3,100.7,2.06,87.0,73.0,54.1,137.4,9.77,Lolos
2026-04-20,Pagi,BTC-260420-049,PRD-02,VF-01,Bayu,4,98.2,1.95,87.0,73.0,54.1,137.4,9.6,Lolos
2026-04-20,Siang,BTC-260420-050,PRD-03,VF-02,Eko,1,100.5,2.26,83.0,71.4,50.9,107.0,8.6,Lolos
2026-04-20,Siang,BTC-260420-050,PRD-03,VF-02,Eko,2,100.5,2.25,83.0,71.4,50.9,107.0,9.74,Lolos
2026-04-20,Siang,BTC-260420-050,PRD-03,VF-02,Eko,3,100.7,2.54,83.0,71.4,50.9,107.0,10.76,Lolos
2026-04-20,Siang,BTC-260420-050,PRD-03,VF-02,Eko,4,99.7,2.82,83.0,71.4,50.9,107.0,9.52,Lolos
2026-04-20,Siang,BTC-260420-050,PRD-03,VF-02,Eko,5,100.6,1.72,83.0,71.4,50.9,107.0,11.77,Lolos
2026-04-20,Siang,BTC-260420-050,PRD-03,VF-02,Eko,6,100.3,2.51,83.0,71.4,50.9,107.0,10.94,Lolos
2026-04-20,Siang,BTC-260420-050,PRD-03,VF-02,Eko,7,98.5,2.26,83.0,71.4,50.9,107.0,9.57,Lolos
2026-04-20,Malam,BTC-260420-051,PRD-01,VF-02,Bayu,1,100.4,2.66,88.1,75.0,55.1,130.1,8.35,Lolos
2026-04-20,Malam,BTC-260420-051,PRD-01,VF-02,Bayu,2,100.7,2.02,88.1,75.0,55.1,130.1,8.66,Lolos
2026-04-20,Malam,BTC-260420-051,PRD-01,VF-02,Bayu,3,101.3,2.55,88.1,75.0,55.1,130.1,9.69,Lolos
2026-04-20,Malam,BTC-260420-051,PRD-01,VF-02,Bayu,4,100.9,2.29,88.1,75.0,55.1,130.1,9.0,Lolos
2026-04-20,Malam,BTC-260420-051,PRD-01,VF-02,Bayu,5,100.3,2.48,88.1,75.0,55.1,130.1,9.81,Lolos
2026-04-20,Malam,BTC-260420-051,PRD-01,VF-02,Bayu,6,101.1,2.12,88.1,75.0,55.1,130.1,9.41,Lolos
2026-04-21,Pagi,BTC-260421-052,PRD-03,VF-03,Dewi,1,99.3,2.7,85.1,72.6,56.3,122.0,8.58,Lolos
2026-04-21,Pagi,BTC-260421-052,PRD-03,VF-03,Dewi,2,99.6,2.53,85.1,72.6,56.3,122.0,8.66,Lolos
2026-04-21,Pagi,BTC-260421-052,PRD-03,VF-03,Dewi,3,100.9,1.64,85.1,72.6,56.3,122.0,11.33,Lolos
2026-04-21,Pagi,BTC-260421-052,PRD-03,VF-03,Dewi,4,101.9,1.84,85.1,72.6,56.3,122.0,9.94,Lolos
2026-04-21,Pagi,BTC-260421-052,PRD-03,VF-03,Dewi,5,98.9,1.92,85.1,72.6,56.3,122.0,10.45,Lolos
2026-04-21,Pagi,BTC-260421-052,PRD-03,VF-03,Dewi,6,101.2,3.05,85.1,72.6,56.3,122.0,8.67,Tolak
2026-04-21,Pagi,BTC-260421-052,PRD-03,VF-03,Dewi,7,98.6,1.98,85.1,72.6,56.3,122.0,8.8,Lolos
2026-04-21,Siang,BTC-260421-053,PRD-01,VF-03,Bayu,1,98.3,2.43,84.1,64.0,52.2,120.7,8.47,Lolos
2026-04-21,Siang,BTC-260421-053,PRD-01,VF-03,Bayu,2,99.4,2.95,84.1,64.0,52.2,120.7,10.01,Lolos
2026-04-21,Siang,BTC-260421-053,PRD-01,VF-03,Bayu,3,98.0,2.65,84.1,64.0,52.2,120.7,8.96,Lolos
2026-04-21,Siang,BTC-260421-053,PRD-01,VF-03,Bayu,4,98.1,2.44,84.1,64.0,52.2,120.7,8.43,Lolos
2026-04-21,Siang,BTC-260421-053,PRD-01,VF-03,Bayu,5,98.7,2.39,84.1,64.0,52.2,120.7,10.26,Lolos
2026-04-21,Malam,BTC-260421-054,PRD-01,VF-03,Fitri,1,100.4,2.55,88.2,70.5,53.9,120.4,9.19,Lolos
2026-04-21,Malam,BTC-260421-054,PRD-01,VF-03,Fitri,2,101.6,2.4,88.2,70.5,53.9,120.4,9.38,Lolos
2026-04-21,Malam,BTC-260421-054,PRD-01,VF-03,Fitri,3,98.6,2.58,88.2,70.5,53.9,120.4,10.63,Lolos
2026-04-21,Malam,BTC-260421-054,PRD-01,VF-03,Fitri,4,98.9,3.07,88.2,70.5,53.9,120.4,10.69,Tolak
2026-04-21,Malam,BTC-260421-054,PRD-01,VF-03,Fitri,5,98.6,2.29,88.2,70.5,53.9,120.4,9.19,Lolos
2026-04-22,Pagi,BTC-260422-055,PRD-01,VF-02,Fitri,1,100.4,2.71,84.5,73.8,57.2,104.6,10.74,Lolos
2026-04-22,Pagi,BTC-260422-055,PRD-01,VF-02,Fitri,2,100.4,2.43,84.5,73.8,57.2,104.6,10.53,Lolos
2026-04-22,Siang,BTC-260422-056,PRD-02,VF-03,Eko,1,100.6,2.88,79.7,75.4,58.3,105.6,8.24,Lolos
2026-04-22,Siang,BTC-260422-056,PRD-02,VF-03,Eko,2,99.2,2.42,79.7,75.4,58.3,105.6,8.43,Lolos
2026-04-22,Siang,BTC-260422-056,PRD-02,VF-03,Eko,3,102.0,3.15,79.7,75.4,58.3,105.6,10.37,Tolak
2026-04-22,Siang,BTC-260422-056,PRD-02,VF-03,Eko,4,98.0,2.98,79.7,75.4,58.3,105.6,9.67,Lolos
2026-04-22,Siang,BTC-260422-056,PRD-02,VF-03,Eko,5,99.3,3.07,79.7,75.4,58.3,105.6,8.51,Tolak
2026-04-22,Siang,BTC-260422-056,PRD-02,VF-03,Eko,6,100.0,2.26,79.7,75.4,58.3,105.6,9.49,Lolos
2026-04-22,Siang,BTC-260422-056,PRD-02,VF-03,Eko,7,101.7,2.68,79.7,75.4,58.3,105.6,10.03,Lolos
2026-04-22,Siang,BTC-260422-056,PRD-02,VF-03,Eko,8,102.1,2.84,79.7,75.4,58.3,105.6,8.19,Lolos
2026-04-22,Malam,BTC-260422-057,PRD-01,VF-02,Hana,1,100.5,2.65,85.4,69.2,50.7,122.4,8.78,Lolos
2026-04-22,Malam,BTC-260422-057,PRD-01,VF-02,Hana,2,99.9,2.44,85.4,69.2,50.7,122.4,12.14,Lolos
2026-04-22,Malam,BTC-260422-057,PRD-01,VF-02,Hana,3,100.3,2.47,85.4,69.2,50.7,122.4,10.33,Lolos
2026-04-23,Pagi,BTC-260423-058,PRD-02,VF-02,Fitri,1,99.9,2.37,84.4,71.7,63.6,106.0,9.86,Lolos
2026-04-23,Pagi,BTC-260423-058,PRD-02,VF-02,Fitri,2,98.5,1.65,84.4,71.7,63.6,106.0,9.2,Lolos
2026-04-23,Pagi,BTC-260423-058,PRD-02,VF-02,Fitri,3,102.3,2.35,84.4,71.7,63.6,106.0,10.27,Lolos
2026-04-23,Siang,BTC-260423-059,PRD-01,VF-03,Eko,1,100.4,2.59,81.8,65.7,57.1,120.0,9.7,Lolos
2026-04-23,Siang,BTC-260423-059,PRD-01,VF-03,Eko,2,102.0,3.27,81.8,65.7,57.1,120.0,9.22,Tolak
2026-04-23,Siang,BTC-260423-059,PRD-01,VF-03,Eko,3,97.3,3.39,81.8,65.7,57.1,120.0,9.63,Tolak
2026-04-23,Siang,BTC-260423-059,PRD-01,VF-03,Eko,4,102.1,2.4,81.8,65.7,57.1,120.0,8.6,Lolos
2026-04-23,Siang,BTC-260423-059,PRD-01,VF-03,Eko,5,98.5,2.56,81.8,65.7,57.1,120.0,9.34,Lolos
2026-04-23,Malam,BTC-260423-060,PRD-02,VF-03,Bayu,1,100.0,2.48,84.4,69.2,50.5,114.6,8.55,Lolos
2026-04-23,Malam,BTC-260423-060,PRD-02,VF-03,Bayu,2,102.4,2.32,84.4,69.2,50.5,114.6,8.79,Lolos
2026-04-23,Malam,BTC-260423-060,PRD-02,VF-03,Bayu,3,99.4,3.02,84.4,69.2,50.5,114.6,8.78,Tolak
2026-04-23,Malam,BTC-260423-060,PRD-02,VF-03,Bayu,4,98.2,2.83,84.4,69.2,50.5,114.6,10.46,Lolos
2026-04-23,Malam,BTC-260423-060,PRD-02,VF-03,Bayu,5,99.8,3.06,84.4,69.2,50.5,114.6,11.29,Tolak
2026-04-23,Malam,BTC-260423-060,PRD-02,VF-03,Bayu,6,101.5,2.76,84.4,69.2,50.5,114.6,9.17,Lolos
2026-04-24,Pagi,BTC-260424-061,PRD-02,VF-01,Dewi,1,101.9,2.22,87.0,75.2,58.5,116.4,10.75,Lolos
2026-04-24,Pagi,BTC-260424-061,PRD-02,VF-01,Dewi,2,101.5,2.06,87.0,75.2,58.5,116.4,8.8,Lolos
2026-04-24,Pagi,BTC-260424-061,PRD-02,VF-01,Dewi,3,101.1,2.87,87.0,75.2,58.5,116.4,9.34,Lolos
2026-04-24,Pagi,BTC-260424-061,PRD-02,VF-01,Dewi,4,100.3,2.25,87.0,75.2,58.5,116.4,11.13,Lolos
2026-04-24,Pagi,BTC-260424-061,PRD-02,VF-01,Dewi,5,100.2,2.01,87.0,75.2,58.5,116.4,10.06,Lolos
2026-04-24,Siang,BTC-260424-062,PRD-01,VF-03,Galih,1,98.7,2.27,84.5,68.4,56.9,131.9,10.02,Lolos
2026-04-24,Siang,BTC-260424-062,PRD-01,VF-03,Galih,2,101.5,3.0,84.5,68.4,56.9,131.9,9.87,Tolak
2026-04-24,Siang,BTC-260424-062,PRD-01,VF-03,Galih,3,99.1,2.74,84.5,68.4,56.9,131.9,6.87,Lolos
2026-04-24,Siang,BTC-260424-062,PRD-01,VF-03,Galih,4,101.2,2.99,84.5,68.4,56.9,131.9,10.74,Lolos
2026-04-24,Siang,BTC-260424-062,PRD-01,VF-03,Galih,5,98.5,2.63,84.5,68.4,56.9,131.9,7.58,Lolos
2026-04-24,Siang,BTC-260424-062,PRD-01,VF-03,Galih,6,100.5,2.76,84.5,68.4,56.9,131.9,8.97,Lolos
2026-04-24,Siang,BTC-260424-062,PRD-01,VF-03,Galih,7,97.3,2.56,84.5,68.4,56.9,131.9,9.43,Lolos
2026-04-24,Siang,BTC-260424-062,PRD-01,VF-03,Galih,8,97.6,2.95,84.5,68.4,56.9,131.9,10.14,Lolos
2026-04-24,Siang,BTC-260424-062,PRD-01,VF-03,Galih,9,98.7,2.75,84.5,68.4,56.9,131.9,9.1,Lolos
2026-04-24,Malam,BTC-260424-063,PRD-02,VF-01,Bayu,1,100.2,2.33,82.3,66.7,54.0,118.4,9.23,Lolos
2026-04-24,Malam,BTC-260424-063,PRD-02,VF-01,Bayu,2,100.2,2.07,82.3,66.7,54.0,118.4,11.32,Lolos
2026-04-24,Malam,BTC-260424-063,PRD-02,VF-01,Bayu,3,99.7,2.67,82.3,66.7,54.0,118.4,9.96,Lolos
2026-04-24,Malam,BTC-260424-063,PRD-02,VF-01,Bayu,4,100.1,2.36,82.3,66.7,54.0,118.4,8.96,Lolos
2026-04-24,Malam,BTC-260424-063,PRD-02,VF-01,Bayu,5,101.7,2.65,82.3,66.7,54.0,118.4,8.48,Lolos
2026-04-24,Malam,BTC-260424-063,PRD-02,VF-01,Bayu,6,101.4,2.56,82.3,66.7,54.0,118.4,10.62,Lolos
2026-04-24,Malam,BTC-260424-063,PRD-02,VF-01,Bayu,7,99.7,2.61,82.3,66.7,54.0,118.4,9.74,Lolos
2026-04-25,Pagi,BTC-260425-064,PRD-03,VF-01,Dewi,1,99.6,2.57,82.6,67.3,53.7,93.8,9.54,Lolos
2026-04-25,Pagi,BTC-260425-064,PRD-03,VF-01,Dewi,2,100.9,2.3,82.6,67.3,53.7,93.8,8.96,Lolos
2026-04-25,Pagi,BTC-260425-064,PRD-03,VF-01,Dewi,3,99.3,2.49,82.6,67.3,53.7,93.8,9.14,Lolos
2026-04-25,Pagi,BTC-260425-064,PRD-03,VF-01,Dewi,4,100.8,2.41,82.6,67.3,53.7,93.8,9.28,Lolos
2026-04-25,Pagi,BTC-260425-064,PRD-03,VF-01,Dewi,5,100.3,2.89,82.6,67.3,53.7,93.8,10.03,Lolos
2026-04-25,Pagi,BTC-260425-064,PRD-03,VF-01,Dewi,6,101.7,2.74,82.6,67.3,53.7,93.8,11.06,Lolos
2026-04-25,Siang,BTC-260425-065,PRD-03,VF-02,Citra,1,102.0,1.75,84.7,70.6,55.5,114.0,9.78,Lolos
2026-04-25,Siang,BTC-260425-065,PRD-03,VF-02,Citra,2,100.7,2.46,84.7,70.6,55.5,114.0,10.01,Lolos
2026-04-25,Siang,BTC-260425-065,PRD-03,VF-02,Citra,3,101.4,2.42,84.7,70.6,55.5,114.0,10.24,Lolos
2026-04-25,Siang,BTC-260425-065,PRD-03,VF-02,Citra,4,98.7,1.84,84.7,70.6,55.5,114.0,9.85,Lolos
2026-04-25,Siang,BTC-260425-065,PRD-03,VF-02,Citra,5,98.9,2.62,84.7,70.6,55.5,114.0,9.92,Lolos
2026-04-25,Siang,BTC-260425-065,PRD-03,VF-02,Citra,6,98.4,2.07,84.7,70.6,55.5,114.0,8.77,Lolos
2026-04-25,Malam,BTC-260425-066,PRD-02,VF-03,Eko,1,99.5,3.18,85.6,72.3,60.0,143.4,9.19,Tolak
2026-04-25,Malam,BTC-260425-066,PRD-02,VF-03,Eko,2,101.8,2.76,85.6,72.3,60.0,143.4,11.34,Lolos
2026-04-25,Malam,BTC-260425-066,PRD-02,VF-03,Eko,3,100.1,3.04,85.6,72.3,60.0,143.4,8.71,Tolak
2026-04-25,Malam,BTC-260425-066,PRD-02,VF-03,Eko,4,100.7,2.82,85.6,72.3,60.0,143.4,8.24,Lolos
2026-04-25,Malam,BTC-260425-066,PRD-02,VF-03,Eko,5,100.7,2.65,85.6,72.3,60.0,143.4,10.14,Lolos
2026-04-25,Malam,BTC-260425-066,PRD-02,VF-03,Eko,6,100.7,3.01,85.6,72.3,60.0,143.4,9.65,Tolak
2026-04-25,Malam,BTC-260425-066,PRD-02,VF-03,Eko,7,102.7,2.43,85.6,72.3,60.0,143.4,7.03,Lolos
