kode_produk,suhu_simpan_c,hari_ke,ulangan,tanggal_uji,kadar_air_persen,kekerasan_n,bilangan_peroksida_meq_kg,warna_l,skor_hedonik_keseluruhan
PRD-01,27,0,1,2026-03-02,2.27,12.52,0.83,62.58,6.36
PRD-01,27,0,2,2026-03-02,2.14,12.25,0.93,61.33,6.25
PRD-01,27,0,3,2026-03-02,2.19,12.8,1.02,62.19,6.25
PRD-01,27,7,1,2026-03-09,2.39,11.44,1.33,60.55,6.29
PRD-01,27,7,2,2026-03-09,2.7,11.62,1.4,61.62,5.93
PRD-01,27,7,3,2026-03-09,2.46,11.43,1.31,61.15,6.51
PRD-01,27,14,1,2026-03-16,2.79,11.4,1.75,60.26,5.66
PRD-01,27,14,2,2026-03-16,2.7,11.01,1.64,59.45,5.81
PRD-01,27,14,3,2026-03-16,2.83,11.83,1.68,60.63,5.98
PRD-01,27,21,1,2026-03-23,2.96,10.66,2.33,59.24,5.6
PRD-01,27,21,2,2026-03-23,3.02,10.32,2.15,59.02,5.61
PRD-01,27,21,3,2026-03-23,3.03,10.26,2.15,59.32,5.18
PRD-01,27,28,1,2026-03-30,3.35,10.29,2.44,58.77,5.32
PRD-01,27,28,2,2026-03-30,3.57,10.06,2.72,58.88,5.72
PRD-01,27,28,3,2026-03-30,3.52,10.26,2.52,57.93,5.46
PRD-01,27,35,1,2026-04-06,3.9,9.33,2.71,58.0,4.95
PRD-01,27,35,2,2026-04-06,3.65,9.96,3.0,57.8,4.93
PRD-01,27,35,3,2026-04-06,3.67,9.9,2.92,57.49,5.1
PRD-01,27,42,1,2026-04-13,4.2,8.93,3.27,56.54,4.78
PRD-01,27,42,2,2026-04-13,4.12,8.63,3.38,55.83,4.83
PRD-01,27,42,3,2026-04-13,4.08,9.19,3.32,56.2,5.04
PRD-01,35,0,1,2026-03-02,1.97,12.49,0.87,62.05,6.19
PRD-01,35,0,2,2026-03-02,2.1,12.58,0.79,62.0,6.25
PRD-01,35,0,3,2026-03-02,2.2,12.86,0.88,62.42,6.19
PRD-01,35,7,1,2026-03-09,2.66,11.5,1.67,61.02,5.9
PRD-01,35,7,2,2026-03-09,2.68,11.38,1.49,61.29,5.7
PRD-01,35,7,3,2026-03-09,2.89,11.5,1.7,60.96,6.0
PRD-01,35,14,1,2026-03-16,3.3,10.74,2.21,59.36,5.83
PRD-01,35,14,2,2026-03-16,3.07,10.74,1.99,57.99,5.53
PRD-01,35,14,3,2026-03-16,3.16,10.93,2.35,59.21,5.59
PRD-01,35,21,1,2026-03-23,3.73,9.51,2.73,57.43,5.28
PRD-01,35,21,2,2026-03-23,3.67,9.01,2.71,57.6,5.5
PRD-01,35,21,3,2026-03-23,3.61,9.41,2.88,56.61,5.03
PRD-01,35,28,1,2026-03-30,4.22,8.75,3.76,55.82,4.77
PRD-01,35,28,2,2026-03-30,4.32,9.15,3.51,55.35,5.34
PRD-01,35,28,3,2026-03-30,4.16,8.63,3.59,56.31,5.24
PRD-01,35,35,1,2026-04-06,4.78,7.2,4.51,54.34,4.92
PRD-01,35,35,2,2026-04-06,4.75,8.27,4.33,54.53,4.57
PRD-01,35,35,3,2026-04-06,4.65,8.01,4.32,54.11,4.4
PRD-01,35,42,1,2026-04-13,5.36,6.61,5.11,52.74,4.34
PRD-01,35,42,2,2026-04-13,5.33,6.96,5.06,52.59,3.91
PRD-01,35,42,3,2026-04-13,5.57,6.75,4.99,52.17,4.07
PRD-01,45,0,1,2026-03-02,2.12,11.94,0.78,62.25,6.35
PRD-01,45,0,2,2026-03-02,2.02,12.42,0.8,62.16,6.49
PRD-01,45,0,3,2026-03-02,2.15,12.68,0.8,61.4,6.25
PRD-01,45,7,1,2026-03-09,2.96,10.6,2.12,59.33,5.97
PRD-01,45,7,2,2026-03-09,2.86,11.0,2.21,59.29,5.71
PRD-01,45,7,3,2026-03-09,2.92,10.94,2.01,58.61,5.5
PRD-01,45,14,1,2026-03-16,4.04,9.01,3.32,57.54,4.99
PRD-01,45,14,2,2026-03-16,3.84,9.02,3.07,56.95,4.64
PRD-01,45,14,3,2026-03-16,4.05,9.05,3.29,56.31,5.27
PRD-01,45,21,1,2026-03-23,4.94,7.73,4.57,55.32,4.53
PRD-01,45,21,2,2026-03-23,4.73,7.42,4.32,55.2,4.57
PRD-01,45,21,3,2026-03-23,4.67,7.12,4.47,54.69,4.63
PRD-01,45,28,1,2026-03-30,5.77,6.66,5.49,52.32,3.7
PRD-01,45,28,2,2026-03-30,5.75,6.14,5.56,52.17,4.16
PRD-01,45,28,3,2026-03-30,5.92,6.59,5.62,52.53,4.27
PRD-01,45,35,1,2026-04-06,6.68,4.69,6.85,49.39,3.87
PRD-01,45,35,2,2026-04-06,6.64,4.46,6.66,49.74,3.15
PRD-01,45,35,3,2026-04-06,6.72,4.86,6.71,50.58,3.11
PRD-01,45,42,1,2026-04-13,7.65,2.86,7.9,47.3,2.23
PRD-01,45,42,2,2026-04-13,7.6,3.16,7.73,46.02,2.69
PRD-01,45,42,3,2026-04-13,7.39,1.72,7.85,46.91,2.85
