no_sampel,kode_batch,kadar_air_persen
1,BTC-260415-001,2.9
2,BTC-260415-001,2.49
3,BTC-260415-001,2.45
4,BTC-260415-001,2.47
5,BTC-260415-001,2.74
6,BTC-260415-001,1.82
7,BTC-260415-001,1.8
8,BTC-260415-001,2.71
9,BTC-260415-001,2.38
10,BTC-260415-001,3.03
11,BTC-260415-001,2.08
12,BTC-260415-001,2.0
13,BTC-260415-001,2.1
14,BTC-260415-001,2.84
15,BTC-260415-001,3.0
16,BTC-260415-001,2.55
17,BTC-260415-001,2.72
18,BTC-260415-001,2.71
19,BTC-260415-001,2.04
20,BTC-260415-001,1.98
21,BTC-260415-001,1.8
22,BTC-260415-001,2.31
23,BTC-260415-001,2.92
24,BTC-260415-001,1.64
25,BTC-260415-001,2.45
26,BTC-260415-002,2.32
27,BTC-260415-002,1.87
28,BTC-260415-002,3.09
29,BTC-260415-002,1.65
30,BTC-260415-002,2.44
31,BTC-260415-002,2.81
32,BTC-260415-002,2.65
33,BTC-260415-002,1.69
34,BTC-260415-002,1.82
35,BTC-260415-002,3.06
36,BTC-260415-002,1.83
37,BTC-260415-002,2.13
38,BTC-260415-002,2.41
39,BTC-260415-002,2.54
40,BTC-260415-002,2.13
41,BTC-260415-002,2.45
42,BTC-260415-002,1.67
43,BTC-260415-002,2.43
44,BTC-260415-002,2.73
45,BTC-260415-002,2.52
46,BTC-260415-002,2.29
47,BTC-260415-002,2.53
48,BTC-260415-002,1.96
49,BTC-260415-002,2.75
50,BTC-260415-002,1.61
