kode_batch,kode_produk,kode_pemasok,tanggal_produksi,shift,bahan_baku_kg,produk_jadi_kg,rendemen_persen,supervisor
BTC-20260105-0001,PRD-08,SUP-08,2026-01-05,Malam,171.7,29.5,17.18,Drs. Hartono
BTC-20260105-0002,PRD-02,SUP-02,2026-01-05,Malam,157.0,15.33,9.76,Rizal S.TP.
BTC-20260105-0003,PRD-01,SUP-01,2026-01-05,Siang,140.3,13.78,9.82,Widya S.TP.
BTC-20260105-0004,PRD-04,SUP-04,2026-01-05,Siang,99.1,23.91,24.13,Ir. Nuraini
BTC-20260106-0005,PRD-03,SUP-03,2026-01-06,Pagi,212.6,17.62,8.29,Ir. Nuraini
BTC-20260106-0006,PRD-02,SUP-02,2026-01-06,Malam,159.4,15.12,9.49,Ir. Nuraini
BTC-20260106-0007,PRD-06,SUP-06,2026-01-06,Malam,148.3,96.62,65.15,Ir. Nuraini
BTC-20260106-0008,PRD-07,SUP-07,2026-01-06,Malam,167.2,83.2,49.76,Rizal S.TP.
BTC-20260107-0009,PRD-04,SUP-04,2026-01-07,Malam,182.1,49.87,27.39,Rizal S.TP.
BTC-20260107-0010,PRD-01,SUP-01,2026-01-07,Pagi,134.8,13.61,10.1,Drs. Hartono
BTC-20260108-0011,PRD-06,SUP-06,2026-01-08,Pagi,131.9,81.36,61.68,Drs. Hartono
BTC-20260108-0012,PRD-05,SUP-05,2026-01-08,Pagi,164.2,42.26,25.74,Drs. Hartono
BTC-20260108-0013,PRD-02,SUP-02,2026-01-08,Malam,151.9,13.25,8.72,Rizal S.TP.
BTC-20260108-0014,PRD-06,SUP-06,2026-01-08,Pagi,122.5,73.85,60.29,Rizal S.TP.
BTC-20260109-0015,PRD-04,SUP-04,2026-01-09,Siang,131.5,36.72,27.92,Ir. Nuraini
BTC-20260109-0016,PRD-06,SUP-06,2026-01-09,Siang,165.1,110.72,67.06,Ir. Nuraini
BTC-20260109-0017,PRD-06,SUP-06,2026-01-09,Pagi,196.1,111.66,56.94,Ir. Nuraini
BTC-20260109-0018,PRD-01,SUP-01,2026-01-09,Siang,144.1,14.02,9.73,Drs. Hartono
BTC-20260110-0019,PRD-01,SUP-01,2026-01-10,Pagi,183.8,18.25,9.93,Widya S.TP.
BTC-20260110-0020,PRD-02,SUP-02,2026-01-10,Siang,145.6,12.16,8.35,Rizal S.TP.
BTC-20260112-0021,PRD-02,SUP-02,2026-01-12,Malam,124.5,10.66,8.56,Drs. Hartono
BTC-20260112-0022,PRD-06,SUP-06,2026-01-12,Malam,162.5,102.56,63.11,Widya S.TP.
BTC-20260112-0023,PRD-07,SUP-07,2026-01-12,Pagi,204.4,114.58,56.06,Widya S.TP.
BTC-20260112-0024,PRD-06,SUP-06,2026-01-12,Pagi,177.0,114.95,64.94,Ir. Nuraini
BTC-20260113-0025,PRD-08,SUP-08,2026-01-13,Siang,94.2,17.41,18.48,Widya S.TP.
BTC-20260113-0026,PRD-06,SUP-06,2026-01-13,Pagi,168.6,101.15,59.99,Ir. Nuraini
BTC-20260114-0027,PRD-02,SUP-02,2026-01-14,Pagi,92.0,8.74,9.5,Ir. Nuraini
BTC-20260114-0028,PRD-04,SUP-04,2026-01-14,Siang,154.2,40.9,26.52,Rizal S.TP.
BTC-20260114-0029,PRD-06,SUP-06,2026-01-14,Siang,137.7,83.09,60.34,Drs. Hartono
BTC-20260115-0030,PRD-01,SUP-01,2026-01-15,Pagi,131.8,11.55,8.76,Rizal S.TP.
BTC-20260115-0031,PRD-04,SUP-04,2026-01-15,Siang,130.1,32.93,25.31,Drs. Hartono
BTC-20260116-0032,PRD-06,SUP-06,2026-01-16,Pagi,201.3,117.21,58.23,Rizal S.TP.
BTC-20260116-0033,PRD-08,SUP-08,2026-01-16,Pagi,140.6,25.28,17.98,Drs. Hartono
BTC-20260116-0034,PRD-05,SUP-05,2026-01-16,Malam,192.7,50.77,26.35,Rizal S.TP.
BTC-20260116-0035,PRD-02,SUP-02,2026-01-16,Pagi,169.7,13.94,8.21,Drs. Hartono
BTC-20260117-0036,PRD-04,SUP-04,2026-01-17,Pagi,129.2,33.6,26.01,Ir. Nuraini
BTC-20260117-0037,PRD-03,SUP-03,2026-01-17,Siang,136.0,11.6,8.53,Ir. Nuraini
BTC-20260117-0038,PRD-08,SUP-08,2026-01-17,Siang,128.0,21.76,17.0,Widya S.TP.
BTC-20260119-0039,PRD-07,SUP-07,2026-01-19,Siang,182.7,113.1,61.9,Ir. Nuraini
BTC-20260119-0040,PRD-01,SUP-01,2026-01-19,Pagi,189.3,17.83,9.42,Ir. Nuraini
BTC-20260120-0041,PRD-07,SUP-07,2026-01-20,Malam,157.9,85.84,54.36,Widya S.TP.
BTC-20260120-0042,PRD-08,SUP-08,2026-01-20,Siang,123.2,23.38,18.98,Drs. Hartono
BTC-20260120-0043,PRD-03,SUP-03,2026-01-20,Malam,142.8,10.99,7.7,Ir. Nuraini
BTC-20260120-0044,PRD-01,SUP-01,2026-01-20,Siang,141.7,12.17,8.59,Widya S.TP.
BTC-20260121-0045,PRD-07,SUP-07,2026-01-21,Malam,128.6,66.7,51.87,Ir. Nuraini
BTC-20260121-0046,PRD-04,SUP-04,2026-01-21,Siang,146.5,39.49,26.96,Drs. Hartono
BTC-20260122-0047,PRD-04,SUP-04,2026-01-22,Malam,141.9,37.88,26.69,Ir. Nuraini
BTC-20260122-0048,PRD-03,SUP-03,2026-01-22,Pagi,120.1,10.3,8.58,Widya S.TP.
BTC-20260122-0049,PRD-06,SUP-06,2026-01-22,Malam,132.1,78.2,59.2,Rizal S.TP.
BTC-20260123-0050,PRD-02,SUP-02,2026-01-23,Pagi,193.2,16.65,8.62,Drs. Hartono
BTC-20260123-0051,PRD-02,SUP-02,2026-01-23,Pagi,152.7,14.59,9.55,Rizal S.TP.
BTC-20260123-0052,PRD-05,SUP-05,2026-01-23,Malam,178.1,41.47,23.28,Ir. Nuraini
BTC-20260124-0053,PRD-06,SUP-06,2026-01-24,Siang,166.4,111.45,66.98,Widya S.TP.
BTC-20260124-0054,PRD-02,SUP-02,2026-01-24,Malam,189.5,18.97,10.01,Drs. Hartono
BTC-20260124-0055,PRD-04,SUP-04,2026-01-24,Malam,140.0,41.71,29.79,Ir. Nuraini
BTC-20260124-0056,PRD-04,SUP-04,2026-01-24,Pagi,151.3,33.58,22.19,Widya S.TP.
BTC-20260126-0057,PRD-04,SUP-04,2026-01-26,Pagi,135.0,35.53,26.32,Drs. Hartono
BTC-20260126-0058,PRD-04,SUP-04,2026-01-26,Malam,123.4,32.97,26.72,Drs. Hartono
BTC-20260126-0059,PRD-08,SUP-08,2026-01-26,Malam,140.7,22.91,16.28,Widya S.TP.
BTC-20260127-0060,PRD-07,SUP-07,2026-01-27,Siang,145.1,72.69,50.1,Ir. Nuraini
BTC-20260127-0061,PRD-08,SUP-08,2026-01-27,Siang,120.7,21.21,17.57,Rizal S.TP.
BTC-20260127-0062,PRD-01,SUP-01,2026-01-27,Pagi,142.2,14.86,10.45,Rizal S.TP.
BTC-20260128-0063,PRD-08,SUP-08,2026-01-28,Pagi,153.7,30.13,19.6,Rizal S.TP.
BTC-20260128-0064,PRD-02,SUP-02,2026-01-28,Malam,143.5,13.31,9.28,Drs. Hartono
BTC-20260129-0065,PRD-01,SUP-01,2026-01-29,Siang,172.7,14.07,8.15,Ir. Nuraini
BTC-20260129-0066,PRD-01,SUP-01,2026-01-29,Pagi,144.6,14.74,10.19,Widya S.TP.
BTC-20260129-0067,PRD-01,SUP-01,2026-01-29,Malam,165.9,15.9,9.58,Drs. Hartono
BTC-20260129-0068,PRD-03,SUP-03,2026-01-29,Pagi,148.8,13.61,9.15,Drs. Hartono
BTC-20260130-0069,PRD-08,SUP-08,2026-01-30,Malam,120.4,19.66,16.33,Rizal S.TP.
BTC-20260130-0070,PRD-02,SUP-02,2026-01-30,Pagi,156.2,15.07,9.65,Widya S.TP.
BTC-20260130-0071,PRD-04,SUP-04,2026-01-30,Pagi,158.6,45.5,28.69,Widya S.TP.
BTC-20260130-0072,PRD-03,SUP-03,2026-01-30,Pagi,185.4,15.53,8.38,Widya S.TP.
BTC-20260131-0073,PRD-03,SUP-03,2026-01-31,Siang,139.7,11.75,8.41,Ir. Nuraini
BTC-20260131-0074,PRD-04,SUP-04,2026-01-31,Pagi,134.0,38.82,28.97,Widya S.TP.
BTC-20260131-0075,PRD-07,SUP-07,2026-01-31,Siang,145.1,77.37,53.32,Ir. Nuraini
BTC-20260202-0076,PRD-05,SUP-05,2026-02-02,Siang,168.3,38.16,22.67,Widya S.TP.
BTC-20260202-0077,PRD-02,SUP-02,2026-02-02,Malam,149.8,14.77,9.86,Widya S.TP.
BTC-20260203-0078,PRD-05,SUP-05,2026-02-03,Pagi,134.2,32.27,24.05,Widya S.TP.
BTC-20260203-0079,PRD-02,SUP-02,2026-02-03,Malam,149.1,13.92,9.34,Widya S.TP.
BTC-20260204-0080,PRD-04,SUP-04,2026-02-04,Malam,143.2,37.28,26.03,Drs. Hartono
BTC-20260204-0081,PRD-06,SUP-06,2026-02-04,Siang,113.4,75.42,66.51,Widya S.TP.
BTC-20260204-0082,PRD-07,SUP-07,2026-02-04,Siang,144.4,77.57,53.72,Widya S.TP.
BTC-20260205-0083,PRD-08,SUP-08,2026-02-05,Pagi,164.8,31.46,19.09,Drs. Hartono
BTC-20260205-0084,PRD-06,SUP-06,2026-02-05,Pagi,129.0,72.57,56.26,Drs. Hartono
BTC-20260205-0085,PRD-01,SUP-01,2026-02-05,Malam,155.4,14.01,9.02,Ir. Nuraini
BTC-20260206-0086,PRD-03,SUP-03,2026-02-06,Pagi,134.5,12.17,9.05,Ir. Nuraini
BTC-20260206-0087,PRD-04,SUP-04,2026-02-06,Pagi,84.6,21.82,25.79,Rizal S.TP.
BTC-20260206-0088,PRD-06,SUP-06,2026-02-06,Pagi,168.7,107.14,63.51,Rizal S.TP.
BTC-20260206-0089,PRD-02,SUP-02,2026-02-06,Malam,136.5,13.3,9.74,Ir. Nuraini
BTC-20260207-0090,PRD-02,SUP-02,2026-02-07,Malam,132.9,12.04,9.06,Widya S.TP.
BTC-20260207-0091,PRD-03,SUP-03,2026-02-07,Pagi,163.9,14.51,8.85,Drs. Hartono
BTC-20260207-0092,PRD-04,SUP-04,2026-02-07,Siang,177.6,46.97,26.45,Drs. Hartono
BTC-20260207-0093,PRD-02,SUP-02,2026-02-07,Malam,145.6,13.6,9.34,Ir. Nuraini
BTC-20260209-0094,PRD-05,SUP-05,2026-02-09,Pagi,159.0,41.55,26.13,Drs. Hartono
BTC-20260209-0095,PRD-06,SUP-06,2026-02-09,Siang,131.2,76.31,58.16,Rizal S.TP.
BTC-20260210-0096,PRD-06,SUP-06,2026-02-10,Malam,171.4,100.92,58.88,Ir. Nuraini
BTC-20260210-0097,PRD-08,SUP-08,2026-02-10,Pagi,157.7,26.88,17.05,Widya S.TP.
BTC-20260210-0098,PRD-06,SUP-06,2026-02-10,Malam,163.2,105.61,64.71,Widya S.TP.
BTC-20260211-0099,PRD-02,SUP-02,2026-02-11,Pagi,197.5,16.85,8.53,Drs. Hartono
BTC-20260211-0100,PRD-06,SUP-06,2026-02-11,Pagi,154.2,89.83,58.26,Rizal S.TP.
BTC-20260212-0101,PRD-04,SUP-04,2026-02-12,Malam,213.5,60.32,28.25,Ir. Nuraini
BTC-20260212-0102,PRD-01,SUP-01,2026-02-12,Pagi,78.4,7.74,9.87,Rizal S.TP.
BTC-20260212-0103,PRD-06,SUP-06,2026-02-12,Pagi,123.5,87.35,70.73,Drs. Hartono
BTC-20260212-0104,PRD-01,SUP-01,2026-02-12,Pagi,175.6,16.22,9.24,Drs. Hartono
BTC-20260213-0105,PRD-03,SUP-03,2026-02-13,Malam,135.0,11.88,8.8,Widya S.TP.
BTC-20260213-0106,PRD-07,SUP-07,2026-02-13,Malam,202.2,115.81,57.27,Widya S.TP.
BTC-20260213-0107,PRD-04,SUP-04,2026-02-13,Malam,104.9,27.23,25.96,Drs. Hartono
BTC-20260214-0108,PRD-06,SUP-06,2026-02-14,Malam,107.3,68.74,64.06,Widya S.TP.
BTC-20260214-0109,PRD-07,SUP-07,2026-02-14,Pagi,191.5,113.06,59.04,Drs. Hartono
BTC-20260214-0110,PRD-05,SUP-05,2026-02-14,Pagi,176.8,46.85,26.5,Rizal S.TP.
BTC-20260216-0111,PRD-06,SUP-06,2026-02-16,Malam,172.5,110.55,64.09,Ir. Nuraini
BTC-20260216-0112,PRD-08,SUP-08,2026-02-16,Malam,168.7,35.46,21.02,Ir. Nuraini
BTC-20260217-0113,PRD-04,SUP-04,2026-02-17,Siang,97.4,25.2,25.87,Drs. Hartono
BTC-20260217-0114,PRD-06,SUP-06,2026-02-17,Siang,135.2,96.42,71.32,Ir. Nuraini
BTC-20260218-0115,PRD-06,SUP-06,2026-02-18,Siang,100.2,67.21,67.08,Rizal S.TP.
BTC-20260218-0116,PRD-01,SUP-01,2026-02-18,Malam,129.3,14.27,11.04,Rizal S.TP.
BTC-20260218-0117,PRD-04,SUP-04,2026-02-18,Siang,138.3,36.74,26.57,Widya S.TP.
BTC-20260219-0118,PRD-04,SUP-04,2026-02-19,Pagi,114.1,28.9,25.33,Ir. Nuraini
BTC-20260219-0119,PRD-03,SUP-03,2026-02-19,Malam,151.9,12.68,8.35,Ir. Nuraini
BTC-20260219-0120,PRD-01,SUP-01,2026-02-19,Malam,118.9,11.55,9.71,Rizal S.TP.
BTC-20260220-0121,PRD-08,SUP-08,2026-02-20,Malam,133.9,22.58,16.86,Ir. Nuraini
BTC-20260220-0122,PRD-06,SUP-06,2026-02-20,Siang,207.0,137.95,66.64,Widya S.TP.
BTC-20260220-0123,PRD-01,SUP-01,2026-02-20,Malam,104.6,9.54,9.12,Drs. Hartono
BTC-20260221-0124,PRD-01,SUP-01,2026-02-21,Pagi,227.9,23.75,10.42,Drs. Hartono
BTC-20260221-0125,PRD-08,SUP-08,2026-02-21,Siang,160.8,31.38,19.51,Rizal S.TP.
BTC-20260221-0126,PRD-06,SUP-06,2026-02-21,Malam,157.7,89.97,57.05,Ir. Nuraini
BTC-20260221-0127,PRD-02,SUP-02,2026-02-21,Malam,138.1,14.26,10.33,Drs. Hartono
BTC-20260223-0128,PRD-08,SUP-08,2026-02-23,Pagi,108.5,19.97,18.41,Ir. Nuraini
BTC-20260223-0129,PRD-01,SUP-01,2026-02-23,Siang,186.7,18.02,9.65,Rizal S.TP.
BTC-20260223-0130,PRD-08,SUP-08,2026-02-23,Malam,162.7,30.85,18.96,Widya S.TP.
BTC-20260224-0131,PRD-01,SUP-01,2026-02-24,Malam,179.8,16.38,9.11,Drs. Hartono
BTC-20260224-0132,PRD-03,SUP-03,2026-02-24,Siang,96.3,7.86,8.16,Ir. Nuraini
BTC-20260224-0133,PRD-07,SUP-07,2026-02-24,Pagi,172.9,95.62,55.3,Widya S.TP.
BTC-20260225-0134,PRD-03,SUP-03,2026-02-25,Pagi,116.7,10.27,8.8,Widya S.TP.
BTC-20260225-0135,PRD-06,SUP-06,2026-02-25,Siang,101.9,63.75,62.56,Rizal S.TP.
BTC-20260226-0136,PRD-03,SUP-03,2026-02-26,Siang,179.3,16.85,9.4,Ir. Nuraini
BTC-20260226-0137,PRD-05,SUP-05,2026-02-26,Siang,167.7,40.87,24.37,Drs. Hartono
BTC-20260227-0138,PRD-02,SUP-02,2026-02-27,Pagi,164.4,14.18,8.63,Drs. Hartono
BTC-20260227-0139,PRD-05,SUP-05,2026-02-27,Pagi,108.7,26.52,24.4,Widya S.TP.
BTC-20260227-0140,PRD-08,SUP-08,2026-02-27,Siang,191.2,35.84,18.74,Widya S.TP.
BTC-20260227-0141,PRD-04,SUP-04,2026-02-27,Pagi,131.9,38.27,29.01,Rizal S.TP.
BTC-20260228-0142,PRD-01,SUP-01,2026-02-28,Pagi,188.4,19.42,10.31,Ir. Nuraini
BTC-20260228-0143,PRD-05,SUP-05,2026-02-28,Malam,148.2,31.89,21.52,Drs. Hartono
BTC-20260228-0144,PRD-08,SUP-08,2026-02-28,Pagi,124.0,21.71,17.51,Ir. Nuraini
BTC-20260228-0145,PRD-05,SUP-05,2026-02-28,Siang,114.7,30.18,26.31,Ir. Nuraini
BTC-20260302-0146,PRD-01,SUP-01,2026-03-02,Siang,134.5,13.24,9.84,Drs. Hartono
BTC-20260302-0147,PRD-04,SUP-04,2026-03-02,Malam,159.1,44.14,27.74,Drs. Hartono
BTC-20260302-0148,PRD-01,SUP-01,2026-03-02,Siang,154.3,13.75,8.91,Widya S.TP.
BTC-20260303-0149,PRD-02,SUP-02,2026-03-03,Siang,122.4,12.66,10.34,Widya S.TP.
BTC-20260303-0150,PRD-02,SUP-02,2026-03-03,Pagi,114.8,10.43,9.09,Widya S.TP.
BTC-20260303-0151,PRD-06,SUP-06,2026-03-03,Malam,152.4,98.27,64.48,Ir. Nuraini
BTC-20260304-0152,PRD-03,SUP-03,2026-03-04,Siang,96.5,9.35,9.69,Rizal S.TP.
BTC-20260304-0153,PRD-05,SUP-05,2026-03-04,Pagi,187.2,42.6,22.76,Widya S.TP.
BTC-20260304-0154,PRD-04,SUP-04,2026-03-04,Siang,114.1,28.05,24.58,Rizal S.TP.
BTC-20260304-0155,PRD-02,SUP-02,2026-03-04,Siang,141.5,13.58,9.6,Ir. Nuraini
BTC-20260305-0156,PRD-07,SUP-07,2026-03-05,Malam,153.0,88.06,57.56,Drs. Hartono
BTC-20260305-0157,PRD-08,SUP-08,2026-03-05,Malam,199.5,34.43,17.26,Rizal S.TP.
BTC-20260305-0158,PRD-06,SUP-06,2026-03-05,Malam,187.2,123.56,66.0,Widya S.TP.
BTC-20260306-0159,PRD-02,SUP-02,2026-03-06,Malam,143.1,13.08,9.14,Widya S.TP.
BTC-20260306-0160,PRD-05,SUP-05,2026-03-06,Pagi,146.3,34.1,23.31,Widya S.TP.
BTC-20260306-0161,PRD-01,SUP-01,2026-03-06,Pagi,107.8,11.82,10.96,Ir. Nuraini
BTC-20260307-0162,PRD-02,SUP-02,2026-03-07,Pagi,187.6,16.29,8.68,Ir. Nuraini
BTC-20260307-0163,PRD-04,SUP-04,2026-03-07,Siang,195.4,52.21,26.72,Widya S.TP.
BTC-20260307-0164,PRD-04,SUP-04,2026-03-07,Siang,115.5,27.45,23.77,Drs. Hartono
BTC-20260309-0165,PRD-03,SUP-03,2026-03-09,Malam,174.5,15.83,9.07,Widya S.TP.
BTC-20260309-0166,PRD-08,SUP-08,2026-03-09,Siang,131.8,23.69,17.97,Drs. Hartono
BTC-20260310-0167,PRD-04,SUP-04,2026-03-10,Malam,165.3,46.45,28.1,Drs. Hartono
BTC-20260310-0168,PRD-01,SUP-01,2026-03-10,Malam,127.9,12.67,9.91,Widya S.TP.
BTC-20260310-0169,PRD-03,SUP-03,2026-03-10,Siang,189.4,14.16,7.48,Widya S.TP.
BTC-20260310-0170,PRD-06,SUP-06,2026-03-10,Malam,178.6,111.82,62.61,Drs. Hartono
BTC-20260311-0171,PRD-04,SUP-04,2026-03-11,Siang,133.6,38.09,28.51,Ir. Nuraini
BTC-20260311-0172,PRD-01,SUP-01,2026-03-11,Siang,118.6,12.28,10.35,Ir. Nuraini
BTC-20260311-0173,PRD-08,SUP-08,2026-03-11,Siang,133.5,24.41,18.28,Widya S.TP.
BTC-20260312-0174,PRD-07,SUP-07,2026-03-12,Pagi,114.1,64.38,56.42,Rizal S.TP.
BTC-20260312-0175,PRD-06,SUP-06,2026-03-12,Malam,137.2,85.12,62.04,Rizal S.TP.
BTC-20260312-0176,PRD-08,SUP-08,2026-03-12,Pagi,140.1,28.8,20.56,Ir. Nuraini
BTC-20260312-0177,PRD-06,SUP-06,2026-03-12,Siang,135.6,92.32,68.08,Drs. Hartono
BTC-20260313-0178,PRD-02,SUP-02,2026-03-13,Pagi,157.4,13.35,8.48,Drs. Hartono
BTC-20260313-0179,PRD-06,SUP-06,2026-03-13,Siang,137.2,91.92,67.0,Rizal S.TP.
BTC-20260314-0180,PRD-02,SUP-02,2026-03-14,Siang,160.0,15.43,9.64,Widya S.TP.
BTC-20260314-0181,PRD-03,SUP-03,2026-03-14,Malam,132.1,11.08,8.39,Ir. Nuraini
BTC-20260314-0182,PRD-01,SUP-01,2026-03-14,Malam,133.2,13.99,10.5,Widya S.TP.
BTC-20260314-0183,PRD-04,SUP-04,2026-03-14,Siang,102.6,26.62,25.95,Ir. Nuraini
BTC-20260316-0184,PRD-03,SUP-03,2026-03-16,Malam,150.2,12.98,8.64,Widya S.TP.
BTC-20260316-0185,PRD-06,SUP-06,2026-03-16,Malam,189.9,112.43,59.2,Ir. Nuraini
BTC-20260316-0186,PRD-06,SUP-06,2026-03-16,Siang,165.1,103.77,62.85,Ir. Nuraini
BTC-20260317-0187,PRD-07,SUP-07,2026-03-17,Malam,138.4,73.3,52.96,Drs. Hartono
BTC-20260317-0188,PRD-04,SUP-04,2026-03-17,Siang,148.0,48.02,32.45,Ir. Nuraini
BTC-20260318-0189,PRD-08,SUP-08,2026-03-18,Pagi,140.8,29.68,21.08,Rizal S.TP.
BTC-20260318-0190,PRD-08,SUP-08,2026-03-18,Siang,119.9,19.86,16.56,Widya S.TP.
BTC-20260319-0191,PRD-08,SUP-08,2026-03-19,Siang,142.4,27.06,19.0,Widya S.TP.
BTC-20260319-0192,PRD-03,SUP-03,2026-03-19,Malam,152.0,12.93,8.51,Ir. Nuraini
BTC-20260319-0193,PRD-08,SUP-08,2026-03-19,Malam,158.7,25.38,15.99,Drs. Hartono
BTC-20260320-0194,PRD-06,SUP-06,2026-03-20,Siang,148.1,98.44,66.47,Rizal S.TP.
BTC-20260320-0195,PRD-06,SUP-06,2026-03-20,Malam,152.7,91.38,59.84,Rizal S.TP.
BTC-20260320-0196,PRD-07,SUP-07,2026-03-20,Pagi,149.2,80.25,53.79,Rizal S.TP.
BTC-20260320-0197,PRD-08,SUP-08,2026-03-20,Siang,129.3,21.23,16.42,Drs. Hartono
BTC-20260321-0198,PRD-08,SUP-08,2026-03-21,Malam,170.6,31.91,18.7,Ir. Nuraini
BTC-20260321-0199,PRD-08,SUP-08,2026-03-21,Siang,115.8,21.75,18.78,Rizal S.TP.
BTC-20260321-0200,PRD-04,SUP-04,2026-03-21,Malam,141.0,43.48,30.84,Ir. Nuraini
BTC-20260323-0201,PRD-07,SUP-07,2026-03-23,Siang,181.7,100.24,55.17,Rizal S.TP.
BTC-20260323-0202,PRD-02,SUP-02,2026-03-23,Siang,155.0,14.12,9.11,Widya S.TP.
BTC-20260323-0203,PRD-04,SUP-04,2026-03-23,Siang,194.8,55.32,28.4,Drs. Hartono
BTC-20260324-0204,PRD-03,SUP-03,2026-03-24,Malam,129.4,10.65,8.23,Widya S.TP.
BTC-20260324-0205,PRD-08,SUP-08,2026-03-24,Siang,122.5,20.23,16.51,Drs. Hartono
BTC-20260324-0206,PRD-01,SUP-01,2026-03-24,Malam,166.4,16.73,10.05,Drs. Hartono
BTC-20260324-0207,PRD-01,SUP-01,2026-03-24,Malam,177.2,17.6,9.93,Ir. Nuraini
BTC-20260325-0208,PRD-06,SUP-06,2026-03-25,Pagi,135.0,89.98,66.65,Rizal S.TP.
BTC-20260325-0209,PRD-04,SUP-04,2026-03-25,Pagi,156.8,43.55,27.77,Drs. Hartono
BTC-20260325-0210,PRD-06,SUP-06,2026-03-25,Siang,181.9,128.48,70.63,Rizal S.TP.
BTC-20260326-0211,PRD-04,SUP-04,2026-03-26,Malam,114.5,30.23,26.4,Widya S.TP.
BTC-20260326-0212,PRD-04,SUP-04,2026-03-26,Siang,134.9,33.91,25.14,Ir. Nuraini
BTC-20260326-0213,PRD-08,SUP-08,2026-03-26,Siang,174.5,32.06,18.37,Widya S.TP.
BTC-20260327-0214,PRD-03,SUP-03,2026-03-27,Malam,109.0,8.03,7.37,Rizal S.TP.
BTC-20260327-0215,PRD-01,SUP-01,2026-03-27,Siang,161.4,16.74,10.37,Drs. Hartono
BTC-20260327-0216,PRD-08,SUP-08,2026-03-27,Pagi,142.1,26.15,18.4,Ir. Nuraini
BTC-20260328-0217,PRD-01,SUP-01,2026-03-28,Malam,125.6,12.97,10.33,Widya S.TP.
BTC-20260328-0218,PRD-05,SUP-05,2026-03-28,Siang,134.1,31.95,23.83,Rizal S.TP.
BTC-20260328-0219,PRD-08,SUP-08,2026-03-28,Malam,128.3,24.0,18.71,Rizal S.TP.
BTC-20260330-0220,PRD-04,SUP-04,2026-03-30,Siang,113.7,24.0,21.11,Ir. Nuraini
BTC-20260330-0221,PRD-02,SUP-02,2026-03-30,Pagi,214.9,19.61,9.13,Drs. Hartono
BTC-20260331-0222,PRD-02,SUP-02,2026-03-31,Pagi,122.6,11.54,9.41,Rizal S.TP.
BTC-20260331-0223,PRD-06,SUP-06,2026-03-31,Siang,127.3,70.23,55.17,Ir. Nuraini
BTC-20260401-0224,PRD-02,SUP-02,2026-04-01,Pagi,164.3,14.87,9.05,Ir. Nuraini
BTC-20260401-0225,PRD-02,SUP-02,2026-04-01,Malam,173.9,16.06,9.24,Ir. Nuraini
BTC-20260401-0226,PRD-02,SUP-02,2026-04-01,Siang,212.5,20.77,9.77,Drs. Hartono
BTC-20260402-0227,PRD-07,SUP-07,2026-04-02,Siang,175.3,89.17,50.87,Rizal S.TP.
BTC-20260402-0228,PRD-02,SUP-02,2026-04-02,Pagi,206.3,18.82,9.12,Ir. Nuraini
BTC-20260402-0229,PRD-01,SUP-01,2026-04-02,Malam,160.5,13.26,8.26,Ir. Nuraini
BTC-20260403-0230,PRD-01,SUP-01,2026-04-03,Pagi,172.8,17.03,9.86,Drs. Hartono
BTC-20260403-0231,PRD-06,SUP-06,2026-04-03,Siang,159.5,90.7,56.87,Ir. Nuraini
BTC-20260404-0232,PRD-06,SUP-06,2026-04-04,Malam,115.5,74.58,64.57,Widya S.TP.
BTC-20260404-0233,PRD-01,SUP-01,2026-04-04,Malam,105.3,10.82,10.28,Drs. Hartono
BTC-20260404-0234,PRD-01,SUP-01,2026-04-04,Malam,109.3,10.02,9.17,Ir. Nuraini
BTC-20260406-0235,PRD-01,SUP-01,2026-04-06,Malam,130.2,11.72,9.0,Drs. Hartono
BTC-20260406-0236,PRD-04,SUP-04,2026-04-06,Malam,159.8,43.07,26.95,Widya S.TP.
BTC-20260406-0237,PRD-01,SUP-01,2026-04-06,Pagi,102.9,9.58,9.31,Drs. Hartono
BTC-20260406-0238,PRD-08,SUP-08,2026-04-06,Pagi,156.6,26.25,16.76,Drs. Hartono
BTC-20260407-0239,PRD-01,SUP-01,2026-04-07,Pagi,149.8,14.43,9.63,Rizal S.TP.
BTC-20260407-0240,PRD-04,SUP-04,2026-04-07,Malam,175.1,43.26,24.71,Ir. Nuraini
BTC-20260408-0241,PRD-02,SUP-02,2026-04-08,Siang,90.9,8.67,9.54,Drs. Hartono
BTC-20260408-0242,PRD-02,SUP-02,2026-04-08,Siang,158.7,16.31,10.28,Rizal S.TP.
BTC-20260408-0243,PRD-03,SUP-03,2026-04-08,Siang,158.3,14.09,8.9,Widya S.TP.
BTC-20260409-0244,PRD-02,SUP-02,2026-04-09,Siang,166.5,15.09,9.06,Rizal S.TP.
BTC-20260409-0245,PRD-07,SUP-07,2026-04-09,Malam,145.6,77.17,53.0,Rizal S.TP.
BTC-20260409-0246,PRD-03,SUP-03,2026-04-09,Pagi,152.8,14.0,9.16,Ir. Nuraini
BTC-20260409-0247,PRD-05,SUP-05,2026-04-09,Malam,155.3,37.38,24.07,Ir. Nuraini
BTC-20260410-0248,PRD-04,SUP-04,2026-04-10,Malam,193.6,51.67,26.69,Rizal S.TP.
BTC-20260410-0249,PRD-08,SUP-08,2026-04-10,Malam,182.8,28.72,15.71,Rizal S.TP.
BTC-20260410-0250,PRD-08,SUP-08,2026-04-10,Malam,139.1,23.51,16.9,Widya S.TP.
BTC-20260411-0251,PRD-04,SUP-04,2026-04-11,Pagi,126.8,33.52,26.44,Rizal S.TP.
BTC-20260411-0252,PRD-01,SUP-01,2026-04-11,Siang,152.6,15.08,9.88,Ir. Nuraini
BTC-20260413-0253,PRD-05,SUP-05,2026-04-13,Malam,97.8,23.17,23.69,Widya S.TP.
BTC-20260413-0254,PRD-02,SUP-02,2026-04-13,Malam,167.5,16.6,9.91,Rizal S.TP.
BTC-20260414-0255,PRD-04,SUP-04,2026-04-14,Pagi,106.6,28.1,26.36,Ir. Nuraini
BTC-20260414-0256,PRD-01,SUP-01,2026-04-14,Pagi,107.1,10.49,9.79,Drs. Hartono
BTC-20260414-0257,PRD-01,SUP-01,2026-04-14,Pagi,182.3,18.77,10.3,Drs. Hartono
BTC-20260414-0258,PRD-03,SUP-03,2026-04-14,Siang,124.8,9.98,8.0,Drs. Hartono
BTC-20260415-0259,PRD-06,SUP-06,2026-04-15,Malam,131.9,84.89,64.36,Drs. Hartono
BTC-20260415-0260,PRD-02,SUP-02,2026-04-15,Malam,90.9,9.03,9.93,Rizal S.TP.
BTC-20260416-0261,PRD-03,SUP-03,2026-04-16,Malam,138.6,11.29,8.15,Rizal S.TP.
BTC-20260416-0262,PRD-03,SUP-03,2026-04-16,Siang,143.7,14.05,9.78,Drs. Hartono
BTC-20260416-0263,PRD-08,SUP-08,2026-04-16,Siang,147.9,25.97,17.56,Ir. Nuraini
BTC-20260417-0264,PRD-03,SUP-03,2026-04-17,Malam,116.1,10.89,9.38,Widya S.TP.
BTC-20260417-0265,PRD-04,SUP-04,2026-04-17,Siang,125.1,32.88,26.28,Ir. Nuraini
BTC-20260418-0266,PRD-07,SUP-07,2026-04-18,Malam,152.6,78.27,51.29,Ir. Nuraini
BTC-20260418-0267,PRD-04,SUP-04,2026-04-18,Pagi,173.9,50.3,28.92,Drs. Hartono
BTC-20260418-0268,PRD-06,SUP-06,2026-04-18,Siang,178.5,120.22,67.35,Drs. Hartono
BTC-20260418-0269,PRD-01,SUP-01,2026-04-18,Siang,101.0,10.5,10.4,Ir. Nuraini
BTC-20260420-0270,PRD-04,SUP-04,2026-04-20,Siang,151.8,42.1,27.73,Rizal S.TP.
BTC-20260420-0271,PRD-08,SUP-08,2026-04-20,Pagi,151.5,29.08,19.19,Rizal S.TP.
BTC-20260420-0272,PRD-08,SUP-08,2026-04-20,Pagi,167.9,27.02,16.09,Ir. Nuraini
BTC-20260420-0273,PRD-08,SUP-08,2026-04-20,Pagi,131.4,22.84,17.38,Drs. Hartono
BTC-20260421-0274,PRD-03,SUP-03,2026-04-21,Siang,139.7,11.6,8.3,Widya S.TP.
BTC-20260421-0275,PRD-05,SUP-05,2026-04-21,Pagi,85.5,21.12,24.7,Drs. Hartono
BTC-20260421-0276,PRD-08,SUP-08,2026-04-21,Malam,124.8,23.2,18.59,Rizal S.TP.
BTC-20260421-0277,PRD-06,SUP-06,2026-04-21,Siang,199.7,113.4,56.79,Widya S.TP.
BTC-20260422-0278,PRD-04,SUP-04,2026-04-22,Malam,149.7,40.05,26.75,Ir. Nuraini
BTC-20260422-0279,PRD-04,SUP-04,2026-04-22,Malam,159.4,41.18,25.83,Ir. Nuraini
BTC-20260422-0280,PRD-02,SUP-02,2026-04-22,Malam,201.7,17.48,8.67,Drs. Hartono
BTC-20260423-0281,PRD-04,SUP-04,2026-04-23,Malam,153.4,41.54,27.08,Ir. Nuraini
BTC-20260423-0282,PRD-07,SUP-07,2026-04-23,Pagi,122.5,59.35,48.45,Drs. Hartono
BTC-20260423-0283,PRD-04,SUP-04,2026-04-23,Siang,117.4,31.9,27.17,Widya S.TP.
BTC-20260424-0284,PRD-02,SUP-02,2026-04-24,Pagi,155.6,16.11,10.35,Rizal S.TP.
BTC-20260424-0285,PRD-01,SUP-01,2026-04-24,Pagi,175.1,19.19,10.96,Drs. Hartono
BTC-20260424-0286,PRD-03,SUP-03,2026-04-24,Pagi,155.2,13.06,8.41,Widya S.TP.
BTC-20260424-0287,PRD-08,SUP-08,2026-04-24,Pagi,128.2,24.24,18.91,Rizal S.TP.
BTC-20260425-0288,PRD-05,SUP-05,2026-04-25,Pagi,179.7,44.78,24.92,Drs. Hartono
BTC-20260425-0289,PRD-06,SUP-06,2026-04-25,Siang,124.0,73.04,58.9,Widya S.TP.
BTC-20260425-0290,PRD-08,SUP-08,2026-04-25,Pagi,124.9,23.09,18.49,Drs. Hartono
BTC-20260425-0291,PRD-04,SUP-04,2026-04-25,Siang,135.4,33.12,24.46,Widya S.TP.
BTC-20260427-0292,PRD-05,SUP-05,2026-04-27,Siang,135.4,33.7,24.89,Drs. Hartono
BTC-20260427-0293,PRD-05,SUP-05,2026-04-27,Pagi,168.3,39.95,23.74,Rizal S.TP.
BTC-20260427-0294,PRD-03,SUP-03,2026-04-27,Pagi,145.3,10.79,7.43,Drs. Hartono
BTC-20260427-0295,PRD-06,SUP-06,2026-04-27,Pagi,161.3,95.66,59.31,Rizal S.TP.
BTC-20260428-0296,PRD-08,SUP-08,2026-04-28,Malam,133.6,23.5,17.59,Widya S.TP.
BTC-20260428-0297,PRD-01,SUP-01,2026-04-28,Malam,141.1,13.77,9.76,Drs. Hartono
BTC-20260428-0298,PRD-02,SUP-02,2026-04-28,Malam,130.9,12.02,9.18,Ir. Nuraini
BTC-20260428-0299,PRD-06,SUP-06,2026-04-28,Malam,79.2,49.87,62.97,Drs. Hartono
BTC-20260429-0300,PRD-05,SUP-05,2026-04-29,Pagi,153.4,36.44,23.75,Drs. Hartono
BTC-20260429-0301,PRD-04,SUP-04,2026-04-29,Pagi,153.7,40.26,26.19,Widya S.TP.
BTC-20260429-0302,PRD-03,SUP-03,2026-04-29,Siang,155.0,13.6,8.77,Drs. Hartono
BTC-20260429-0303,PRD-06,SUP-06,2026-04-29,Pagi,192.5,116.53,60.54,Drs. Hartono
BTC-20260430-0304,PRD-04,SUP-04,2026-04-30,Siang,113.6,28.12,24.75,Ir. Nuraini
BTC-20260430-0305,PRD-07,SUP-07,2026-04-30,Pagi,123.3,66.65,54.06,Widya S.TP.
BTC-20260430-0306,PRD-02,SUP-02,2026-04-30,Pagi,202.0,18.56,9.19,Ir. Nuraini
BTC-20260501-0307,PRD-01,SUP-01,2026-05-01,Malam,152.5,16.15,10.59,Widya S.TP.
BTC-20260501-0308,PRD-07,SUP-07,2026-05-01,Malam,202.6,106.85,52.74,Ir. Nuraini
BTC-20260501-0309,PRD-06,SUP-06,2026-05-01,Malam,150.7,99.4,65.96,Widya S.TP.
BTC-20260502-0310,PRD-05,SUP-05,2026-05-02,Malam,128.8,29.16,22.64,Ir. Nuraini
BTC-20260502-0311,PRD-08,SUP-08,2026-05-02,Malam,157.6,29.81,18.91,Widya S.TP.
BTC-20260504-0312,PRD-01,SUP-01,2026-05-04,Siang,121.9,14.17,11.62,Drs. Hartono
BTC-20260504-0313,PRD-04,SUP-04,2026-05-04,Siang,146.1,37.43,25.62,Widya S.TP.
BTC-20260504-0314,PRD-04,SUP-04,2026-05-04,Siang,130.3,32.33,24.81,Drs. Hartono
BTC-20260504-0315,PRD-06,SUP-06,2026-05-04,Malam,163.9,91.28,55.69,Ir. Nuraini
BTC-20260505-0316,PRD-02,SUP-02,2026-05-05,Pagi,111.5,8.9,7.98,Rizal S.TP.
BTC-20260505-0317,PRD-07,SUP-07,2026-05-05,Siang,95.2,54.28,57.02,Rizal S.TP.
BTC-20260506-0318,PRD-03,SUP-03,2026-05-06,Malam,145.9,13.15,9.01,Rizal S.TP.
BTC-20260506-0319,PRD-02,SUP-02,2026-05-06,Malam,118.2,9.94,8.41,Rizal S.TP.
BTC-20260507-0320,PRD-03,SUP-03,2026-05-07,Malam,136.2,10.51,7.72,Drs. Hartono
BTC-20260507-0321,PRD-06,SUP-06,2026-05-07,Malam,145.9,108.74,74.53,Ir. Nuraini
BTC-20260507-0322,PRD-08,SUP-08,2026-05-07,Malam,165.7,29.11,17.57,Ir. Nuraini
BTC-20260508-0323,PRD-08,SUP-08,2026-05-08,Pagi,154.0,32.54,21.13,Ir. Nuraini
BTC-20260508-0324,PRD-05,SUP-05,2026-05-08,Siang,132.9,33.21,24.99,Widya S.TP.
BTC-20260508-0325,PRD-03,SUP-03,2026-05-08,Malam,126.5,10.47,8.28,Ir. Nuraini
BTC-20260509-0326,PRD-07,SUP-07,2026-05-09,Siang,190.6,110.28,57.86,Rizal S.TP.
BTC-20260509-0327,PRD-01,SUP-01,2026-05-09,Siang,165.8,16.97,10.24,Ir. Nuraini
BTC-20260509-0328,PRD-08,SUP-08,2026-05-09,Malam,170.8,30.1,17.62,Rizal S.TP.
BTC-20260511-0329,PRD-05,SUP-05,2026-05-11,Siang,167.5,35.89,21.43,Drs. Hartono
BTC-20260511-0330,PRD-08,SUP-08,2026-05-11,Malam,119.5,21.0,17.57,Ir. Nuraini
BTC-20260511-0331,PRD-08,SUP-08,2026-05-11,Siang,118.9,19.64,16.52,Ir. Nuraini
BTC-20260511-0332,PRD-05,SUP-05,2026-05-11,Malam,185.7,49.04,26.41,Widya S.TP.
BTC-20260512-0333,PRD-06,SUP-06,2026-05-12,Pagi,127.7,72.76,56.98,Rizal S.TP.
BTC-20260512-0334,PRD-05,SUP-05,2026-05-12,Malam,120.6,33.99,28.18,Widya S.TP.
BTC-20260512-0335,PRD-04,SUP-04,2026-05-12,Pagi,143.9,37.61,26.14,Drs. Hartono
BTC-20260512-0336,PRD-03,SUP-03,2026-05-12,Pagi,176.0,13.8,7.84,Rizal S.TP.
BTC-20260513-0337,PRD-01,SUP-01,2026-05-13,Malam,170.9,15.97,9.34,Drs. Hartono
BTC-20260513-0338,PRD-04,SUP-04,2026-05-13,Siang,148.7,47.29,31.8,Ir. Nuraini
BTC-20260514-0339,PRD-04,SUP-04,2026-05-14,Siang,189.3,46.16,24.38,Rizal S.TP.
BTC-20260514-0340,PRD-08,SUP-08,2026-05-14,Malam,155.6,30.49,19.6,Ir. Nuraini
BTC-20260515-0341,PRD-01,SUP-01,2026-05-15,Pagi,174.4,16.25,9.32,Widya S.TP.
BTC-20260515-0342,PRD-06,SUP-06,2026-05-15,Pagi,181.7,123.88,68.18,Widya S.TP.
BTC-20260515-0343,PRD-03,SUP-03,2026-05-15,Malam,143.8,12.8,8.9,Drs. Hartono
BTC-20260516-0344,PRD-01,SUP-01,2026-05-16,Siang,170.3,18.83,11.06,Drs. Hartono
BTC-20260516-0345,PRD-06,SUP-06,2026-05-16,Siang,153.5,91.36,59.52,Widya S.TP.
BTC-20260516-0346,PRD-03,SUP-03,2026-05-16,Malam,182.2,13.8,7.57,Drs. Hartono
BTC-20260516-0347,PRD-03,SUP-03,2026-05-16,Malam,158.4,14.18,8.95,Ir. Nuraini
BTC-20260518-0348,PRD-06,SUP-06,2026-05-18,Malam,151.9,92.21,60.7,Drs. Hartono
BTC-20260518-0349,PRD-02,SUP-02,2026-05-18,Malam,95.6,9.07,9.49,Rizal S.TP.
BTC-20260518-0350,PRD-01,SUP-01,2026-05-18,Siang,171.3,15.63,9.12,Ir. Nuraini
BTC-20260519-0351,PRD-03,SUP-03,2026-05-19,Malam,146.3,13.61,9.3,Rizal S.TP.
BTC-20260519-0352,PRD-07,SUP-07,2026-05-19,Malam,202.6,112.09,55.33,Widya S.TP.
BTC-20260519-0353,PRD-02,SUP-02,2026-05-19,Pagi,145.3,12.17,8.38,Drs. Hartono
BTC-20260520-0354,PRD-07,SUP-07,2026-05-20,Pagi,122.3,67.28,55.01,Drs. Hartono
BTC-20260520-0355,PRD-08,SUP-08,2026-05-20,Malam,93.5,18.21,19.48,Ir. Nuraini
BTC-20260520-0356,PRD-05,SUP-05,2026-05-20,Malam,135.0,33.76,25.01,Drs. Hartono
BTC-20260521-0357,PRD-05,SUP-05,2026-05-21,Pagi,102.8,25.2,24.51,Widya S.TP.
BTC-20260521-0358,PRD-07,SUP-07,2026-05-21,Pagi,169.0,99.64,58.96,Drs. Hartono
BTC-20260522-0359,PRD-08,SUP-08,2026-05-22,Siang,125.8,24.89,19.79,Widya S.TP.
BTC-20260522-0360,PRD-01,SUP-01,2026-05-22,Malam,143.7,11.93,8.3,Widya S.TP.
BTC-20260523-0361,PRD-01,SUP-01,2026-05-23,Siang,120.9,12.42,10.27,Drs. Hartono
BTC-20260523-0362,PRD-04,SUP-04,2026-05-23,Siang,148.1,38.29,25.85,Ir. Nuraini
BTC-20260523-0363,PRD-08,SUP-08,2026-05-23,Siang,141.6,28.27,19.96,Widya S.TP.
BTC-20260525-0364,PRD-06,SUP-06,2026-05-25,Pagi,135.5,97.12,71.68,Ir. Nuraini
BTC-20260525-0365,PRD-01,SUP-01,2026-05-25,Pagi,134.5,12.77,9.49,Ir. Nuraini
BTC-20260525-0366,PRD-07,SUP-07,2026-05-25,Pagi,182.2,90.61,49.73,Widya S.TP.
BTC-20260526-0367,PRD-02,SUP-02,2026-05-26,Siang,169.8,14.94,8.8,Widya S.TP.
BTC-20260526-0368,PRD-07,SUP-07,2026-05-26,Pagi,142.5,87.63,61.49,Widya S.TP.
BTC-20260526-0369,PRD-08,SUP-08,2026-05-26,Siang,127.6,26.47,20.74,Rizal S.TP.
BTC-20260526-0370,PRD-04,SUP-04,2026-05-26,Siang,164.9,47.44,28.77,Widya S.TP.
BTC-20260527-0371,PRD-01,SUP-01,2026-05-27,Siang,118.8,10.82,9.11,Rizal S.TP.
BTC-20260527-0372,PRD-04,SUP-04,2026-05-27,Pagi,144.2,35.32,24.49,Ir. Nuraini
BTC-20260527-0373,PRD-07,SUP-07,2026-05-27,Pagi,118.4,70.1,59.21,Widya S.TP.
BTC-20260528-0374,PRD-08,SUP-08,2026-05-28,Malam,148.4,28.94,19.5,Ir. Nuraini
BTC-20260528-0375,PRD-06,SUP-06,2026-05-28,Siang,144.0,83.7,58.13,Rizal S.TP.
BTC-20260528-0376,PRD-01,SUP-01,2026-05-28,Pagi,171.1,14.2,8.3,Widya S.TP.
BTC-20260529-0377,PRD-04,SUP-04,2026-05-29,Malam,147.9,43.59,29.47,Rizal S.TP.
BTC-20260529-0378,PRD-06,SUP-06,2026-05-29,Siang,161.5,92.52,57.29,Drs. Hartono
BTC-20260529-0379,PRD-01,SUP-01,2026-05-29,Pagi,157.0,16.04,10.22,Ir. Nuraini
BTC-20260529-0380,PRD-02,SUP-02,2026-05-29,Malam,169.9,16.27,9.58,Rizal S.TP.
BTC-20260530-0381,PRD-06,SUP-06,2026-05-30,Siang,89.6,53.57,59.79,Rizal S.TP.
BTC-20260530-0382,PRD-05,SUP-05,2026-05-30,Pagi,165.9,34.62,20.87,Ir. Nuraini
BTC-20260601-0383,PRD-01,SUP-01,2026-06-01,Pagi,167.1,17.97,10.75,Rizal S.TP.
BTC-20260601-0384,PRD-01,SUP-01,2026-06-01,Pagi,136.5,11.61,8.51,Rizal S.TP.
BTC-20260602-0385,PRD-01,SUP-01,2026-06-02,Pagi,188.6,18.57,9.85,Ir. Nuraini
BTC-20260602-0386,PRD-03,SUP-03,2026-06-02,Pagi,153.9,11.13,7.23,Ir. Nuraini
BTC-20260602-0387,PRD-06,SUP-06,2026-06-02,Malam,136.4,86.04,63.08,Widya S.TP.
BTC-20260602-0388,PRD-04,SUP-04,2026-06-02,Pagi,149.5,40.44,27.05,Rizal S.TP.
BTC-20260603-0389,PRD-06,SUP-06,2026-06-03,Siang,140.6,85.27,60.65,Drs. Hartono
BTC-20260603-0390,PRD-06,SUP-06,2026-06-03,Malam,197.5,127.23,64.42,Ir. Nuraini
