kode_batch,kode_produk,bahan_baku_kg,produk_jadi_kg,biaya_bahan_baku_rp,biaya_tenaga_kerja_rp,biaya_energi_rp,jumlah_kemasan_pcs
BTC-2604-01,PRD-02,115.9,11.43,930445,315309,110523,114
BTC-2604-02,PRD-02,125.0,12.89,800875,319828,161176,128
BTC-2604-03,PRD-01,102.6,12.17,735642,284800,110454,121
BTC-2604-04,PRD-02,132.1,13.78,981106,260005,129378,137
BTC-2604-05,PRD-01,109.3,10.26,959654,287405,127925,102
BTC-2604-06,PRD-03,126.7,11.0,962793,201776,100831,110
BTC-2604-07,PRD-01,104.8,9.49,692413,232808,151174,94
BTC-2604-08,PRD-02,106.2,11.27,881247,207764,132220,112
BTC-2604-09,PRD-02,92.1,8.89,673158,249449,167163,88
BTC-2604-10,PRD-02,118.2,10.48,1021957,250725,154333,104
