kode_penerimaan,tanggal,komoditas,kode_pemasok,bobot_kg,kadar_air_persen,total_padatan_terlarut_brix,cacat_fisik_persen,suhu_terima_c
TRM-001,2026-04-06,Salak Pondoh,SUP-02,196.1,77.2,15.0,13.4,27.1
TRM-002,2026-04-06,Nangka,SUP-01,136.1,84.0,12.3,7.8,29.0
TRM-003,2026-04-07,Nanas,SUP-03,165.0,85.5,13.1,10.9,27.5
TRM-004,2026-04-07,Salak Pondoh,SUP-02,155.9,74.4,14.3,13.7,27.8
TRM-005,2026-04-07,Nanas,SUP-03,114.5,76.2,11.7,11.8,29.6
TRM-006,2026-04-08,Nanas,SUP-03,125.1,79.3,13.0,10.2,30.7
TRM-007,2026-04-08,Salak Pondoh,SUP-02,114.1,81.4,12.3,5.6,29.4
TRM-008,2026-04-08,Nangka,SUP-01,173.4,85.7,15.2,5.8,25.7
TRM-009,2026-04-09,Salak Pondoh,SUP-02,151.3,85.2,13.8,10.3,31.6
TRM-010,2026-04-09,Nanas,SUP-03,193.2,82.1,14.4,1.4,29.8
TRM-011,2026-04-09,Nangka,SUP-01,147.6,81.1,15.6,6.7,33.4
TRM-012,2026-04-10,Nangka,SUP-01,125.0,71.6,13.5,5.1,29.2
TRM-013,2026-04-10,Nanas,SUP-03,187.4,77.1,16.3,6.2,28.2
TRM-014,2026-04-10,Salak Pondoh,SUP-02,154.6,71.9,14.4,12.2,27.7
TRM-015,2026-04-11,Nanas,SUP-03,140.1,73.5,11.0,10.8,25.1
TRM-016,2026-04-11,Nangka,SUP-01,136.8,82.2,9.2,8.8,30.1
TRM-017,2026-04-11,Salak Pondoh,SUP-02,129.8,83.2,12.9,7.5,22.6
TRM-018,2026-04-12,Nangka,SUP-01,159.1,73.4,18.1,0.0,27.5
TRM-019,2026-04-12,Nangka,SUP-01,131.2,87.2,16.2,9.1,27.5
TRM-020,2026-04-12,Nanas,SUP-03,113.2,82.8,17.4,5.7,26.7
