tanggal,komoditas,kabupaten_pasar,harga_rp_per_kg
2025-07-01,Nangka,Sleman,9300
2025-07-02,Nangka,Sleman,9400
2025-07-03,Nangka,Sleman,9100
2025-07-04,Nangka,Sleman,9000
2025-07-05,Nangka,Sleman,9100
2025-07-06,Nangka,Sleman,9200
2025-07-07,Nangka,Sleman,9100
2025-07-08,Nangka,Sleman,9250
2025-07-09,Nangka,Sleman,9050
2025-07-10,Nangka,Sleman,8850
2025-07-11,Nangka,Sleman,9250
2025-07-12,Nangka,Sleman,8750
2025-07-13,Nangka,Sleman,8900
2025-07-14,Nangka,Sleman,8800
2025-07-15,Nangka,Sleman,8800
2025-07-16,Nangka,Sleman,8900
2025-07-17,Nangka,Sleman,9250
2025-07-18,Nangka,Sleman,8800
2025-07-19,Nangka,Sleman,9050
2025-07-20,Nangka,Sleman,8900
2025-07-21,Nangka,Sleman,8750
2025-07-22,Nangka,Sleman,8900
2025-07-23,Nangka,Sleman,8200
2025-07-24,Nangka,Sleman,8800
2025-07-25,Nangka,Sleman,8850
2025-07-26,Nangka,Sleman,8700
2025-07-27,Nangka,Sleman,8850
2025-07-28,Nangka,Sleman,9050
2025-07-29,Nangka,Sleman,8500
2025-07-30,Nangka,Sleman,8900
2025-07-31,Nangka,Sleman,8450
2025-08-01,Nangka,Sleman,8550
2025-08-02,Nangka,Sleman,8650
2025-08-03,Nangka,Sleman,8350
2025-08-04,Nangka,Sleman,8650
2025-08-05,Nangka,Sleman,8800
2025-08-06,Nangka,Sleman,8400
2025-08-07,Nangka,Sleman,8200
2025-08-08,Nangka,Sleman,8200
2025-08-09,Nangka,Sleman,8400
2025-08-10,Nangka,Sleman,8250
2025-08-11,Nangka,Sleman,8400
2025-08-12,Nangka,Sleman,8300
2025-08-13,Nangka,Sleman,7950
2025-08-14,Nangka,Sleman,8100
2025-08-15,Nangka,Sleman,8150
2025-08-16,Nangka,Sleman,8300
2025-08-17,Nangka,Sleman,8300
2025-08-18,Nangka,Sleman,8200
2025-08-19,Nangka,Sleman,8350
2025-08-20,Nangka,Sleman,7950
2025-08-21,Nangka,Sleman,8150
2025-08-22,Nangka,Sleman,8150
2025-08-23,Nangka,Sleman,8400
2025-08-24,Nangka,Sleman,8050
2025-08-25,Nangka,Sleman,7950
2025-08-26,Nangka,Sleman,8200
2025-08-27,Nangka,Sleman,7900
2025-08-28,Nangka,Sleman,8200
2025-08-29,Nangka,Sleman,8050
2025-08-30,Nangka,Sleman,8000
2025-08-31,Nangka,Sleman,8100
2025-09-01,Nangka,Sleman,8000
2025-09-02,Nangka,Sleman,7900
2025-09-03,Nangka,Sleman,7700
2025-09-04,Nangka,Sleman,7850
2025-09-05,Nangka,Sleman,7700
2025-09-06,Nangka,Sleman,7600
2025-09-07,Nangka,Sleman,7800
2025-09-08,Nangka,Sleman,7650
2025-09-09,Nangka,Sleman,7550
2025-09-10,Nangka,Sleman,7500
2025-09-11,Nangka,Sleman,7350
2025-09-12,Nangka,Sleman,7750
2025-09-13,Nangka,Sleman,7750
2025-09-14,Nangka,Sleman,7850
2025-09-15,Nangka,Sleman,7700
2025-09-16,Nangka,Sleman,7350
2025-09-17,Nangka,Sleman,7400
2025-09-18,Nangka,Sleman,7500
2025-09-19,Nangka,Sleman,7550
2025-09-20,Nangka,Sleman,7550
2025-09-21,Nangka,Sleman,7500
2025-09-22,Nangka,Sleman,7550
2025-09-23,Nangka,Sleman,7500
2025-09-24,Nangka,Sleman,7500
2025-09-25,Nangka,Sleman,7650
2025-09-26,Nangka,Sleman,7700
2025-09-27,Nangka,Sleman,7650
2025-09-28,Nangka,Sleman,7550
2025-09-29,Nangka,Sleman,7450
2025-09-30,Nangka,Sleman,7400
2025-10-01,Nangka,Sleman,7150
2025-10-02,Nangka,Sleman,7050
2025-10-03,Nangka,Sleman,7450
2025-10-04,Nangka,Sleman,7300
2025-10-05,Nangka,Sleman,7200
2025-10-06,Nangka,Sleman,7350
2025-10-07,Nangka,Sleman,7250
2025-10-08,Nangka,Sleman,7600
2025-10-09,Nangka,Sleman,7400
2025-10-10,Nangka,Sleman,7100
2025-10-11,Nangka,Sleman,7150
2025-10-12,Nangka,Sleman,7400
2025-10-13,Nangka,Sleman,7450
2025-10-14,Nangka,Sleman,7200
2025-10-15,Nangka,Sleman,7000
2025-10-16,Nangka,Sleman,7150
2025-10-17,Nangka,Sleman,7200
2025-10-18,Nangka,Sleman,7200
2025-10-19,Nangka,Sleman,6950
2025-10-20,Nangka,Sleman,6800
2025-10-21,Nangka,Sleman,7350
2025-10-22,Nangka,Sleman,7150
2025-10-23,Nangka,Sleman,6950
2025-10-24,Nangka,Sleman,7150
2025-10-25,Nangka,Sleman,7550
2025-10-26,Nangka,Sleman,7550
2025-10-27,Nangka,Sleman,7150
2025-10-28,Nangka,Sleman,7500
2025-10-29,Nangka,Sleman,6900
2025-10-30,Nangka,Sleman,7100
2025-10-31,Nangka,Sleman,7150
2025-11-01,Nangka,Sleman,7150
2025-11-02,Nangka,Sleman,7300
2025-11-03,Nangka,Sleman,7300
2025-11-04,Nangka,Sleman,6950
2025-11-05,Nangka,Sleman,6950
2025-11-06,Nangka,Sleman,7050
2025-11-07,Nangka,Sleman,7550
2025-11-08,Nangka,Sleman,7100
2025-11-09,Nangka,Sleman,7350
2025-11-10,Nangka,Sleman,7400
2025-11-11,Nangka,Sleman,7500
2025-11-12,Nangka,Sleman,7350
2025-11-13,Nangka,Sleman,7150
2025-11-14,Nangka,Sleman,6900
2025-11-15,Nangka,Sleman,7250
2025-11-16,Nangka,Sleman,7900
2025-11-17,Nangka,Sleman,7250
2025-11-18,Nangka,Sleman,7250
2025-11-19,Nangka,Sleman,7250
2025-11-20,Nangka,Sleman,7450
2025-11-21,Nangka,Sleman,7250
2025-11-22,Nangka,Sleman,7200
2025-11-23,Nangka,Sleman,7200
2025-11-24,Nangka,Sleman,7300
2025-11-25,Nangka,Sleman,7250
2025-11-26,Nangka,Sleman,7750
2025-11-27,Nangka,Sleman,7350
2025-11-28,Nangka,Sleman,7650
2025-11-29,Nangka,Sleman,7350
2025-11-30,Nangka,Sleman,7400
2025-12-01,Nangka,Sleman,7500
2025-12-02,Nangka,Sleman,7250
2025-12-03,Nangka,Sleman,7400
2025-12-04,Nangka,Sleman,7550
2025-12-05,Nangka,Sleman,7400
2025-12-06,Nangka,Sleman,7850
2025-12-07,Nangka,Sleman,7550
2025-12-08,Nangka,Sleman,7550
2025-12-09,Nangka,Sleman,7600
2025-12-10,Nangka,Sleman,7650
2025-12-11,Nangka,Sleman,7350
2025-12-12,Nangka,Sleman,7750
2025-12-13,Nangka,Sleman,7400
2025-12-14,Nangka,Sleman,7650
2025-12-15,Nangka,Sleman,7550
2025-12-16,Nangka,Sleman,8000
2025-12-17,Nangka,Sleman,7900
2025-12-18,Nangka,Sleman,7700
2025-12-19,Nangka,Sleman,8050
2025-12-20,Nangka,Sleman,7700
2025-12-21,Nangka,Sleman,8100
2025-12-22,Nangka,Sleman,7700
2025-12-23,Nangka,Sleman,7800
2025-12-24,Nangka,Sleman,8050
2025-12-25,Nangka,Sleman,7800
2025-12-26,Nangka,Sleman,8100
2025-12-27,Nangka,Sleman,7850
2025-12-28,Nangka,Sleman,7900
2025-12-29,Nangka,Sleman,8100
2025-12-30,Nangka,Sleman,7850
2025-12-31,Nangka,Sleman,8200
2026-01-01,Nangka,Sleman,8000
2026-01-02,Nangka,Sleman,8050
2026-01-03,Nangka,Sleman,7950
2026-01-04,Nangka,Sleman,7850
2026-01-05,Nangka,Sleman,8200
2026-01-06,Nangka,Sleman,8200
2026-01-07,Nangka,Sleman,7950
2026-01-08,Nangka,Sleman,8300
2026-01-09,Nangka,Sleman,8350
2026-01-10,Nangka,Sleman,8150
2026-01-11,Nangka,Sleman,8200
2026-01-12,Nangka,Sleman,8050
2026-01-13,Nangka,Sleman,8200
2026-01-14,Nangka,Sleman,8250
2026-01-15,Nangka,Sleman,8350
2026-01-16,Nangka,Sleman,8100
2026-01-17,Nangka,Sleman,8200
2026-01-18,Nangka,Sleman,8600
2026-01-19,Nangka,Sleman,8700
2026-01-20,Nangka,Sleman,8750
2026-01-21,Nangka,Sleman,8650
2026-01-22,Nangka,Sleman,8800
2026-01-23,Nangka,Sleman,8550
2026-01-24,Nangka,Sleman,8450
2026-01-25,Nangka,Sleman,8850
2026-01-26,Nangka,Sleman,8350
2026-01-27,Nangka,Sleman,8200
2026-01-28,Nangka,Sleman,8800
2026-01-29,Nangka,Sleman,8650
2026-01-30,Nangka,Sleman,8650
2026-01-31,Nangka,Sleman,8700
2026-02-01,Nangka,Sleman,8950
2026-02-02,Nangka,Sleman,8650
2026-02-03,Nangka,Sleman,9050
2026-02-04,Nangka,Sleman,8850
2026-02-05,Nangka,Sleman,8900
2026-02-06,Nangka,Sleman,8900
2026-02-07,Nangka,Sleman,8800
2026-02-08,Nangka,Sleman,9000
2026-02-09,Nangka,Sleman,8650
2026-02-10,Nangka,Sleman,9100
2026-02-11,Nangka,Sleman,9250
2026-02-12,Nangka,Sleman,8800
2026-02-13,Nangka,Sleman,8850
2026-02-14,Nangka,Sleman,9250
2026-02-15,Nangka,Sleman,9000
2026-02-16,Nangka,Sleman,8850
2026-02-17,Nangka,Sleman,9050
2026-02-18,Nangka,Sleman,8800
2026-02-19,Nangka,Sleman,9300
2026-02-20,Nangka,Sleman,9100
2026-02-21,Nangka,Sleman,9450
2026-02-22,Nangka,Sleman,9500
2026-02-23,Nangka,Sleman,9500
2026-02-24,Nangka,Sleman,9350
2026-02-25,Nangka,Sleman,9450
2026-02-26,Nangka,Sleman,9250
2026-02-27,Nangka,Sleman,9200
2026-02-28,Nangka,Sleman,9100
2026-03-01,Nangka,Sleman,9250
2026-03-02,Nangka,Sleman,9200
2026-03-03,Nangka,Sleman,9650
2026-03-04,Nangka,Sleman,9600
2026-03-05,Nangka,Sleman,9300
2026-03-06,Nangka,Sleman,9450
2026-03-07,Nangka,Sleman,9600
2026-03-08,Nangka,Sleman,9550
2026-03-09,Nangka,Sleman,9600
2026-03-10,Nangka,Sleman,9300
2026-03-11,Nangka,Sleman,9800
2026-03-12,Nangka,Sleman,9700
2026-03-13,Nangka,Sleman,9650
2026-03-14,Nangka,Sleman,9700
2026-03-15,Nangka,Sleman,9500
2026-03-16,Nangka,Sleman,9950
2026-03-17,Nangka,Sleman,9600
2026-03-18,Nangka,Sleman,9900
2026-03-19,Nangka,Sleman,9750
2026-03-20,Nangka,Sleman,10000
2026-03-21,Nangka,Sleman,9800
2026-03-22,Nangka,Sleman,9600
2026-03-23,Nangka,Sleman,9750
2026-03-24,Nangka,Sleman,9850
2026-03-25,Nangka,Sleman,9900
2026-03-26,Nangka,Sleman,10300
2026-03-27,Nangka,Sleman,10200
2026-03-28,Nangka,Sleman,9900
2026-03-29,Nangka,Sleman,9800
2026-03-30,Nangka,Sleman,9950
2026-03-31,Nangka,Sleman,9700
2026-04-01,Nangka,Sleman,10200
2026-04-02,Nangka,Sleman,10050
2026-04-03,Nangka,Sleman,9750
2026-04-04,Nangka,Sleman,9650
2026-04-05,Nangka,Sleman,9850
2026-04-06,Nangka,Sleman,10000
2026-04-07,Nangka,Sleman,10200
2026-04-08,Nangka,Sleman,10100
2026-04-09,Nangka,Sleman,9950
2026-04-10,Nangka,Sleman,9950
2026-04-11,Nangka,Sleman,10150
2026-04-12,Nangka,Sleman,10050
2026-04-13,Nangka,Sleman,10100
2026-04-14,Nangka,Sleman,9750
2026-04-15,Nangka,Sleman,10300
2026-04-16,Nangka,Sleman,10050
2026-04-17,Nangka,Sleman,10300
2026-04-18,Nangka,Sleman,10300
2026-04-19,Nangka,Sleman,10250
2026-04-20,Nangka,Sleman,10450
2026-04-21,Nangka,Sleman,9900
2026-04-22,Nangka,Sleman,9850
2026-04-23,Nangka,Sleman,10400
2026-04-24,Nangka,Sleman,10200
2026-04-25,Nangka,Sleman,10000
2026-04-26,Nangka,Sleman,10000
2026-04-27,Nangka,Sleman,9950
2026-04-28,Nangka,Sleman,10250
2026-04-29,Nangka,Sleman,9900
2026-04-30,Nangka,Sleman,10050
2026-05-01,Nangka,Sleman,10300
2026-05-02,Nangka,Sleman,9850
2026-05-03,Nangka,Sleman,10100
2026-05-04,Nangka,Sleman,10300
2026-05-05,Nangka,Sleman,10150
2026-05-06,Nangka,Sleman,10000
2026-05-07,Nangka,Sleman,9950
2026-05-08,Nangka,Sleman,10200
2026-05-09,Nangka,Sleman,10050
2026-05-10,Nangka,Sleman,10250
2026-05-11,Nangka,Sleman,9850
2026-05-12,Nangka,Sleman,9900
2026-05-13,Nangka,Sleman,10150
2026-05-14,Nangka,Sleman,9850
2026-05-15,Nangka,Sleman,9900
2026-05-16,Nangka,Sleman,10350
2026-05-17,Nangka,Sleman,10000
2026-05-18,Nangka,Sleman,10350
2026-05-19,Nangka,Sleman,10350
2026-05-20,Nangka,Sleman,10050
2026-05-21,Nangka,Sleman,10250
2026-05-22,Nangka,Sleman,10000
2026-05-23,Nangka,Sleman,9950
2026-05-24,Nangka,Sleman,10100
2026-05-25,Nangka,Sleman,9950
2026-05-26,Nangka,Sleman,9900
2026-05-27,Nangka,Sleman,10250
2026-05-28,Nangka,Sleman,10150
2026-05-29,Nangka,Sleman,9900
2026-05-30,Nangka,Sleman,10050
2026-05-31,Nangka,Sleman,10300
2026-06-01,Nangka,Sleman,10050
2026-06-02,Nangka,Sleman,9850
2026-06-03,Nangka,Sleman,10000
2026-06-04,Nangka,Sleman,9950
2026-06-05,Nangka,Sleman,10000
2026-06-06,Nangka,Sleman,10150
2026-06-07,Nangka,Sleman,10050
2026-06-08,Nangka,Sleman,10000
2026-06-09,Nangka,Sleman,9850
2026-06-10,Nangka,Sleman,9550
2026-06-11,Nangka,Sleman,9700
2026-06-12,Nangka,Sleman,10000
2026-06-13,Nangka,Sleman,10150
2026-06-14,Nangka,Sleman,9950
2026-06-15,Nangka,Sleman,9950
2026-06-16,Nangka,Sleman,9500
2026-06-17,Nangka,Sleman,9900
2026-06-18,Nangka,Sleman,9750
2026-06-19,Nangka,Sleman,9450
2026-06-20,Nangka,Sleman,9900
2026-06-21,Nangka,Sleman,9550
2026-06-22,Nangka,Sleman,9550
2026-06-23,Nangka,Sleman,9950
2026-06-24,Nangka,Sleman,9650
2026-06-25,Nangka,Sleman,9450
2026-06-26,Nangka,Sleman,9600
2026-06-27,Nangka,Sleman,9350
2026-06-28,Nangka,Sleman,9550
2026-06-29,Nangka,Sleman,9600
2026-06-30,Nangka,Sleman,9800
2025-07-01,Salak Pondoh,Sleman,8150
2025-07-02,Salak Pondoh,Sleman,8100
2025-07-03,Salak Pondoh,Sleman,7950
2025-07-04,Salak Pondoh,Sleman,7700
2025-07-05,Salak Pondoh,Sleman,7800
2025-07-06,Salak Pondoh,Sleman,7500
2025-07-07,Salak Pondoh,Sleman,8150
2025-07-08,Salak Pondoh,Sleman,7850
2025-07-09,Salak Pondoh,Sleman,8050
2025-07-10,Salak Pondoh,Sleman,7650
2025-07-11,Salak Pondoh,Sleman,7950
2025-07-12,Salak Pondoh,Sleman,7650
2025-07-13,Salak Pondoh,Sleman,8000
2025-07-14,Salak Pondoh,Sleman,7800
2025-07-15,Salak Pondoh,Sleman,7950
2025-07-16,Salak Pondoh,Sleman,7300
2025-07-17,Salak Pondoh,Sleman,7700
2025-07-18,Salak Pondoh,Sleman,8050
2025-07-19,Salak Pondoh,Sleman,7300
2025-07-20,Salak Pondoh,Sleman,7750
2025-07-21,Salak Pondoh,Sleman,7500
2025-07-22,Salak Pondoh,Sleman,7300
2025-07-23,Salak Pondoh,Sleman,7300
2025-07-24,Salak Pondoh,Sleman,7900
2025-07-25,Salak Pondoh,Sleman,7500
2025-07-26,Salak Pondoh,Sleman,7250
2025-07-27,Salak Pondoh,Sleman,7300
2025-07-28,Salak Pondoh,Sleman,7250
2025-07-29,Salak Pondoh,Sleman,7500
2025-07-30,Salak Pondoh,Sleman,7350
2025-07-31,Salak Pondoh,Sleman,7250
2025-08-01,Salak Pondoh,Sleman,7400
2025-08-02,Salak Pondoh,Sleman,7050
2025-08-03,Salak Pondoh,Sleman,7300
2025-08-04,Salak Pondoh,Sleman,7400
2025-08-05,Salak Pondoh,Sleman,6800
2025-08-06,Salak Pondoh,Sleman,6900
2025-08-07,Salak Pondoh,Sleman,6950
2025-08-08,Salak Pondoh,Sleman,7100
2025-08-09,Salak Pondoh,Sleman,7250
2025-08-10,Salak Pondoh,Sleman,6900
2025-08-11,Salak Pondoh,Sleman,6950
2025-08-12,Salak Pondoh,Sleman,6750
2025-08-13,Salak Pondoh,Sleman,6900
2025-08-14,Salak Pondoh,Sleman,6600
2025-08-15,Salak Pondoh,Sleman,7000
2025-08-16,Salak Pondoh,Sleman,6750
2025-08-17,Salak Pondoh,Sleman,6950
2025-08-18,Salak Pondoh,Sleman,6650
2025-08-19,Salak Pondoh,Sleman,6550
2025-08-20,Salak Pondoh,Sleman,6750
2025-08-21,Salak Pondoh,Sleman,6600
2025-08-22,Salak Pondoh,Sleman,6500
2025-08-23,Salak Pondoh,Sleman,6650
2025-08-24,Salak Pondoh,Sleman,6750
2025-08-25,Salak Pondoh,Sleman,6550
2025-08-26,Salak Pondoh,Sleman,6600
2025-08-27,Salak Pondoh,Sleman,6250
2025-08-28,Salak Pondoh,Sleman,6300
2025-08-29,Salak Pondoh,Sleman,6650
2025-08-30,Salak Pondoh,Sleman,6350
2025-08-31,Salak Pondoh,Sleman,6400
2025-09-01,Salak Pondoh,Sleman,6150
2025-09-02,Salak Pondoh,Sleman,6500
2025-09-03,Salak Pondoh,Sleman,5800
2025-09-04,Salak Pondoh,Sleman,6150
2025-09-05,Salak Pondoh,Sleman,5950
2025-09-06,Salak Pondoh,Sleman,5700
2025-09-07,Salak Pondoh,Sleman,6400
2025-09-08,Salak Pondoh,Sleman,6200
2025-09-09,Salak Pondoh,Sleman,5950
2025-09-10,Salak Pondoh,Sleman,6150
2025-09-11,Salak Pondoh,Sleman,5900
2025-09-12,Salak Pondoh,Sleman,6150
2025-09-13,Salak Pondoh,Sleman,6200
2025-09-14,Salak Pondoh,Sleman,6050
2025-09-15,Salak Pondoh,Sleman,5750
2025-09-16,Salak Pondoh,Sleman,5750
2025-09-17,Salak Pondoh,Sleman,5850
2025-09-18,Salak Pondoh,Sleman,5800
2025-09-19,Salak Pondoh,Sleman,5850
2025-09-20,Salak Pondoh,Sleman,6200
2025-09-21,Salak Pondoh,Sleman,5900
2025-09-22,Salak Pondoh,Sleman,5850
2025-09-23,Salak Pondoh,Sleman,5900
2025-09-24,Salak Pondoh,Sleman,5500
2025-09-25,Salak Pondoh,Sleman,5850
2025-09-26,Salak Pondoh,Sleman,5700
2025-09-27,Salak Pondoh,Sleman,5950
2025-09-28,Salak Pondoh,Sleman,5700
2025-09-29,Salak Pondoh,Sleman,5800
2025-09-30,Salak Pondoh,Sleman,5600
2025-10-01,Salak Pondoh,Sleman,5750
2025-10-02,Salak Pondoh,Sleman,6050
2025-10-03,Salak Pondoh,Sleman,5550
2025-10-04,Salak Pondoh,Sleman,5850
2025-10-05,Salak Pondoh,Sleman,5400
2025-10-06,Salak Pondoh,Sleman,5700
2025-10-07,Salak Pondoh,Sleman,5200
2025-10-08,Salak Pondoh,Sleman,5900
2025-10-09,Salak Pondoh,Sleman,5650
2025-10-10,Salak Pondoh,Sleman,5850
2025-10-11,Salak Pondoh,Sleman,5450
2025-10-12,Salak Pondoh,Sleman,5550
2025-10-13,Salak Pondoh,Sleman,5750
2025-10-14,Salak Pondoh,Sleman,5350
2025-10-15,Salak Pondoh,Sleman,5450
2025-10-16,Salak Pondoh,Sleman,5500
2025-10-17,Salak Pondoh,Sleman,5500
2025-10-18,Salak Pondoh,Sleman,5450
2025-10-19,Salak Pondoh,Sleman,5400
2025-10-20,Salak Pondoh,Sleman,5350
2025-10-21,Salak Pondoh,Sleman,5500
2025-10-22,Salak Pondoh,Sleman,5350
2025-10-23,Salak Pondoh,Sleman,5800
2025-10-24,Salak Pondoh,Sleman,5550
2025-10-25,Salak Pondoh,Sleman,5550
2025-10-26,Salak Pondoh,Sleman,5350
2025-10-27,Salak Pondoh,Sleman,5450
2025-10-28,Salak Pondoh,Sleman,5650
2025-10-29,Salak Pondoh,Sleman,5400
2025-10-30,Salak Pondoh,Sleman,5700
2025-10-31,Salak Pondoh,Sleman,5200
2025-11-01,Salak Pondoh,Sleman,5750
2025-11-02,Salak Pondoh,Sleman,5350
2025-11-03,Salak Pondoh,Sleman,5700
2025-11-04,Salak Pondoh,Sleman,5300
2025-11-05,Salak Pondoh,Sleman,5700
2025-11-06,Salak Pondoh,Sleman,5800
2025-11-07,Salak Pondoh,Sleman,5850
2025-11-08,Salak Pondoh,Sleman,5450
2025-11-09,Salak Pondoh,Sleman,5600
2025-11-10,Salak Pondoh,Sleman,5650
2025-11-11,Salak Pondoh,Sleman,5250
2025-11-12,Salak Pondoh,Sleman,5750
2025-11-13,Salak Pondoh,Sleman,5650
2025-11-14,Salak Pondoh,Sleman,5750
2025-11-15,Salak Pondoh,Sleman,5800
2025-11-16,Salak Pondoh,Sleman,5500
2025-11-17,Salak Pondoh,Sleman,5950
2025-11-18,Salak Pondoh,Sleman,5750
2025-11-19,Salak Pondoh,Sleman,5750
2025-11-20,Salak Pondoh,Sleman,5500
2025-11-21,Salak Pondoh,Sleman,5750
2025-11-22,Salak Pondoh,Sleman,5700
2025-11-23,Salak Pondoh,Sleman,6250
2025-11-24,Salak Pondoh,Sleman,5900
2025-11-25,Salak Pondoh,Sleman,5800
2025-11-26,Salak Pondoh,Sleman,5300
2025-11-27,Salak Pondoh,Sleman,5850
2025-11-28,Salak Pondoh,Sleman,5600
2025-11-29,Salak Pondoh,Sleman,5550
2025-11-30,Salak Pondoh,Sleman,5950
2025-12-01,Salak Pondoh,Sleman,5950
2025-12-02,Salak Pondoh,Sleman,5850
2025-12-03,Salak Pondoh,Sleman,5950
2025-12-04,Salak Pondoh,Sleman,5900
2025-12-05,Salak Pondoh,Sleman,5600
2025-12-06,Salak Pondoh,Sleman,5550
2025-12-07,Salak Pondoh,Sleman,5700
2025-12-08,Salak Pondoh,Sleman,5950
2025-12-09,Salak Pondoh,Sleman,5900
2025-12-10,Salak Pondoh,Sleman,6000
2025-12-11,Salak Pondoh,Sleman,5700
2025-12-12,Salak Pondoh,Sleman,6200
2025-12-13,Salak Pondoh,Sleman,6100
2025-12-14,Salak Pondoh,Sleman,6000
2025-12-15,Salak Pondoh,Sleman,6200
2025-12-16,Salak Pondoh,Sleman,6250
2025-12-17,Salak Pondoh,Sleman,6400
2025-12-18,Salak Pondoh,Sleman,6250
2025-12-19,Salak Pondoh,Sleman,6150
2025-12-20,Salak Pondoh,Sleman,6500
2025-12-21,Salak Pondoh,Sleman,6100
2025-12-22,Salak Pondoh,Sleman,6500
2025-12-23,Salak Pondoh,Sleman,6550
2025-12-24,Salak Pondoh,Sleman,6150
2025-12-25,Salak Pondoh,Sleman,6300
2025-12-26,Salak Pondoh,Sleman,6200
2025-12-27,Salak Pondoh,Sleman,6100
2025-12-28,Salak Pondoh,Sleman,6350
2025-12-29,Salak Pondoh,Sleman,6350
2025-12-30,Salak Pondoh,Sleman,6150
2025-12-31,Salak Pondoh,Sleman,6400
2026-01-01,Salak Pondoh,Sleman,5950
2026-01-02,Salak Pondoh,Sleman,6900
2026-01-03,Salak Pondoh,Sleman,6350
2026-01-04,Salak Pondoh,Sleman,6550
2026-01-05,Salak Pondoh,Sleman,6800
2026-01-06,Salak Pondoh,Sleman,6550
2026-01-07,Salak Pondoh,Sleman,7000
2026-01-08,Salak Pondoh,Sleman,6400
2026-01-09,Salak Pondoh,Sleman,6700
2026-01-10,Salak Pondoh,Sleman,6700
2026-01-11,Salak Pondoh,Sleman,6150
2026-01-12,Salak Pondoh,Sleman,7100
2026-01-13,Salak Pondoh,Sleman,6950
2026-01-14,Salak Pondoh,Sleman,6300
2026-01-15,Salak Pondoh,Sleman,7150
2026-01-16,Salak Pondoh,Sleman,6750
2026-01-17,Salak Pondoh,Sleman,6900
2026-01-18,Salak Pondoh,Sleman,6850
2026-01-19,Salak Pondoh,Sleman,7400
2026-01-20,Salak Pondoh,Sleman,7100
2026-01-21,Salak Pondoh,Sleman,7150
2026-01-22,Salak Pondoh,Sleman,7000
2026-01-23,Salak Pondoh,Sleman,7150
2026-01-24,Salak Pondoh,Sleman,7200
2026-01-25,Salak Pondoh,Sleman,7100
2026-01-26,Salak Pondoh,Sleman,7200
2026-01-27,Salak Pondoh,Sleman,7150
2026-01-28,Salak Pondoh,Sleman,7050
2026-01-29,Salak Pondoh,Sleman,7350
2026-01-30,Salak Pondoh,Sleman,7400
2026-01-31,Salak Pondoh,Sleman,7000
2026-02-01,Salak Pondoh,Sleman,7050
2026-02-02,Salak Pondoh,Sleman,7200
2026-02-03,Salak Pondoh,Sleman,7200
2026-02-04,Salak Pondoh,Sleman,7350
2026-02-05,Salak Pondoh,Sleman,7650
2026-02-06,Salak Pondoh,Sleman,7600
2026-02-07,Salak Pondoh,Sleman,7250
2026-02-08,Salak Pondoh,Sleman,7700
2026-02-09,Salak Pondoh,Sleman,7450
2026-02-10,Salak Pondoh,Sleman,7050
2026-02-11,Salak Pondoh,Sleman,7500
2026-02-12,Salak Pondoh,Sleman,7650
2026-02-13,Salak Pondoh,Sleman,7900
2026-02-14,Salak Pondoh,Sleman,8050
2026-02-15,Salak Pondoh,Sleman,7600
2026-02-16,Salak Pondoh,Sleman,7750
2026-02-17,Salak Pondoh,Sleman,8050
2026-02-18,Salak Pondoh,Sleman,7700
2026-02-19,Salak Pondoh,Sleman,8000
2026-02-20,Salak Pondoh,Sleman,8050
2026-02-21,Salak Pondoh,Sleman,8400
2026-02-22,Salak Pondoh,Sleman,8100
2026-02-23,Salak Pondoh,Sleman,7700
2026-02-24,Salak Pondoh,Sleman,7850
2026-02-25,Salak Pondoh,Sleman,8450
2026-02-26,Salak Pondoh,Sleman,7750
2026-02-27,Salak Pondoh,Sleman,7700
2026-02-28,Salak Pondoh,Sleman,7850
2026-03-01,Salak Pondoh,Sleman,8350
2026-03-02,Salak Pondoh,Sleman,8050
2026-03-03,Salak Pondoh,Sleman,8550
2026-03-04,Salak Pondoh,Sleman,8500
2026-03-05,Salak Pondoh,Sleman,8500
2026-03-06,Salak Pondoh,Sleman,8300
2026-03-07,Salak Pondoh,Sleman,8400
2026-03-08,Salak Pondoh,Sleman,8500
2026-03-09,Salak Pondoh,Sleman,8400
2026-03-10,Salak Pondoh,Sleman,8300
2026-03-11,Salak Pondoh,Sleman,8450
2026-03-12,Salak Pondoh,Sleman,8450
2026-03-13,Salak Pondoh,Sleman,8550
2026-03-14,Salak Pondoh,Sleman,8300
2026-03-15,Salak Pondoh,Sleman,8200
2026-03-16,Salak Pondoh,Sleman,8750
2026-03-17,Salak Pondoh,Sleman,8800
2026-03-18,Salak Pondoh,Sleman,8450
2026-03-19,Salak Pondoh,Sleman,8350
2026-03-20,Salak Pondoh,Sleman,8400
2026-03-21,Salak Pondoh,Sleman,8600
2026-03-22,Salak Pondoh,Sleman,8650
2026-03-23,Salak Pondoh,Sleman,8600
2026-03-24,Salak Pondoh,Sleman,8600
2026-03-25,Salak Pondoh,Sleman,8750
2026-03-26,Salak Pondoh,Sleman,8700
2026-03-27,Salak Pondoh,Sleman,8750
2026-03-28,Salak Pondoh,Sleman,8650
2026-03-29,Salak Pondoh,Sleman,9050
2026-03-30,Salak Pondoh,Sleman,9050
2026-03-31,Salak Pondoh,Sleman,8950
2026-04-01,Salak Pondoh,Sleman,8550
2026-04-02,Salak Pondoh,Sleman,9050
2026-04-03,Salak Pondoh,Sleman,9600
2026-04-04,Salak Pondoh,Sleman,9000
2026-04-05,Salak Pondoh,Sleman,8900
2026-04-06,Salak Pondoh,Sleman,9000
2026-04-07,Salak Pondoh,Sleman,9050
2026-04-08,Salak Pondoh,Sleman,9000
2026-04-09,Salak Pondoh,Sleman,9100
2026-04-10,Salak Pondoh,Sleman,8800
2026-04-11,Salak Pondoh,Sleman,8950
2026-04-12,Salak Pondoh,Sleman,8800
2026-04-13,Salak Pondoh,Sleman,9200
2026-04-14,Salak Pondoh,Sleman,9000
2026-04-15,Salak Pondoh,Sleman,8950
2026-04-16,Salak Pondoh,Sleman,8900
2026-04-17,Salak Pondoh,Sleman,8850
2026-04-18,Salak Pondoh,Sleman,9150
2026-04-19,Salak Pondoh,Sleman,9650
2026-04-20,Salak Pondoh,Sleman,9000
2026-04-21,Salak Pondoh,Sleman,9000
2026-04-22,Salak Pondoh,Sleman,8900
2026-04-23,Salak Pondoh,Sleman,8900
2026-04-24,Salak Pondoh,Sleman,9450
2026-04-25,Salak Pondoh,Sleman,9300
2026-04-26,Salak Pondoh,Sleman,9000
2026-04-27,Salak Pondoh,Sleman,8850
2026-04-28,Salak Pondoh,Sleman,8800
2026-04-29,Salak Pondoh,Sleman,9350
2026-04-30,Salak Pondoh,Sleman,9100
2026-05-01,Salak Pondoh,Sleman,9600
2026-05-02,Salak Pondoh,Sleman,8950
2026-05-03,Salak Pondoh,Sleman,9300
2026-05-04,Salak Pondoh,Sleman,9000
2026-05-05,Salak Pondoh,Sleman,9350
2026-05-06,Salak Pondoh,Sleman,8850
2026-05-07,Salak Pondoh,Sleman,9100
2026-05-08,Salak Pondoh,Sleman,8950
2026-05-09,Salak Pondoh,Sleman,9200
2026-05-10,Salak Pondoh,Sleman,8950
2026-05-11,Salak Pondoh,Sleman,8950
2026-05-12,Salak Pondoh,Sleman,9400
2026-05-13,Salak Pondoh,Sleman,8600
2026-05-14,Salak Pondoh,Sleman,9250
2026-05-15,Salak Pondoh,Sleman,9150
2026-05-16,Salak Pondoh,Sleman,9050
2026-05-17,Salak Pondoh,Sleman,8950
2026-05-18,Salak Pondoh,Sleman,9050
2026-05-19,Salak Pondoh,Sleman,8700
2026-05-20,Salak Pondoh,Sleman,9100
2026-05-21,Salak Pondoh,Sleman,8850
2026-05-22,Salak Pondoh,Sleman,9000
2026-05-23,Salak Pondoh,Sleman,9200
2026-05-24,Salak Pondoh,Sleman,8700
2026-05-25,Salak Pondoh,Sleman,8550
2026-05-26,Salak Pondoh,Sleman,8850
2026-05-27,Salak Pondoh,Sleman,8850
2026-05-28,Salak Pondoh,Sleman,8650
2026-05-29,Salak Pondoh,Sleman,8400
2026-05-30,Salak Pondoh,Sleman,8650
2026-05-31,Salak Pondoh,Sleman,8850
2026-06-01,Salak Pondoh,Sleman,9000
2026-06-02,Salak Pondoh,Sleman,8400
2026-06-03,Salak Pondoh,Sleman,8700
2026-06-04,Salak Pondoh,Sleman,8700
2026-06-05,Salak Pondoh,Sleman,8800
2026-06-06,Salak Pondoh,Sleman,9000
2026-06-07,Salak Pondoh,Sleman,8650
2026-06-08,Salak Pondoh,Sleman,8850
2026-06-09,Salak Pondoh,Sleman,8600
2026-06-10,Salak Pondoh,Sleman,9000
2026-06-11,Salak Pondoh,Sleman,9100
2026-06-12,Salak Pondoh,Sleman,8750
2026-06-13,Salak Pondoh,Sleman,8600
2026-06-14,Salak Pondoh,Sleman,8800
2026-06-15,Salak Pondoh,Sleman,8700
2026-06-16,Salak Pondoh,Sleman,8550
2026-06-17,Salak Pondoh,Sleman,8450
2026-06-18,Salak Pondoh,Sleman,8750
2026-06-19,Salak Pondoh,Sleman,8800
2026-06-20,Salak Pondoh,Sleman,8650
2026-06-21,Salak Pondoh,Sleman,8800
2026-06-22,Salak Pondoh,Sleman,8400
2026-06-23,Salak Pondoh,Sleman,8800
2026-06-24,Salak Pondoh,Sleman,8700
2026-06-25,Salak Pondoh,Sleman,8750
2026-06-26,Salak Pondoh,Sleman,8750
2026-06-27,Salak Pondoh,Sleman,8350
2026-06-28,Salak Pondoh,Sleman,8400
2026-06-29,Salak Pondoh,Sleman,8350
2026-06-30,Salak Pondoh,Sleman,8450
2025-07-01,Nanas,Kediri,5800
2025-07-02,Nanas,Kediri,5750
2025-07-03,Nanas,Kediri,5700
2025-07-04,Nanas,Kediri,5550
2025-07-05,Nanas,Kediri,5750
2025-07-06,Nanas,Kediri,5700
2025-07-07,Nanas,Kediri,5700
2025-07-08,Nanas,Kediri,5700
2025-07-09,Nanas,Kediri,5600
2025-07-10,Nanas,Kediri,5750
2025-07-11,Nanas,Kediri,5700
2025-07-12,Nanas,Kediri,5450
2025-07-13,Nanas,Kediri,5650
2025-07-14,Nanas,Kediri,5800
2025-07-15,Nanas,Kediri,5700
2025-07-16,Nanas,Kediri,5850
2025-07-17,Nanas,Kediri,5850
2025-07-18,Nanas,Kediri,5650
2025-07-19,Nanas,Kediri,5500
2025-07-20,Nanas,Kediri,5600
2025-07-21,Nanas,Kediri,5600
2025-07-22,Nanas,Kediri,5400
2025-07-23,Nanas,Kediri,5650
2025-07-24,Nanas,Kediri,5500
2025-07-25,Nanas,Kediri,5600
2025-07-26,Nanas,Kediri,5550
2025-07-27,Nanas,Kediri,5650
2025-07-28,Nanas,Kediri,5450
2025-07-29,Nanas,Kediri,5450
2025-07-30,Nanas,Kediri,5500
2025-07-31,Nanas,Kediri,5500
2025-08-01,Nanas,Kediri,5500
2025-08-02,Nanas,Kediri,5200
2025-08-03,Nanas,Kediri,5250
2025-08-04,Nanas,Kediri,5200
2025-08-05,Nanas,Kediri,5350
2025-08-06,Nanas,Kediri,5450
2025-08-07,Nanas,Kediri,5500
2025-08-08,Nanas,Kediri,5550
2025-08-09,Nanas,Kediri,5200
2025-08-10,Nanas,Kediri,5350
2025-08-11,Nanas,Kediri,5300
2025-08-12,Nanas,Kediri,5300
2025-08-13,Nanas,Kediri,5250
2025-08-14,Nanas,Kediri,5150
2025-08-15,Nanas,Kediri,5100
2025-08-16,Nanas,Kediri,5250
2025-08-17,Nanas,Kediri,5350
2025-08-18,Nanas,Kediri,4950
2025-08-19,Nanas,Kediri,5200
2025-08-20,Nanas,Kediri,5400
2025-08-21,Nanas,Kediri,5100
2025-08-22,Nanas,Kediri,5050
2025-08-23,Nanas,Kediri,5350
2025-08-24,Nanas,Kediri,5300
2025-08-25,Nanas,Kediri,5250
2025-08-26,Nanas,Kediri,5200
2025-08-27,Nanas,Kediri,5200
2025-08-28,Nanas,Kediri,4950
2025-08-29,Nanas,Kediri,5100
2025-08-30,Nanas,Kediri,4800
2025-08-31,Nanas,Kediri,4850
2025-09-01,Nanas,Kediri,4950
2025-09-02,Nanas,Kediri,5050
2025-09-03,Nanas,Kediri,5000
2025-09-04,Nanas,Kediri,4950
2025-09-05,Nanas,Kediri,4950
2025-09-06,Nanas,Kediri,4900
2025-09-07,Nanas,Kediri,5050
2025-09-08,Nanas,Kediri,4600
2025-09-09,Nanas,Kediri,5150
2025-09-10,Nanas,Kediri,4900
2025-09-11,Nanas,Kediri,5150
2025-09-12,Nanas,Kediri,4950
2025-09-13,Nanas,Kediri,4850
2025-09-14,Nanas,Kediri,4950
2025-09-15,Nanas,Kediri,4950
2025-09-16,Nanas,Kediri,4950
2025-09-17,Nanas,Kediri,4700
2025-09-18,Nanas,Kediri,4750
2025-09-19,Nanas,Kediri,5000
2025-09-20,Nanas,Kediri,4900
2025-09-21,Nanas,Kediri,5000
2025-09-22,Nanas,Kediri,4550
2025-09-23,Nanas,Kediri,4850
2025-09-24,Nanas,Kediri,5000
2025-09-25,Nanas,Kediri,4850
2025-09-26,Nanas,Kediri,4650
2025-09-27,Nanas,Kediri,4750
2025-09-28,Nanas,Kediri,4950
2025-09-29,Nanas,Kediri,4850
2025-09-30,Nanas,Kediri,4850
2025-10-01,Nanas,Kediri,4600
2025-10-02,Nanas,Kediri,4700
2025-10-03,Nanas,Kediri,4800
2025-10-04,Nanas,Kediri,4950
2025-10-05,Nanas,Kediri,4750
2025-10-06,Nanas,Kediri,4950
2025-10-07,Nanas,Kediri,4800
2025-10-08,Nanas,Kediri,4600
2025-10-09,Nanas,Kediri,4650
2025-10-10,Nanas,Kediri,4650
2025-10-11,Nanas,Kediri,4700
2025-10-12,Nanas,Kediri,4700
2025-10-13,Nanas,Kediri,4650
2025-10-14,Nanas,Kediri,4650
2025-10-15,Nanas,Kediri,4600
2025-10-16,Nanas,Kediri,4750
2025-10-17,Nanas,Kediri,4700
2025-10-18,Nanas,Kediri,5000
2025-10-19,Nanas,Kediri,4550
2025-10-20,Nanas,Kediri,4400
2025-10-21,Nanas,Kediri,4700
2025-10-22,Nanas,Kediri,4750
2025-10-23,Nanas,Kediri,4600
2025-10-24,Nanas,Kediri,4950
2025-10-25,Nanas,Kediri,4700
2025-10-26,Nanas,Kediri,4750
2025-10-27,Nanas,Kediri,4700
2025-10-28,Nanas,Kediri,5000
2025-10-29,Nanas,Kediri,4700
2025-10-30,Nanas,Kediri,4400
2025-10-31,Nanas,Kediri,4350
2025-11-01,Nanas,Kediri,4800
2025-11-02,Nanas,Kediri,4650
2025-11-03,Nanas,Kediri,4750
2025-11-04,Nanas,Kediri,4750
2025-11-05,Nanas,Kediri,4600
2025-11-06,Nanas,Kediri,4850
2025-11-07,Nanas,Kediri,4800
2025-11-08,Nanas,Kediri,4900
2025-11-09,Nanas,Kediri,4850
2025-11-10,Nanas,Kediri,4650
2025-11-11,Nanas,Kediri,4550
2025-11-12,Nanas,Kediri,4550
2025-11-13,Nanas,Kediri,4600
2025-11-14,Nanas,Kediri,4600
2025-11-15,Nanas,Kediri,4800
2025-11-16,Nanas,Kediri,4650
2025-11-17,Nanas,Kediri,4850
2025-11-18,Nanas,Kediri,4900
2025-11-19,Nanas,Kediri,4300
2025-11-20,Nanas,Kediri,4750
2025-11-21,Nanas,Kediri,4550
2025-11-22,Nanas,Kediri,4650
2025-11-23,Nanas,Kediri,4750
2025-11-24,Nanas,Kediri,4800
2025-11-25,Nanas,Kediri,4750
2025-11-26,Nanas,Kediri,5000
2025-11-27,Nanas,Kediri,4450
2025-11-28,Nanas,Kediri,4700
2025-11-29,Nanas,Kediri,4950
2025-11-30,Nanas,Kediri,4600
2025-12-01,Nanas,Kediri,4800
2025-12-02,Nanas,Kediri,4800
2025-12-03,Nanas,Kediri,4750
2025-12-04,Nanas,Kediri,4850
2025-12-05,Nanas,Kediri,4550
2025-12-06,Nanas,Kediri,4900
2025-12-07,Nanas,Kediri,4700
2025-12-08,Nanas,Kediri,4750
2025-12-09,Nanas,Kediri,5150
2025-12-10,Nanas,Kediri,5000
2025-12-11,Nanas,Kediri,4800
2025-12-12,Nanas,Kediri,5050
2025-12-13,Nanas,Kediri,5050
2025-12-14,Nanas,Kediri,4800
2025-12-15,Nanas,Kediri,5000
2025-12-16,Nanas,Kediri,4950
2025-12-17,Nanas,Kediri,4850
2025-12-18,Nanas,Kediri,4850
2025-12-19,Nanas,Kediri,5300
2025-12-20,Nanas,Kediri,5050
2025-12-21,Nanas,Kediri,5050
2025-12-22,Nanas,Kediri,5200
2025-12-23,Nanas,Kediri,4750
2025-12-24,Nanas,Kediri,5000
2025-12-25,Nanas,Kediri,5250
2025-12-26,Nanas,Kediri,4950
2025-12-27,Nanas,Kediri,5150
2025-12-28,Nanas,Kediri,5150
2025-12-29,Nanas,Kediri,4950
2025-12-30,Nanas,Kediri,5350
2025-12-31,Nanas,Kediri,4800
2026-01-01,Nanas,Kediri,5200
2026-01-02,Nanas,Kediri,5100
2026-01-03,Nanas,Kediri,4850
2026-01-04,Nanas,Kediri,5150
2026-01-05,Nanas,Kediri,5100
2026-01-06,Nanas,Kediri,5000
2026-01-07,Nanas,Kediri,5350
2026-01-08,Nanas,Kediri,5200
2026-01-09,Nanas,Kediri,5350
2026-01-10,Nanas,Kediri,5000
2026-01-11,Nanas,Kediri,5450
2026-01-12,Nanas,Kediri,5450
2026-01-13,Nanas,Kediri,5350
2026-01-14,Nanas,Kediri,5100
2026-01-15,Nanas,Kediri,5150
2026-01-16,Nanas,Kediri,5250
2026-01-17,Nanas,Kediri,5350
2026-01-18,Nanas,Kediri,5400
2026-01-19,Nanas,Kediri,5200
2026-01-20,Nanas,Kediri,5250
2026-01-21,Nanas,Kediri,5350
2026-01-22,Nanas,Kediri,5300
2026-01-23,Nanas,Kediri,5200
2026-01-24,Nanas,Kediri,5150
2026-01-25,Nanas,Kediri,5550
2026-01-26,Nanas,Kediri,5250
2026-01-27,Nanas,Kediri,5500
2026-01-28,Nanas,Kediri,5450
2026-01-29,Nanas,Kediri,5650
2026-01-30,Nanas,Kediri,5400
2026-01-31,Nanas,Kediri,5450
2026-02-01,Nanas,Kediri,5700
2026-02-02,Nanas,Kediri,5300
2026-02-03,Nanas,Kediri,5300
2026-02-04,Nanas,Kediri,5550
2026-02-05,Nanas,Kediri,5650
2026-02-06,Nanas,Kediri,5500
2026-02-07,Nanas,Kediri,5700
2026-02-08,Nanas,Kediri,5550
2026-02-09,Nanas,Kediri,5400
2026-02-10,Nanas,Kediri,5500
2026-02-11,Nanas,Kediri,5600
2026-02-12,Nanas,Kediri,5800
2026-02-13,Nanas,Kediri,5950
2026-02-14,Nanas,Kediri,5850
2026-02-15,Nanas,Kediri,5650
2026-02-16,Nanas,Kediri,5750
2026-02-17,Nanas,Kediri,5700
2026-02-18,Nanas,Kediri,5500
2026-02-19,Nanas,Kediri,6000
2026-02-20,Nanas,Kediri,5500
2026-02-21,Nanas,Kediri,5900
2026-02-22,Nanas,Kediri,5750
2026-02-23,Nanas,Kediri,5700
2026-02-24,Nanas,Kediri,5650
2026-02-25,Nanas,Kediri,6000
2026-02-26,Nanas,Kediri,5700
2026-02-27,Nanas,Kediri,5750
2026-02-28,Nanas,Kediri,5650
2026-03-01,Nanas,Kediri,5850
2026-03-02,Nanas,Kediri,5750
2026-03-03,Nanas,Kediri,5800
2026-03-04,Nanas,Kediri,5900
2026-03-05,Nanas,Kediri,5850
2026-03-06,Nanas,Kediri,6000
2026-03-07,Nanas,Kediri,5650
2026-03-08,Nanas,Kediri,5950
2026-03-09,Nanas,Kediri,6000
2026-03-10,Nanas,Kediri,5850
2026-03-11,Nanas,Kediri,6050
2026-03-12,Nanas,Kediri,6100
2026-03-13,Nanas,Kediri,6100
2026-03-14,Nanas,Kediri,6100
2026-03-15,Nanas,Kediri,6000
2026-03-16,Nanas,Kediri,6150
2026-03-17,Nanas,Kediri,6150
2026-03-18,Nanas,Kediri,5850
2026-03-19,Nanas,Kediri,6350
2026-03-20,Nanas,Kediri,6050
2026-03-21,Nanas,Kediri,5950
2026-03-22,Nanas,Kediri,6000
2026-03-23,Nanas,Kediri,6150
2026-03-24,Nanas,Kediri,6250
2026-03-25,Nanas,Kediri,5950
2026-03-26,Nanas,Kediri,6300
2026-03-27,Nanas,Kediri,5950
2026-03-28,Nanas,Kediri,6050
2026-03-29,Nanas,Kediri,6100
2026-03-30,Nanas,Kediri,6250
2026-03-31,Nanas,Kediri,6550
2026-04-01,Nanas,Kediri,6450
2026-04-02,Nanas,Kediri,6100
2026-04-03,Nanas,Kediri,6400
2026-04-04,Nanas,Kediri,6250
2026-04-05,Nanas,Kediri,6200
2026-04-06,Nanas,Kediri,5850
2026-04-07,Nanas,Kediri,6150
2026-04-08,Nanas,Kediri,6250
2026-04-09,Nanas,Kediri,6400
2026-04-10,Nanas,Kediri,6250
2026-04-11,Nanas,Kediri,5800
2026-04-12,Nanas,Kediri,6150
2026-04-13,Nanas,Kediri,5900
2026-04-14,Nanas,Kediri,6350
2026-04-15,Nanas,Kediri,6450
2026-04-16,Nanas,Kediri,6500
2026-04-17,Nanas,Kediri,6350
2026-04-18,Nanas,Kediri,6300
2026-04-19,Nanas,Kediri,6300
2026-04-20,Nanas,Kediri,6450
2026-04-21,Nanas,Kediri,6700
2026-04-22,Nanas,Kediri,6350
2026-04-23,Nanas,Kediri,6050
2026-04-24,Nanas,Kediri,6100
2026-04-25,Nanas,Kediri,6250
2026-04-26,Nanas,Kediri,6150
2026-04-27,Nanas,Kediri,6200
2026-04-28,Nanas,Kediri,6250
2026-04-29,Nanas,Kediri,6550
2026-04-30,Nanas,Kediri,6050
2026-05-01,Nanas,Kediri,6250
2026-05-02,Nanas,Kediri,6400
2026-05-03,Nanas,Kediri,6250
2026-05-04,Nanas,Kediri,6750
2026-05-05,Nanas,Kediri,6400
2026-05-06,Nanas,Kediri,6150
2026-05-07,Nanas,Kediri,6500
2026-05-08,Nanas,Kediri,6350
2026-05-09,Nanas,Kediri,6200
2026-05-10,Nanas,Kediri,6650
2026-05-11,Nanas,Kediri,6150
2026-05-12,Nanas,Kediri,6200
2026-05-13,Nanas,Kediri,6350
2026-05-14,Nanas,Kediri,6250
2026-05-15,Nanas,Kediri,6100
2026-05-16,Nanas,Kediri,6350
2026-05-17,Nanas,Kediri,6600
2026-05-18,Nanas,Kediri,6250
2026-05-19,Nanas,Kediri,5950
2026-05-20,Nanas,Kediri,6050
2026-05-21,Nanas,Kediri,6000
2026-05-22,Nanas,Kediri,6200
2026-05-23,Nanas,Kediri,6250
2026-05-24,Nanas,Kediri,6200
2026-05-25,Nanas,Kediri,6100
2026-05-26,Nanas,Kediri,6350
2026-05-27,Nanas,Kediri,6150
2026-05-28,Nanas,Kediri,6350
2026-05-29,Nanas,Kediri,6150
2026-05-30,Nanas,Kediri,6350
2026-05-31,Nanas,Kediri,6100
2026-06-01,Nanas,Kediri,6050
2026-06-02,Nanas,Kediri,6150
2026-06-03,Nanas,Kediri,6200
2026-06-04,Nanas,Kediri,6000
2026-06-05,Nanas,Kediri,6250
2026-06-06,Nanas,Kediri,6150
2026-06-07,Nanas,Kediri,6250
2026-06-08,Nanas,Kediri,6100
2026-06-09,Nanas,Kediri,6300
2026-06-10,Nanas,Kediri,6250
2026-06-11,Nanas,Kediri,6150
2026-06-12,Nanas,Kediri,6000
2026-06-13,Nanas,Kediri,6050
2026-06-14,Nanas,Kediri,6050
2026-06-15,Nanas,Kediri,6150
2026-06-16,Nanas,Kediri,5850
2026-06-17,Nanas,Kediri,6400
2026-06-18,Nanas,Kediri,6100
2026-06-19,Nanas,Kediri,6000
2026-06-20,Nanas,Kediri,5750
2026-06-21,Nanas,Kediri,5850
2026-06-22,Nanas,Kediri,6100
2026-06-23,Nanas,Kediri,6050
2026-06-24,Nanas,Kediri,6000
2026-06-25,Nanas,Kediri,5750
2026-06-26,Nanas,Kediri,6250
2026-06-27,Nanas,Kediri,6050
2026-06-28,Nanas,Kediri,6000
2026-06-29,Nanas,Kediri,6150
2026-06-30,Nanas,Kediri,5850
2025-07-01,Singkong,Gunungkidul,2400
2025-07-02,Singkong,Gunungkidul,2400
2025-07-03,Singkong,Gunungkidul,2300
2025-07-04,Singkong,Gunungkidul,2400
2025-07-05,Singkong,Gunungkidul,2400
2025-07-06,Singkong,Gunungkidul,2350
2025-07-07,Singkong,Gunungkidul,2300
2025-07-08,Singkong,Gunungkidul,2350
2025-07-09,Singkong,Gunungkidul,2400
2025-07-10,Singkong,Gunungkidul,2400
2025-07-11,Singkong,Gunungkidul,2350
2025-07-12,Singkong,Gunungkidul,2300
2025-07-13,Singkong,Gunungkidul,2350
2025-07-14,Singkong,Gunungkidul,2350
2025-07-15,Singkong,Gunungkidul,2400
2025-07-16,Singkong,Gunungkidul,2350
2025-07-17,Singkong,Gunungkidul,2350
2025-07-18,Singkong,Gunungkidul,2300
2025-07-19,Singkong,Gunungkidul,2450
2025-07-20,Singkong,Gunungkidul,2350
2025-07-21,Singkong,Gunungkidul,2400
2025-07-22,Singkong,Gunungkidul,2350
2025-07-23,Singkong,Gunungkidul,2450
2025-07-24,Singkong,Gunungkidul,2300
2025-07-25,Singkong,Gunungkidul,2300
2025-07-26,Singkong,Gunungkidul,2300
2025-07-27,Singkong,Gunungkidul,2300
2025-07-28,Singkong,Gunungkidul,2200
2025-07-29,Singkong,Gunungkidul,2250
2025-07-30,Singkong,Gunungkidul,2350
2025-07-31,Singkong,Gunungkidul,2150
2025-08-01,Singkong,Gunungkidul,2300
2025-08-02,Singkong,Gunungkidul,2250
2025-08-03,Singkong,Gunungkidul,2200
2025-08-04,Singkong,Gunungkidul,2300
2025-08-05,Singkong,Gunungkidul,2300
2025-08-06,Singkong,Gunungkidul,2250
2025-08-07,Singkong,Gunungkidul,2250
2025-08-08,Singkong,Gunungkidul,2250
2025-08-09,Singkong,Gunungkidul,2400
2025-08-10,Singkong,Gunungkidul,2300
2025-08-11,Singkong,Gunungkidul,2300
2025-08-12,Singkong,Gunungkidul,2100
2025-08-13,Singkong,Gunungkidul,2200
2025-08-14,Singkong,Gunungkidul,2200
2025-08-15,Singkong,Gunungkidul,2200
2025-08-16,Singkong,Gunungkidul,2300
2025-08-17,Singkong,Gunungkidul,2400
2025-08-18,Singkong,Gunungkidul,2200
2025-08-19,Singkong,Gunungkidul,2300
2025-08-20,Singkong,Gunungkidul,2250
2025-08-21,Singkong,Gunungkidul,2300
2025-08-22,Singkong,Gunungkidul,2250
2025-08-23,Singkong,Gunungkidul,2300
2025-08-24,Singkong,Gunungkidul,2250
2025-08-25,Singkong,Gunungkidul,2150
2025-08-26,Singkong,Gunungkidul,2250
2025-08-27,Singkong,Gunungkidul,2300
2025-08-28,Singkong,Gunungkidul,2100
2025-08-29,Singkong,Gunungkidul,2250
2025-08-30,Singkong,Gunungkidul,2200
2025-08-31,Singkong,Gunungkidul,2300
2025-09-01,Singkong,Gunungkidul,2250
2025-09-02,Singkong,Gunungkidul,2300
2025-09-03,Singkong,Gunungkidul,2300
2025-09-04,Singkong,Gunungkidul,2350
2025-09-05,Singkong,Gunungkidul,2150
2025-09-06,Singkong,Gunungkidul,2300
2025-09-07,Singkong,Gunungkidul,2100
2025-09-08,Singkong,Gunungkidul,2050
2025-09-09,Singkong,Gunungkidul,2150
2025-09-10,Singkong,Gunungkidul,2200
2025-09-11,Singkong,Gunungkidul,2150
2025-09-12,Singkong,Gunungkidul,2250
2025-09-13,Singkong,Gunungkidul,2100
2025-09-14,Singkong,Gunungkidul,2200
2025-09-15,Singkong,Gunungkidul,2050
2025-09-16,Singkong,Gunungkidul,2400
2025-09-17,Singkong,Gunungkidul,2250
2025-09-18,Singkong,Gunungkidul,2100
2025-09-19,Singkong,Gunungkidul,2200
2025-09-20,Singkong,Gunungkidul,2200
2025-09-21,Singkong,Gunungkidul,2200
2025-09-22,Singkong,Gunungkidul,2150
2025-09-23,Singkong,Gunungkidul,2050
2025-09-24,Singkong,Gunungkidul,2150
2025-09-25,Singkong,Gunungkidul,2250
2025-09-26,Singkong,Gunungkidul,2200
2025-09-27,Singkong,Gunungkidul,2100
2025-09-28,Singkong,Gunungkidul,2300
2025-09-29,Singkong,Gunungkidul,2150
2025-09-30,Singkong,Gunungkidul,2250
2025-10-01,Singkong,Gunungkidul,2050
2025-10-02,Singkong,Gunungkidul,2150
2025-10-03,Singkong,Gunungkidul,2100
2025-10-04,Singkong,Gunungkidul,2050
2025-10-05,Singkong,Gunungkidul,2200
2025-10-06,Singkong,Gunungkidul,2150
2025-10-07,Singkong,Gunungkidul,2200
2025-10-08,Singkong,Gunungkidul,2100
2025-10-09,Singkong,Gunungkidul,2200
2025-10-10,Singkong,Gunungkidul,2050
2025-10-11,Singkong,Gunungkidul,2150
2025-10-12,Singkong,Gunungkidul,2200
2025-10-13,Singkong,Gunungkidul,2150
2025-10-14,Singkong,Gunungkidul,2100
2025-10-15,Singkong,Gunungkidul,2150
2025-10-16,Singkong,Gunungkidul,2100
2025-10-17,Singkong,Gunungkidul,2250
2025-10-18,Singkong,Gunungkidul,2050
2025-10-19,Singkong,Gunungkidul,2150
2025-10-20,Singkong,Gunungkidul,2150
2025-10-21,Singkong,Gunungkidul,2150
2025-10-22,Singkong,Gunungkidul,2100
2025-10-23,Singkong,Gunungkidul,2150
2025-10-24,Singkong,Gunungkidul,2100
2025-10-25,Singkong,Gunungkidul,2200
2025-10-26,Singkong,Gunungkidul,2200
2025-10-27,Singkong,Gunungkidul,2200
2025-10-28,Singkong,Gunungkidul,2150
2025-10-29,Singkong,Gunungkidul,2100
2025-10-30,Singkong,Gunungkidul,2150
2025-10-31,Singkong,Gunungkidul,2100
2025-11-01,Singkong,Gunungkidul,2200
2025-11-02,Singkong,Gunungkidul,2000
2025-11-03,Singkong,Gunungkidul,2200
2025-11-04,Singkong,Gunungkidul,2000
2025-11-05,Singkong,Gunungkidul,2100
2025-11-06,Singkong,Gunungkidul,2200
2025-11-07,Singkong,Gunungkidul,2150
2025-11-08,Singkong,Gunungkidul,2250
2025-11-09,Singkong,Gunungkidul,2100
2025-11-10,Singkong,Gunungkidul,2150
2025-11-11,Singkong,Gunungkidul,2150
2025-11-12,Singkong,Gunungkidul,2150
2025-11-13,Singkong,Gunungkidul,2150
2025-11-14,Singkong,Gunungkidul,2200
2025-11-15,Singkong,Gunungkidul,2150
2025-11-16,Singkong,Gunungkidul,2200
2025-11-17,Singkong,Gunungkidul,2200
2025-11-18,Singkong,Gunungkidul,2100
2025-11-19,Singkong,Gunungkidul,2200
2025-11-20,Singkong,Gunungkidul,2100
2025-11-21,Singkong,Gunungkidul,2100
2025-11-22,Singkong,Gunungkidul,2150
2025-11-23,Singkong,Gunungkidul,2100
2025-11-24,Singkong,Gunungkidul,2000
2025-11-25,Singkong,Gunungkidul,2050
2025-11-26,Singkong,Gunungkidul,2250
2025-11-27,Singkong,Gunungkidul,2100
2025-11-28,Singkong,Gunungkidul,2200
2025-11-29,Singkong,Gunungkidul,2250
2025-11-30,Singkong,Gunungkidul,2250
2025-12-01,Singkong,Gunungkidul,2100
2025-12-02,Singkong,Gunungkidul,2150
2025-12-03,Singkong,Gunungkidul,2150
2025-12-04,Singkong,Gunungkidul,2300
2025-12-05,Singkong,Gunungkidul,2200
2025-12-06,Singkong,Gunungkidul,2050
2025-12-07,Singkong,Gunungkidul,2200
2025-12-08,Singkong,Gunungkidul,2150
2025-12-09,Singkong,Gunungkidul,2150
2025-12-10,Singkong,Gunungkidul,2250
2025-12-11,Singkong,Gunungkidul,2250
2025-12-12,Singkong,Gunungkidul,2250
2025-12-13,Singkong,Gunungkidul,2300
2025-12-14,Singkong,Gunungkidul,2250
2025-12-15,Singkong,Gunungkidul,2300
2025-12-16,Singkong,Gunungkidul,2250
2025-12-17,Singkong,Gunungkidul,2150
2025-12-18,Singkong,Gunungkidul,2250
2025-12-19,Singkong,Gunungkidul,2250
2025-12-20,Singkong,Gunungkidul,2100
2025-12-21,Singkong,Gunungkidul,2200
2025-12-22,Singkong,Gunungkidul,2350
2025-12-23,Singkong,Gunungkidul,2250
2025-12-24,Singkong,Gunungkidul,2250
2025-12-25,Singkong,Gunungkidul,2300
2025-12-26,Singkong,Gunungkidul,2250
2025-12-27,Singkong,Gunungkidul,2200
2025-12-28,Singkong,Gunungkidul,2150
2025-12-29,Singkong,Gunungkidul,2200
2025-12-30,Singkong,Gunungkidul,2250
2025-12-31,Singkong,Gunungkidul,2200
2026-01-01,Singkong,Gunungkidul,2150
2026-01-02,Singkong,Gunungkidul,2400
2026-01-03,Singkong,Gunungkidul,2400
2026-01-04,Singkong,Gunungkidul,2250
2026-01-05,Singkong,Gunungkidul,2250
2026-01-06,Singkong,Gunungkidul,2350
2026-01-07,Singkong,Gunungkidul,2200
2026-01-08,Singkong,Gunungkidul,2250
2026-01-09,Singkong,Gunungkidul,2250
2026-01-10,Singkong,Gunungkidul,2400
2026-01-11,Singkong,Gunungkidul,2250
2026-01-12,Singkong,Gunungkidul,2350
2026-01-13,Singkong,Gunungkidul,2200
2026-01-14,Singkong,Gunungkidul,2350
2026-01-15,Singkong,Gunungkidul,2250
2026-01-16,Singkong,Gunungkidul,2300
2026-01-17,Singkong,Gunungkidul,2250
2026-01-18,Singkong,Gunungkidul,2250
2026-01-19,Singkong,Gunungkidul,2350
2026-01-20,Singkong,Gunungkidul,2250
2026-01-21,Singkong,Gunungkidul,2350
2026-01-22,Singkong,Gunungkidul,2350
2026-01-23,Singkong,Gunungkidul,2250
2026-01-24,Singkong,Gunungkidul,2300
2026-01-25,Singkong,Gunungkidul,2350
2026-01-26,Singkong,Gunungkidul,2400
2026-01-27,Singkong,Gunungkidul,2250
2026-01-28,Singkong,Gunungkidul,2450
2026-01-29,Singkong,Gunungkidul,2350
2026-01-30,Singkong,Gunungkidul,2250
2026-01-31,Singkong,Gunungkidul,2500
2026-02-01,Singkong,Gunungkidul,2500
2026-02-02,Singkong,Gunungkidul,2450
2026-02-03,Singkong,Gunungkidul,2400
2026-02-04,Singkong,Gunungkidul,2500
2026-02-05,Singkong,Gunungkidul,2400
2026-02-06,Singkong,Gunungkidul,2400
2026-02-07,Singkong,Gunungkidul,2400
2026-02-08,Singkong,Gunungkidul,2450
2026-02-09,Singkong,Gunungkidul,2350
2026-02-10,Singkong,Gunungkidul,2300
2026-02-11,Singkong,Gunungkidul,2450
2026-02-12,Singkong,Gunungkidul,2500
2026-02-13,Singkong,Gunungkidul,2450
2026-02-14,Singkong,Gunungkidul,2450
2026-02-15,Singkong,Gunungkidul,2350
2026-02-16,Singkong,Gunungkidul,2450
2026-02-17,Singkong,Gunungkidul,2350
2026-02-18,Singkong,Gunungkidul,2600
2026-02-19,Singkong,Gunungkidul,2450
2026-02-20,Singkong,Gunungkidul,2300
2026-02-21,Singkong,Gunungkidul,2450
2026-02-22,Singkong,Gunungkidul,2350
2026-02-23,Singkong,Gunungkidul,2400
2026-02-24,Singkong,Gunungkidul,2500
2026-02-25,Singkong,Gunungkidul,2450
2026-02-26,Singkong,Gunungkidul,2550
2026-02-27,Singkong,Gunungkidul,2400
2026-02-28,Singkong,Gunungkidul,2350
2026-03-01,Singkong,Gunungkidul,2500
2026-03-02,Singkong,Gunungkidul,2500
2026-03-03,Singkong,Gunungkidul,2500
2026-03-04,Singkong,Gunungkidul,2550
2026-03-05,Singkong,Gunungkidul,2350
2026-03-06,Singkong,Gunungkidul,2450
2026-03-07,Singkong,Gunungkidul,2450
2026-03-08,Singkong,Gunungkidul,2500
2026-03-09,Singkong,Gunungkidul,2450
2026-03-10,Singkong,Gunungkidul,2600
2026-03-11,Singkong,Gunungkidul,2450
2026-03-12,Singkong,Gunungkidul,2600
2026-03-13,Singkong,Gunungkidul,2600
2026-03-14,Singkong,Gunungkidul,2400
2026-03-15,Singkong,Gunungkidul,2500
2026-03-16,Singkong,Gunungkidul,2550
2026-03-17,Singkong,Gunungkidul,2500
2026-03-18,Singkong,Gunungkidul,2400
2026-03-19,Singkong,Gunungkidul,2400
2026-03-20,Singkong,Gunungkidul,2500
2026-03-21,Singkong,Gunungkidul,2350
2026-03-22,Singkong,Gunungkidul,2550
2026-03-23,Singkong,Gunungkidul,2600
2026-03-24,Singkong,Gunungkidul,2500
2026-03-25,Singkong,Gunungkidul,2500
2026-03-26,Singkong,Gunungkidul,2550
2026-03-27,Singkong,Gunungkidul,2600
2026-03-28,Singkong,Gunungkidul,2550
2026-03-29,Singkong,Gunungkidul,2550
2026-03-30,Singkong,Gunungkidul,2600
2026-03-31,Singkong,Gunungkidul,2550
2026-04-01,Singkong,Gunungkidul,2650
2026-04-02,Singkong,Gunungkidul,2550
2026-04-03,Singkong,Gunungkidul,2450
2026-04-04,Singkong,Gunungkidul,2500
2026-04-05,Singkong,Gunungkidul,2600
2026-04-06,Singkong,Gunungkidul,2650
2026-04-07,Singkong,Gunungkidul,2600
2026-04-08,Singkong,Gunungkidul,2700
2026-04-09,Singkong,Gunungkidul,2650
2026-04-10,Singkong,Gunungkidul,2550
2026-04-11,Singkong,Gunungkidul,2500
2026-04-12,Singkong,Gunungkidul,2550
2026-04-13,Singkong,Gunungkidul,2450
2026-04-14,Singkong,Gunungkidul,2550
2026-04-15,Singkong,Gunungkidul,2550
2026-04-16,Singkong,Gunungkidul,2650
2026-04-17,Singkong,Gunungkidul,2450
2026-04-18,Singkong,Gunungkidul,2500
2026-04-19,Singkong,Gunungkidul,2550
2026-04-20,Singkong,Gunungkidul,2650
2026-04-21,Singkong,Gunungkidul,2650
2026-04-22,Singkong,Gunungkidul,2500
2026-04-23,Singkong,Gunungkidul,2600
2026-04-24,Singkong,Gunungkidul,2550
2026-04-25,Singkong,Gunungkidul,2650
2026-04-26,Singkong,Gunungkidul,2600
2026-04-27,Singkong,Gunungkidul,2600
2026-04-28,Singkong,Gunungkidul,2700
2026-04-29,Singkong,Gunungkidul,2600
2026-04-30,Singkong,Gunungkidul,2650
2026-05-01,Singkong,Gunungkidul,2750
2026-05-02,Singkong,Gunungkidul,2600
2026-05-03,Singkong,Gunungkidul,2600
2026-05-04,Singkong,Gunungkidul,2650
2026-05-05,Singkong,Gunungkidul,2700
2026-05-06,Singkong,Gunungkidul,2600
2026-05-07,Singkong,Gunungkidul,2600
2026-05-08,Singkong,Gunungkidul,2700
2026-05-09,Singkong,Gunungkidul,2700
2026-05-10,Singkong,Gunungkidul,2700
2026-05-11,Singkong,Gunungkidul,2450
2026-05-12,Singkong,Gunungkidul,2450
2026-05-13,Singkong,Gunungkidul,2600
2026-05-14,Singkong,Gunungkidul,2600
2026-05-15,Singkong,Gunungkidul,2600
2026-05-16,Singkong,Gunungkidul,2650
2026-05-17,Singkong,Gunungkidul,2650
2026-05-18,Singkong,Gunungkidul,2650
2026-05-19,Singkong,Gunungkidul,2550
2026-05-20,Singkong,Gunungkidul,2650
2026-05-21,Singkong,Gunungkidul,2650
2026-05-22,Singkong,Gunungkidul,2550
2026-05-23,Singkong,Gunungkidul,2750
2026-05-24,Singkong,Gunungkidul,2600
2026-05-25,Singkong,Gunungkidul,2650
2026-05-26,Singkong,Gunungkidul,2750
2026-05-27,Singkong,Gunungkidul,2450
2026-05-28,Singkong,Gunungkidul,2600
2026-05-29,Singkong,Gunungkidul,2550
2026-05-30,Singkong,Gunungkidul,2600
2026-05-31,Singkong,Gunungkidul,2500
2026-06-01,Singkong,Gunungkidul,2550
2026-06-02,Singkong,Gunungkidul,2600
2026-06-03,Singkong,Gunungkidul,2450
2026-06-04,Singkong,Gunungkidul,2600
2026-06-05,Singkong,Gunungkidul,2600
2026-06-06,Singkong,Gunungkidul,2450
2026-06-07,Singkong,Gunungkidul,2700
2026-06-08,Singkong,Gunungkidul,2550
2026-06-09,Singkong,Gunungkidul,2400
2026-06-10,Singkong,Gunungkidul,2650
2026-06-11,Singkong,Gunungkidul,2600
2026-06-12,Singkong,Gunungkidul,2750
2026-06-13,Singkong,Gunungkidul,2550
2026-06-14,Singkong,Gunungkidul,2600
2026-06-15,Singkong,Gunungkidul,2600
2026-06-16,Singkong,Gunungkidul,2400
2026-06-17,Singkong,Gunungkidul,2500
2026-06-18,Singkong,Gunungkidul,2550
2026-06-19,Singkong,Gunungkidul,2650
2026-06-20,Singkong,Gunungkidul,2500
2026-06-21,Singkong,Gunungkidul,2550
2026-06-22,Singkong,Gunungkidul,2600
2026-06-23,Singkong,Gunungkidul,2500
2026-06-24,Singkong,Gunungkidul,2500
2026-06-25,Singkong,Gunungkidul,2600
2026-06-26,Singkong,Gunungkidul,2450
2026-06-27,Singkong,Gunungkidul,2600
2026-06-28,Singkong,Gunungkidul,2500
2026-06-29,Singkong,Gunungkidul,2500
2026-06-30,Singkong,Gunungkidul,2600
2025-07-01,Sukun,Cilacap,6950
2025-07-02,Sukun,Cilacap,6950
2025-07-03,Sukun,Cilacap,6750
2025-07-04,Sukun,Cilacap,6750
2025-07-05,Sukun,Cilacap,6750
2025-07-06,Sukun,Cilacap,6700
2025-07-07,Sukun,Cilacap,6300
2025-07-08,Sukun,Cilacap,6400
2025-07-09,Sukun,Cilacap,6900
2025-07-10,Sukun,Cilacap,6850
2025-07-11,Sukun,Cilacap,6500
2025-07-12,Sukun,Cilacap,6550
2025-07-13,Sukun,Cilacap,6450
2025-07-14,Sukun,Cilacap,6600
2025-07-15,Sukun,Cilacap,6300
2025-07-16,Sukun,Cilacap,6850
2025-07-17,Sukun,Cilacap,6200
2025-07-18,Sukun,Cilacap,6400
2025-07-19,Sukun,Cilacap,6250
2025-07-20,Sukun,Cilacap,6650
2025-07-21,Sukun,Cilacap,6250
2025-07-22,Sukun,Cilacap,6550
2025-07-23,Sukun,Cilacap,6100
2025-07-24,Sukun,Cilacap,6150
2025-07-25,Sukun,Cilacap,6300
2025-07-26,Sukun,Cilacap,6350
2025-07-27,Sukun,Cilacap,6100
2025-07-28,Sukun,Cilacap,6450
2025-07-29,Sukun,Cilacap,6050
2025-07-30,Sukun,Cilacap,6100
2025-07-31,Sukun,Cilacap,5850
2025-08-01,Sukun,Cilacap,6550
2025-08-02,Sukun,Cilacap,6200
2025-08-03,Sukun,Cilacap,6050
2025-08-04,Sukun,Cilacap,6300
2025-08-05,Sukun,Cilacap,6050
2025-08-06,Sukun,Cilacap,5850
2025-08-07,Sukun,Cilacap,5950
2025-08-08,Sukun,Cilacap,5500
2025-08-09,Sukun,Cilacap,6000
2025-08-10,Sukun,Cilacap,5600
2025-08-11,Sukun,Cilacap,5850
2025-08-12,Sukun,Cilacap,5750
2025-08-13,Sukun,Cilacap,5650
2025-08-14,Sukun,Cilacap,5900
2025-08-15,Sukun,Cilacap,5750
2025-08-16,Sukun,Cilacap,5900
2025-08-17,Sukun,Cilacap,6100
2025-08-18,Sukun,Cilacap,5900
2025-08-19,Sukun,Cilacap,5950
2025-08-20,Sukun,Cilacap,5850
2025-08-21,Sukun,Cilacap,5900
2025-08-22,Sukun,Cilacap,5750
2025-08-23,Sukun,Cilacap,5650
2025-08-24,Sukun,Cilacap,5800
2025-08-25,Sukun,Cilacap,5750
2025-08-26,Sukun,Cilacap,5500
2025-08-27,Sukun,Cilacap,5600
2025-08-28,Sukun,Cilacap,5650
2025-08-29,Sukun,Cilacap,5450
2025-08-30,Sukun,Cilacap,5650
2025-08-31,Sukun,Cilacap,5600
2025-09-01,Sukun,Cilacap,5450
2025-09-02,Sukun,Cilacap,5750
2025-09-03,Sukun,Cilacap,5600
2025-09-04,Sukun,Cilacap,5850
2025-09-05,Sukun,Cilacap,5500
2025-09-06,Sukun,Cilacap,5150
2025-09-07,Sukun,Cilacap,5350
2025-09-08,Sukun,Cilacap,5450
2025-09-09,Sukun,Cilacap,5500
2025-09-10,Sukun,Cilacap,5550
2025-09-11,Sukun,Cilacap,5450
2025-09-12,Sukun,Cilacap,5450
2025-09-13,Sukun,Cilacap,5250
2025-09-14,Sukun,Cilacap,5400
2025-09-15,Sukun,Cilacap,5300
2025-09-16,Sukun,Cilacap,5650
2025-09-17,Sukun,Cilacap,5050
2025-09-18,Sukun,Cilacap,5300
2025-09-19,Sukun,Cilacap,5250
2025-09-20,Sukun,Cilacap,5700
2025-09-21,Sukun,Cilacap,5300
2025-09-22,Sukun,Cilacap,5050
2025-09-23,Sukun,Cilacap,5250
2025-09-24,Sukun,Cilacap,5050
2025-09-25,Sukun,Cilacap,5150
2025-09-26,Sukun,Cilacap,5450
2025-09-27,Sukun,Cilacap,5100
2025-09-28,Sukun,Cilacap,4900
2025-09-29,Sukun,Cilacap,5550
2025-09-30,Sukun,Cilacap,5100
2025-10-01,Sukun,Cilacap,4950
2025-10-02,Sukun,Cilacap,5050
2025-10-03,Sukun,Cilacap,5000
2025-10-04,Sukun,Cilacap,5000
2025-10-05,Sukun,Cilacap,5100
2025-10-06,Sukun,Cilacap,5050
2025-10-07,Sukun,Cilacap,4800
2025-10-08,Sukun,Cilacap,5000
2025-10-09,Sukun,Cilacap,4900
2025-10-10,Sukun,Cilacap,5150
2025-10-11,Sukun,Cilacap,5250
2025-10-12,Sukun,Cilacap,5000
2025-10-13,Sukun,Cilacap,5250
2025-10-14,Sukun,Cilacap,4350
2025-10-15,Sukun,Cilacap,5700
2025-10-16,Sukun,Cilacap,4950
2025-10-17,Sukun,Cilacap,5300
2025-10-18,Sukun,Cilacap,5100
2025-10-19,Sukun,Cilacap,4800
2025-10-20,Sukun,Cilacap,4800
2025-10-21,Sukun,Cilacap,5100
2025-10-22,Sukun,Cilacap,5150
2025-10-23,Sukun,Cilacap,5000
2025-10-24,Sukun,Cilacap,5050
2025-10-25,Sukun,Cilacap,5200
2025-10-26,Sukun,Cilacap,4950
2025-10-27,Sukun,Cilacap,4750
2025-10-28,Sukun,Cilacap,4750
2025-10-29,Sukun,Cilacap,4850
2025-10-30,Sukun,Cilacap,4450
2025-10-31,Sukun,Cilacap,4800
2025-11-01,Sukun,Cilacap,5000
2025-11-02,Sukun,Cilacap,5150
2025-11-03,Sukun,Cilacap,4900
2025-11-04,Sukun,Cilacap,5050
2025-11-05,Sukun,Cilacap,5000
2025-11-06,Sukun,Cilacap,5000
2025-11-07,Sukun,Cilacap,4850
2025-11-08,Sukun,Cilacap,4700
2025-11-09,Sukun,Cilacap,4700
2025-11-10,Sukun,Cilacap,4900
2025-11-11,Sukun,Cilacap,5000
2025-11-12,Sukun,Cilacap,5050
2025-11-13,Sukun,Cilacap,5100
2025-11-14,Sukun,Cilacap,4950
2025-11-15,Sukun,Cilacap,5100
2025-11-16,Sukun,Cilacap,4850
2025-11-17,Sukun,Cilacap,4750
2025-11-18,Sukun,Cilacap,5100
2025-11-19,Sukun,Cilacap,4750
2025-11-20,Sukun,Cilacap,5250
2025-11-21,Sukun,Cilacap,5250
2025-11-22,Sukun,Cilacap,5300
2025-11-23,Sukun,Cilacap,5050
2025-11-24,Sukun,Cilacap,5250
2025-11-25,Sukun,Cilacap,5100
2025-11-26,Sukun,Cilacap,5100
2025-11-27,Sukun,Cilacap,5250
2025-11-28,Sukun,Cilacap,5250
2025-11-29,Sukun,Cilacap,5100
2025-11-30,Sukun,Cilacap,5150
2025-12-01,Sukun,Cilacap,5250
2025-12-02,Sukun,Cilacap,5400
2025-12-03,Sukun,Cilacap,5300
2025-12-04,Sukun,Cilacap,5050
2025-12-05,Sukun,Cilacap,5100
2025-12-06,Sukun,Cilacap,4950
2025-12-07,Sukun,Cilacap,5000
2025-12-08,Sukun,Cilacap,5300
2025-12-09,Sukun,Cilacap,5700
2025-12-10,Sukun,Cilacap,5200
2025-12-11,Sukun,Cilacap,5150
2025-12-12,Sukun,Cilacap,4900
2025-12-13,Sukun,Cilacap,5450
2025-12-14,Sukun,Cilacap,5550
2025-12-15,Sukun,Cilacap,5150
2025-12-16,Sukun,Cilacap,5300
2025-12-17,Sukun,Cilacap,5650
2025-12-18,Sukun,Cilacap,5500
2025-12-19,Sukun,Cilacap,5100
2025-12-20,Sukun,Cilacap,5550
2025-12-21,Sukun,Cilacap,5150
2025-12-22,Sukun,Cilacap,5100
2025-12-23,Sukun,Cilacap,5250
2025-12-24,Sukun,Cilacap,5750
2025-12-25,Sukun,Cilacap,5650
2025-12-26,Sukun,Cilacap,5750
2025-12-27,Sukun,Cilacap,5750
2025-12-28,Sukun,Cilacap,5500
2025-12-29,Sukun,Cilacap,5650
2025-12-30,Sukun,Cilacap,5400
2025-12-31,Sukun,Cilacap,5500
2026-01-01,Sukun,Cilacap,5800
2026-01-02,Sukun,Cilacap,5850
2026-01-03,Sukun,Cilacap,5500
2026-01-04,Sukun,Cilacap,6000
2026-01-05,Sukun,Cilacap,5750
2026-01-06,Sukun,Cilacap,5550
2026-01-07,Sukun,Cilacap,5750
2026-01-08,Sukun,Cilacap,5800
2026-01-09,Sukun,Cilacap,5200
2026-01-10,Sukun,Cilacap,5850
2026-01-11,Sukun,Cilacap,6050
2026-01-12,Sukun,Cilacap,5900
2026-01-13,Sukun,Cilacap,6000
2026-01-14,Sukun,Cilacap,5950
2026-01-15,Sukun,Cilacap,6150
2026-01-16,Sukun,Cilacap,6000
2026-01-17,Sukun,Cilacap,6050
2026-01-18,Sukun,Cilacap,6050
2026-01-19,Sukun,Cilacap,5950
2026-01-20,Sukun,Cilacap,5900
2026-01-21,Sukun,Cilacap,5750
2026-01-22,Sukun,Cilacap,5750
2026-01-23,Sukun,Cilacap,6400
2026-01-24,Sukun,Cilacap,6200
2026-01-25,Sukun,Cilacap,6500
2026-01-26,Sukun,Cilacap,6000
2026-01-27,Sukun,Cilacap,6250
2026-01-28,Sukun,Cilacap,6300
2026-01-29,Sukun,Cilacap,6300
2026-01-30,Sukun,Cilacap,6100
2026-01-31,Sukun,Cilacap,6050
2026-02-01,Sukun,Cilacap,6200
2026-02-02,Sukun,Cilacap,6400
2026-02-03,Sukun,Cilacap,6150
2026-02-04,Sukun,Cilacap,6400
2026-02-05,Sukun,Cilacap,6450
2026-02-06,Sukun,Cilacap,6750
2026-02-07,Sukun,Cilacap,6700
2026-02-08,Sukun,Cilacap,6150
2026-02-09,Sukun,Cilacap,6550
2026-02-10,Sukun,Cilacap,6500
2026-02-11,Sukun,Cilacap,6450
2026-02-12,Sukun,Cilacap,6500
2026-02-13,Sukun,Cilacap,6650
2026-02-14,Sukun,Cilacap,6600
2026-02-15,Sukun,Cilacap,6750
2026-02-16,Sukun,Cilacap,6550
2026-02-17,Sukun,Cilacap,6700
2026-02-18,Sukun,Cilacap,6450
2026-02-19,Sukun,Cilacap,6650
2026-02-20,Sukun,Cilacap,6750
2026-02-21,Sukun,Cilacap,6400
2026-02-22,Sukun,Cilacap,6850
2026-02-23,Sukun,Cilacap,6600
2026-02-24,Sukun,Cilacap,6750
2026-02-25,Sukun,Cilacap,6550
2026-02-26,Sukun,Cilacap,6700
2026-02-27,Sukun,Cilacap,7050
2026-02-28,Sukun,Cilacap,7350
2026-03-01,Sukun,Cilacap,6700
2026-03-02,Sukun,Cilacap,6700
2026-03-03,Sukun,Cilacap,7250
2026-03-04,Sukun,Cilacap,7150
2026-03-05,Sukun,Cilacap,6900
2026-03-06,Sukun,Cilacap,7100
2026-03-07,Sukun,Cilacap,7300
2026-03-08,Sukun,Cilacap,6950
2026-03-09,Sukun,Cilacap,7250
2026-03-10,Sukun,Cilacap,7400
2026-03-11,Sukun,Cilacap,7100
2026-03-12,Sukun,Cilacap,7100
2026-03-13,Sukun,Cilacap,7300
2026-03-14,Sukun,Cilacap,6950
2026-03-15,Sukun,Cilacap,7050
2026-03-16,Sukun,Cilacap,6900
2026-03-17,Sukun,Cilacap,7200
2026-03-18,Sukun,Cilacap,7200
2026-03-19,Sukun,Cilacap,7350
2026-03-20,Sukun,Cilacap,7200
2026-03-21,Sukun,Cilacap,7500
2026-03-22,Sukun,Cilacap,6900
2026-03-23,Sukun,Cilacap,7200
2026-03-24,Sukun,Cilacap,7300
2026-03-25,Sukun,Cilacap,7350
2026-03-26,Sukun,Cilacap,7250
2026-03-27,Sukun,Cilacap,7350
2026-03-28,Sukun,Cilacap,7400
2026-03-29,Sukun,Cilacap,7300
2026-03-30,Sukun,Cilacap,7300
2026-03-31,Sukun,Cilacap,7050
2026-04-01,Sukun,Cilacap,7150
2026-04-02,Sukun,Cilacap,7500
2026-04-03,Sukun,Cilacap,7350
2026-04-04,Sukun,Cilacap,7200
2026-04-05,Sukun,Cilacap,7450
2026-04-06,Sukun,Cilacap,7350
2026-04-07,Sukun,Cilacap,7550
2026-04-08,Sukun,Cilacap,7200
2026-04-09,Sukun,Cilacap,7350
2026-04-10,Sukun,Cilacap,6850
2026-04-11,Sukun,Cilacap,7200
2026-04-12,Sukun,Cilacap,7650
2026-04-13,Sukun,Cilacap,7250
2026-04-14,Sukun,Cilacap,7600
2026-04-15,Sukun,Cilacap,7450
2026-04-16,Sukun,Cilacap,7350
2026-04-17,Sukun,Cilacap,7000
2026-04-18,Sukun,Cilacap,7350
2026-04-19,Sukun,Cilacap,7550
2026-04-20,Sukun,Cilacap,7400
2026-04-21,Sukun,Cilacap,7850
2026-04-22,Sukun,Cilacap,7650
2026-04-23,Sukun,Cilacap,7700
2026-04-24,Sukun,Cilacap,7600
2026-04-25,Sukun,Cilacap,7450
2026-04-26,Sukun,Cilacap,7650
2026-04-27,Sukun,Cilacap,7700
2026-04-28,Sukun,Cilacap,7600
2026-04-29,Sukun,Cilacap,7350
2026-04-30,Sukun,Cilacap,7900
2026-05-01,Sukun,Cilacap,7550
2026-05-02,Sukun,Cilacap,7600
2026-05-03,Sukun,Cilacap,7600
2026-05-04,Sukun,Cilacap,7500
2026-05-05,Sukun,Cilacap,7100
2026-05-06,Sukun,Cilacap,7650
2026-05-07,Sukun,Cilacap,7900
2026-05-08,Sukun,Cilacap,7400
2026-05-09,Sukun,Cilacap,7700
2026-05-10,Sukun,Cilacap,7450
2026-05-11,Sukun,Cilacap,7450
2026-05-12,Sukun,Cilacap,7350
2026-05-13,Sukun,Cilacap,7500
2026-05-14,Sukun,Cilacap,7650
2026-05-15,Sukun,Cilacap,7800
2026-05-16,Sukun,Cilacap,7400
2026-05-17,Sukun,Cilacap,7350
2026-05-18,Sukun,Cilacap,7400
2026-05-19,Sukun,Cilacap,7550
2026-05-20,Sukun,Cilacap,7550
2026-05-21,Sukun,Cilacap,7650
2026-05-22,Sukun,Cilacap,7450
2026-05-23,Sukun,Cilacap,7400
2026-05-24,Sukun,Cilacap,7500
2026-05-25,Sukun,Cilacap,7800
2026-05-26,Sukun,Cilacap,7650
2026-05-27,Sukun,Cilacap,7750
2026-05-28,Sukun,Cilacap,7650
2026-05-29,Sukun,Cilacap,7700
2026-05-30,Sukun,Cilacap,7250
2026-05-31,Sukun,Cilacap,7300
2026-06-01,Sukun,Cilacap,7350
2026-06-02,Sukun,Cilacap,7200
2026-06-03,Sukun,Cilacap,7600
2026-06-04,Sukun,Cilacap,7300
2026-06-05,Sukun,Cilacap,7350
2026-06-06,Sukun,Cilacap,7400
2026-06-07,Sukun,Cilacap,7250
2026-06-08,Sukun,Cilacap,7450
2026-06-09,Sukun,Cilacap,7400
2026-06-10,Sukun,Cilacap,7450
2026-06-11,Sukun,Cilacap,7400
2026-06-12,Sukun,Cilacap,7300
2026-06-13,Sukun,Cilacap,7500
2026-06-14,Sukun,Cilacap,7350
2026-06-15,Sukun,Cilacap,7000
2026-06-16,Sukun,Cilacap,7200
2026-06-17,Sukun,Cilacap,7000
2026-06-18,Sukun,Cilacap,7000
2026-06-19,Sukun,Cilacap,7250
2026-06-20,Sukun,Cilacap,7350
2026-06-21,Sukun,Cilacap,7100
2026-06-22,Sukun,Cilacap,7000
2026-06-23,Sukun,Cilacap,7400
2026-06-24,Sukun,Cilacap,7250
2026-06-25,Sukun,Cilacap,6850
2026-06-26,Sukun,Cilacap,7100
2026-06-27,Sukun,Cilacap,7300
2026-06-28,Sukun,Cilacap,7150
2026-06-29,Sukun,Cilacap,7200
2026-06-30,Sukun,Cilacap,7200
2025-07-01,Markisa,Magelang,13000
2025-07-02,Markisa,Magelang,12700
2025-07-03,Markisa,Magelang,12350
2025-07-04,Markisa,Magelang,12500
2025-07-05,Markisa,Magelang,11850
2025-07-06,Markisa,Magelang,12450
2025-07-07,Markisa,Magelang,12600
2025-07-08,Markisa,Magelang,12750
2025-07-09,Markisa,Magelang,12100
2025-07-10,Markisa,Magelang,11350
2025-07-11,Markisa,Magelang,12150
2025-07-12,Markisa,Magelang,11900
2025-07-13,Markisa,Magelang,12650
2025-07-14,Markisa,Magelang,11550
2025-07-15,Markisa,Magelang,12100
2025-07-16,Markisa,Magelang,11650
2025-07-17,Markisa,Magelang,11250
2025-07-18,Markisa,Magelang,11950
2025-07-19,Markisa,Magelang,11850
2025-07-20,Markisa,Magelang,12050
2025-07-21,Markisa,Magelang,12000
2025-07-22,Markisa,Magelang,11800
2025-07-23,Markisa,Magelang,11800
2025-07-24,Markisa,Magelang,12150
2025-07-25,Markisa,Magelang,11500
2025-07-26,Markisa,Magelang,11850
2025-07-27,Markisa,Magelang,11950
2025-07-28,Markisa,Magelang,11550
2025-07-29,Markisa,Magelang,11600
2025-07-30,Markisa,Magelang,11850
2025-07-31,Markisa,Magelang,10700
2025-08-01,Markisa,Magelang,11700
2025-08-02,Markisa,Magelang,11300
2025-08-03,Markisa,Magelang,11750
2025-08-04,Markisa,Magelang,11050
2025-08-05,Markisa,Magelang,11650
2025-08-06,Markisa,Magelang,11400
2025-08-07,Markisa,Magelang,11300
2025-08-08,Markisa,Magelang,10850
2025-08-09,Markisa,Magelang,10950
2025-08-10,Markisa,Magelang,11500
2025-08-11,Markisa,Magelang,11300
2025-08-12,Markisa,Magelang,10700
2025-08-13,Markisa,Magelang,11000
2025-08-14,Markisa,Magelang,10550
2025-08-15,Markisa,Magelang,11200
2025-08-16,Markisa,Magelang,10450
2025-08-17,Markisa,Magelang,10900
2025-08-18,Markisa,Magelang,11150
2025-08-19,Markisa,Magelang,10550
2025-08-20,Markisa,Magelang,10500
2025-08-21,Markisa,Magelang,10950
2025-08-22,Markisa,Magelang,10750
2025-08-23,Markisa,Magelang,10050
2025-08-24,Markisa,Magelang,10950
2025-08-25,Markisa,Magelang,11050
2025-08-26,Markisa,Magelang,11200
2025-08-27,Markisa,Magelang,10150
2025-08-28,Markisa,Magelang,10250
2025-08-29,Markisa,Magelang,11150
2025-08-30,Markisa,Magelang,10700
2025-08-31,Markisa,Magelang,10500
2025-09-01,Markisa,Magelang,10450
2025-09-02,Markisa,Magelang,10400
2025-09-03,Markisa,Magelang,10500
2025-09-04,Markisa,Magelang,10300
2025-09-05,Markisa,Magelang,10100
2025-09-06,Markisa,Magelang,10400
2025-09-07,Markisa,Magelang,10900
2025-09-08,Markisa,Magelang,10300
2025-09-09,Markisa,Magelang,10550
2025-09-10,Markisa,Magelang,10300
2025-09-11,Markisa,Magelang,9900
2025-09-12,Markisa,Magelang,10350
2025-09-13,Markisa,Magelang,10500
2025-09-14,Markisa,Magelang,10900
2025-09-15,Markisa,Magelang,9900
2025-09-16,Markisa,Magelang,9900
2025-09-17,Markisa,Magelang,10800
2025-09-18,Markisa,Magelang,10450
2025-09-19,Markisa,Magelang,9950
2025-09-20,Markisa,Magelang,10000
2025-09-21,Markisa,Magelang,10300
2025-09-22,Markisa,Magelang,10150
2025-09-23,Markisa,Magelang,10250
2025-09-24,Markisa,Magelang,10050
2025-09-25,Markisa,Magelang,9500
2025-09-26,Markisa,Magelang,10050
2025-09-27,Markisa,Magelang,10000
2025-09-28,Markisa,Magelang,9500
2025-09-29,Markisa,Magelang,10150
2025-09-30,Markisa,Magelang,9600
2025-10-01,Markisa,Magelang,10250
2025-10-02,Markisa,Magelang,10200
2025-10-03,Markisa,Magelang,9300
2025-10-04,Markisa,Magelang,9550
2025-10-05,Markisa,Magelang,9600
2025-10-06,Markisa,Magelang,10050
2025-10-07,Markisa,Magelang,9150
2025-10-08,Markisa,Magelang,9400
2025-10-09,Markisa,Magelang,9600
2025-10-10,Markisa,Magelang,9500
2025-10-11,Markisa,Magelang,10200
2025-10-12,Markisa,Magelang,10000
2025-10-13,Markisa,Magelang,10150
2025-10-14,Markisa,Magelang,9950
2025-10-15,Markisa,Magelang,9900
2025-10-16,Markisa,Magelang,9050
2025-10-17,Markisa,Magelang,9350
2025-10-18,Markisa,Magelang,9750
2025-10-19,Markisa,Magelang,10000
2025-10-20,Markisa,Magelang,9450
2025-10-21,Markisa,Magelang,9850
2025-10-22,Markisa,Magelang,10000
2025-10-23,Markisa,Magelang,9150
2025-10-24,Markisa,Magelang,9700
2025-10-25,Markisa,Magelang,9800
2025-10-26,Markisa,Magelang,9550
2025-10-27,Markisa,Magelang,9650
2025-10-28,Markisa,Magelang,9700
2025-10-29,Markisa,Magelang,9800
2025-10-30,Markisa,Magelang,9900
2025-10-31,Markisa,Magelang,9650
2025-11-01,Markisa,Magelang,9050
2025-11-02,Markisa,Magelang,9450
2025-11-03,Markisa,Magelang,9450
2025-11-04,Markisa,Magelang,9450
2025-11-05,Markisa,Magelang,9450
2025-11-06,Markisa,Magelang,9950
2025-11-07,Markisa,Magelang,9150
2025-11-08,Markisa,Magelang,9900
2025-11-09,Markisa,Magelang,10100
2025-11-10,Markisa,Magelang,10150
2025-11-11,Markisa,Magelang,9500
2025-11-12,Markisa,Magelang,9900
2025-11-13,Markisa,Magelang,9650
2025-11-14,Markisa,Magelang,9350
2025-11-15,Markisa,Magelang,9800
2025-11-16,Markisa,Magelang,9350
2025-11-17,Markisa,Magelang,9400
2025-11-18,Markisa,Magelang,9500
2025-11-19,Markisa,Magelang,9850
2025-11-20,Markisa,Magelang,9850
2025-11-21,Markisa,Magelang,10300
2025-11-22,Markisa,Magelang,9450
2025-11-23,Markisa,Magelang,9950
2025-11-24,Markisa,Magelang,9750
2025-11-25,Markisa,Magelang,9700
2025-11-26,Markisa,Magelang,9750
2025-11-27,Markisa,Magelang,9800
2025-11-28,Markisa,Magelang,9900
2025-11-29,Markisa,Magelang,10000
2025-11-30,Markisa,Magelang,9800
2025-12-01,Markisa,Magelang,9500
2025-12-02,Markisa,Magelang,9900
2025-12-03,Markisa,Magelang,10250
2025-12-04,Markisa,Magelang,10100
2025-12-05,Markisa,Magelang,9950
2025-12-06,Markisa,Magelang,10550
2025-12-07,Markisa,Magelang,10200
2025-12-08,Markisa,Magelang,10600
2025-12-09,Markisa,Magelang,10450
2025-12-10,Markisa,Magelang,9900
2025-12-11,Markisa,Magelang,10550
2025-12-12,Markisa,Magelang,10450
2025-12-13,Markisa,Magelang,9850
2025-12-14,Markisa,Magelang,10150
2025-12-15,Markisa,Magelang,10500
2025-12-16,Markisa,Magelang,10500
2025-12-17,Markisa,Magelang,10350
2025-12-18,Markisa,Magelang,10100
2025-12-19,Markisa,Magelang,10200
2025-12-20,Markisa,Magelang,10650
2025-12-21,Markisa,Magelang,10650
2025-12-22,Markisa,Magelang,10400
2025-12-23,Markisa,Magelang,10900
2025-12-24,Markisa,Magelang,10450
2025-12-25,Markisa,Magelang,10400
2025-12-26,Markisa,Magelang,10500
2025-12-27,Markisa,Magelang,10500
2025-12-28,Markisa,Magelang,9700
2025-12-29,Markisa,Magelang,10250
2025-12-30,Markisa,Magelang,10900
2025-12-31,Markisa,Magelang,10750
2026-01-01,Markisa,Magelang,10900
2026-01-02,Markisa,Magelang,10700
2026-01-03,Markisa,Magelang,11050
2026-01-04,Markisa,Magelang,11150
2026-01-05,Markisa,Magelang,10850
2026-01-06,Markisa,Magelang,10850
2026-01-07,Markisa,Magelang,11700
2026-01-08,Markisa,Magelang,11300
2026-01-09,Markisa,Magelang,11000
2026-01-10,Markisa,Magelang,11700
2026-01-11,Markisa,Magelang,11400
2026-01-12,Markisa,Magelang,11200
2026-01-13,Markisa,Magelang,10450
2026-01-14,Markisa,Magelang,11100
2026-01-15,Markisa,Magelang,10900
2026-01-16,Markisa,Magelang,11250
2026-01-17,Markisa,Magelang,11150
2026-01-18,Markisa,Magelang,11150
2026-01-19,Markisa,Magelang,11550
2026-01-20,Markisa,Magelang,11200
2026-01-21,Markisa,Magelang,12250
2026-01-22,Markisa,Magelang,11400
2026-01-23,Markisa,Magelang,11800
2026-01-24,Markisa,Magelang,11650
2026-01-25,Markisa,Magelang,11300
2026-01-26,Markisa,Magelang,11200
2026-01-27,Markisa,Magelang,11850
2026-01-28,Markisa,Magelang,12000
2026-01-29,Markisa,Magelang,11900
2026-01-30,Markisa,Magelang,12050
2026-01-31,Markisa,Magelang,11900
2026-02-01,Markisa,Magelang,12200
2026-02-02,Markisa,Magelang,12250
2026-02-03,Markisa,Magelang,12150
2026-02-04,Markisa,Magelang,11900
2026-02-05,Markisa,Magelang,12450
2026-02-06,Markisa,Magelang,12650
2026-02-07,Markisa,Magelang,12350
2026-02-08,Markisa,Magelang,12250
2026-02-09,Markisa,Magelang,11450
2026-02-10,Markisa,Magelang,12050
2026-02-11,Markisa,Magelang,12500
2026-02-12,Markisa,Magelang,12200
2026-02-13,Markisa,Magelang,12100
2026-02-14,Markisa,Magelang,12600
2026-02-15,Markisa,Magelang,12300
2026-02-16,Markisa,Magelang,12150
2026-02-17,Markisa,Magelang,12450
2026-02-18,Markisa,Magelang,12450
2026-02-19,Markisa,Magelang,12600
2026-02-20,Markisa,Magelang,11900
2026-02-21,Markisa,Magelang,12600
2026-02-22,Markisa,Magelang,12850
2026-02-23,Markisa,Magelang,12600
2026-02-24,Markisa,Magelang,12950
2026-02-25,Markisa,Magelang,12200
2026-02-26,Markisa,Magelang,12850
2026-02-27,Markisa,Magelang,12450
2026-02-28,Markisa,Magelang,13050
2026-03-01,Markisa,Magelang,12900
2026-03-02,Markisa,Magelang,12800
2026-03-03,Markisa,Magelang,12350
2026-03-04,Markisa,Magelang,12550
2026-03-05,Markisa,Magelang,12850
2026-03-06,Markisa,Magelang,12950
2026-03-07,Markisa,Magelang,13600
2026-03-08,Markisa,Magelang,13150
2026-03-09,Markisa,Magelang,12800
2026-03-10,Markisa,Magelang,13100
2026-03-11,Markisa,Magelang,13250
2026-03-12,Markisa,Magelang,12950
2026-03-13,Markisa,Magelang,13050
2026-03-14,Markisa,Magelang,13200
2026-03-15,Markisa,Magelang,13750
2026-03-16,Markisa,Magelang,13350
2026-03-17,Markisa,Magelang,13850
2026-03-18,Markisa,Magelang,13300
2026-03-19,Markisa,Magelang,13650
2026-03-20,Markisa,Magelang,13500
2026-03-21,Markisa,Magelang,13100
2026-03-22,Markisa,Magelang,13450
2026-03-23,Markisa,Magelang,13700
2026-03-24,Markisa,Magelang,13550
2026-03-25,Markisa,Magelang,14050
2026-03-26,Markisa,Magelang,13750
2026-03-27,Markisa,Magelang,13550
2026-03-28,Markisa,Magelang,13800
2026-03-29,Markisa,Magelang,13800
2026-03-30,Markisa,Magelang,13650
2026-03-31,Markisa,Magelang,14250
2026-04-01,Markisa,Magelang,13500
2026-04-02,Markisa,Magelang,13650
2026-04-03,Markisa,Magelang,14200
2026-04-04,Markisa,Magelang,12850
2026-04-05,Markisa,Magelang,14300
2026-04-06,Markisa,Magelang,13700
2026-04-07,Markisa,Magelang,13800
2026-04-08,Markisa,Magelang,14400
2026-04-09,Markisa,Magelang,13850
2026-04-10,Markisa,Magelang,13800
2026-04-11,Markisa,Magelang,13850
2026-04-12,Markisa,Magelang,13650
2026-04-13,Markisa,Magelang,13400
2026-04-14,Markisa,Magelang,14250
2026-04-15,Markisa,Magelang,14200
2026-04-16,Markisa,Magelang,14050
2026-04-17,Markisa,Magelang,14100
2026-04-18,Markisa,Magelang,13750
2026-04-19,Markisa,Magelang,13700
2026-04-20,Markisa,Magelang,13850
2026-04-21,Markisa,Magelang,14000
2026-04-22,Markisa,Magelang,14200
2026-04-23,Markisa,Magelang,14550
2026-04-24,Markisa,Magelang,14000
2026-04-25,Markisa,Magelang,14700
2026-04-26,Markisa,Magelang,14050
2026-04-27,Markisa,Magelang,14450
2026-04-28,Markisa,Magelang,14150
2026-04-29,Markisa,Magelang,14500
2026-04-30,Markisa,Magelang,13600
2026-05-01,Markisa,Magelang,13800
2026-05-02,Markisa,Magelang,13850
2026-05-03,Markisa,Magelang,14000
2026-05-04,Markisa,Magelang,13900
2026-05-05,Markisa,Magelang,13800
2026-05-06,Markisa,Magelang,14000
2026-05-07,Markisa,Magelang,14000
2026-05-08,Markisa,Magelang,14200
2026-05-09,Markisa,Magelang,13550
2026-05-10,Markisa,Magelang,13400
2026-05-11,Markisa,Magelang,13550
2026-05-12,Markisa,Magelang,13950
2026-05-13,Markisa,Magelang,13550
2026-05-14,Markisa,Magelang,14250
2026-05-15,Markisa,Magelang,14300
2026-05-16,Markisa,Magelang,13950
2026-05-17,Markisa,Magelang,13500
2026-05-18,Markisa,Magelang,14250
2026-05-19,Markisa,Magelang,13600
2026-05-20,Markisa,Magelang,13850
2026-05-21,Markisa,Magelang,13300
2026-05-22,Markisa,Magelang,14350
2026-05-23,Markisa,Magelang,13350
2026-05-24,Markisa,Magelang,13550
2026-05-25,Markisa,Magelang,14000
2026-05-26,Markisa,Magelang,14350
2026-05-27,Markisa,Magelang,14700
2026-05-28,Markisa,Magelang,14300
2026-05-29,Markisa,Magelang,14200
2026-05-30,Markisa,Magelang,14150
2026-05-31,Markisa,Magelang,13900
2026-06-01,Markisa,Magelang,13600
2026-06-02,Markisa,Magelang,14050
2026-06-03,Markisa,Magelang,13950
2026-06-04,Markisa,Magelang,13550
2026-06-05,Markisa,Magelang,13850
2026-06-06,Markisa,Magelang,13400
2026-06-07,Markisa,Magelang,14150
2026-06-08,Markisa,Magelang,14100
2026-06-09,Markisa,Magelang,13700
2026-06-10,Markisa,Magelang,13300
2026-06-11,Markisa,Magelang,13200
2026-06-12,Markisa,Magelang,13400
2026-06-13,Markisa,Magelang,12450
2026-06-14,Markisa,Magelang,13400
2026-06-15,Markisa,Magelang,13700
2026-06-16,Markisa,Magelang,13600
2026-06-17,Markisa,Magelang,13000
2026-06-18,Markisa,Magelang,14100
2026-06-19,Markisa,Magelang,13500
2026-06-20,Markisa,Magelang,13650
2026-06-21,Markisa,Magelang,13000
2026-06-22,Markisa,Magelang,13300
2026-06-23,Markisa,Magelang,13100
2026-06-24,Markisa,Magelang,12750
2026-06-25,Markisa,Magelang,13300
2026-06-26,Markisa,Magelang,12850
2026-06-27,Markisa,Magelang,13000
2026-06-28,Markisa,Magelang,13650
2026-06-29,Markisa,Magelang,13050
2026-06-30,Markisa,Magelang,13000
2025-07-01,Rosella,Bantul,26000
2025-07-02,Rosella,Bantul,27350
2025-07-03,Rosella,Bantul,25000
2025-07-04,Rosella,Bantul,24750
2025-07-05,Rosella,Bantul,25800
2025-07-06,Rosella,Bantul,25350
2025-07-07,Rosella,Bantul,26200
2025-07-08,Rosella,Bantul,25100
2025-07-09,Rosella,Bantul,25000
2025-07-10,Rosella,Bantul,24550
2025-07-11,Rosella,Bantul,25000
2025-07-12,Rosella,Bantul,25250
2025-07-13,Rosella,Bantul,24550
2025-07-14,Rosella,Bantul,25500
2025-07-15,Rosella,Bantul,24800
2025-07-16,Rosella,Bantul,25200
2025-07-17,Rosella,Bantul,25400
2025-07-18,Rosella,Bantul,24850
2025-07-19,Rosella,Bantul,24600
2025-07-20,Rosella,Bantul,25200
2025-07-21,Rosella,Bantul,24850
2025-07-22,Rosella,Bantul,24500
2025-07-23,Rosella,Bantul,25050
2025-07-24,Rosella,Bantul,24400
2025-07-25,Rosella,Bantul,24700
2025-07-26,Rosella,Bantul,24650
2025-07-27,Rosella,Bantul,24000
2025-07-28,Rosella,Bantul,24750
2025-07-29,Rosella,Bantul,25600
2025-07-30,Rosella,Bantul,23950
2025-07-31,Rosella,Bantul,24500
2025-08-01,Rosella,Bantul,24650
2025-08-02,Rosella,Bantul,24500
2025-08-03,Rosella,Bantul,24400
2025-08-04,Rosella,Bantul,23050
2025-08-05,Rosella,Bantul,25250
2025-08-06,Rosella,Bantul,22900
2025-08-07,Rosella,Bantul,24200
2025-08-08,Rosella,Bantul,23550
2025-08-09,Rosella,Bantul,24150
2025-08-10,Rosella,Bantul,23700
2025-08-11,Rosella,Bantul,22150
2025-08-12,Rosella,Bantul,23400
2025-08-13,Rosella,Bantul,23750
2025-08-14,Rosella,Bantul,22950
2025-08-15,Rosella,Bantul,23800
2025-08-16,Rosella,Bantul,22850
2025-08-17,Rosella,Bantul,23950
2025-08-18,Rosella,Bantul,23350
2025-08-19,Rosella,Bantul,23650
2025-08-20,Rosella,Bantul,23200
2025-08-21,Rosella,Bantul,23650
2025-08-22,Rosella,Bantul,23350
2025-08-23,Rosella,Bantul,23200
2025-08-24,Rosella,Bantul,22450
2025-08-25,Rosella,Bantul,22600
2025-08-26,Rosella,Bantul,23550
2025-08-27,Rosella,Bantul,24800
2025-08-28,Rosella,Bantul,23550
2025-08-29,Rosella,Bantul,22200
2025-08-30,Rosella,Bantul,23450
2025-08-31,Rosella,Bantul,21450
2025-09-01,Rosella,Bantul,22400
2025-09-02,Rosella,Bantul,22900
2025-09-03,Rosella,Bantul,22800
2025-09-04,Rosella,Bantul,21700
2025-09-05,Rosella,Bantul,23050
2025-09-06,Rosella,Bantul,22300
2025-09-07,Rosella,Bantul,22800
2025-09-08,Rosella,Bantul,21550
2025-09-09,Rosella,Bantul,22050
2025-09-10,Rosella,Bantul,21300
2025-09-11,Rosella,Bantul,22250
2025-09-12,Rosella,Bantul,21300
2025-09-13,Rosella,Bantul,22700
2025-09-14,Rosella,Bantul,21500
2025-09-15,Rosella,Bantul,22450
2025-09-16,Rosella,Bantul,22250
2025-09-17,Rosella,Bantul,21200
2025-09-18,Rosella,Bantul,22350
2025-09-19,Rosella,Bantul,21100
2025-09-20,Rosella,Bantul,21950
2025-09-21,Rosella,Bantul,22600
2025-09-22,Rosella,Bantul,23250
2025-09-23,Rosella,Bantul,22300
2025-09-24,Rosella,Bantul,21750
2025-09-25,Rosella,Bantul,23600
2025-09-26,Rosella,Bantul,20800
2025-09-27,Rosella,Bantul,21200
2025-09-28,Rosella,Bantul,22550
2025-09-29,Rosella,Bantul,21850
2025-09-30,Rosella,Bantul,21450
2025-10-01,Rosella,Bantul,21700
2025-10-02,Rosella,Bantul,20100
2025-10-03,Rosella,Bantul,20550
2025-10-04,Rosella,Bantul,21800
2025-10-05,Rosella,Bantul,21400
2025-10-06,Rosella,Bantul,20800
2025-10-07,Rosella,Bantul,22250
2025-10-08,Rosella,Bantul,22350
2025-10-09,Rosella,Bantul,22050
2025-10-10,Rosella,Bantul,22200
2025-10-11,Rosella,Bantul,22500
2025-10-12,Rosella,Bantul,22550
2025-10-13,Rosella,Bantul,21000
2025-10-14,Rosella,Bantul,20750
2025-10-15,Rosella,Bantul,20950
2025-10-16,Rosella,Bantul,20450
2025-10-17,Rosella,Bantul,20850
2025-10-18,Rosella,Bantul,21950
2025-10-19,Rosella,Bantul,21800
2025-10-20,Rosella,Bantul,20450
2025-10-21,Rosella,Bantul,21900
2025-10-22,Rosella,Bantul,21850
2025-10-23,Rosella,Bantul,21500
2025-10-24,Rosella,Bantul,20850
2025-10-25,Rosella,Bantul,22150
2025-10-26,Rosella,Bantul,20700
2025-10-27,Rosella,Bantul,21400
2025-10-28,Rosella,Bantul,22250
2025-10-29,Rosella,Bantul,22500
2025-10-30,Rosella,Bantul,21650
2025-10-31,Rosella,Bantul,22450
2025-11-01,Rosella,Bantul,20950
2025-11-02,Rosella,Bantul,20900
2025-11-03,Rosella,Bantul,21550
2025-11-04,Rosella,Bantul,21500
2025-11-05,Rosella,Bantul,21650
2025-11-06,Rosella,Bantul,21400
2025-11-07,Rosella,Bantul,21550
2025-11-08,Rosella,Bantul,21150
2025-11-09,Rosella,Bantul,21100
2025-11-10,Rosella,Bantul,21750
2025-11-11,Rosella,Bantul,22200
2025-11-12,Rosella,Bantul,20900
2025-11-13,Rosella,Bantul,21500
2025-11-14,Rosella,Bantul,22300
2025-11-15,Rosella,Bantul,21350
2025-11-16,Rosella,Bantul,21450
2025-11-17,Rosella,Bantul,20700
2025-11-18,Rosella,Bantul,21100
2025-11-19,Rosella,Bantul,22000
2025-11-20,Rosella,Bantul,22350
2025-11-21,Rosella,Bantul,21200
2025-11-22,Rosella,Bantul,20800
2025-11-23,Rosella,Bantul,21550
2025-11-24,Rosella,Bantul,22250
2025-11-25,Rosella,Bantul,22150
2025-11-26,Rosella,Bantul,20700
2025-11-27,Rosella,Bantul,21650
2025-11-28,Rosella,Bantul,20850
2025-11-29,Rosella,Bantul,21750
2025-11-30,Rosella,Bantul,21850
2025-12-01,Rosella,Bantul,21350
2025-12-02,Rosella,Bantul,21600
2025-12-03,Rosella,Bantul,22200
2025-12-04,Rosella,Bantul,22250
2025-12-05,Rosella,Bantul,21850
2025-12-06,Rosella,Bantul,22200
2025-12-07,Rosella,Bantul,21000
2025-12-08,Rosella,Bantul,21350
2025-12-09,Rosella,Bantul,22100
2025-12-10,Rosella,Bantul,22100
2025-12-11,Rosella,Bantul,22400
2025-12-12,Rosella,Bantul,20950
2025-12-13,Rosella,Bantul,22350
2025-12-14,Rosella,Bantul,22600
2025-12-15,Rosella,Bantul,22800
2025-12-16,Rosella,Bantul,21150
2025-12-17,Rosella,Bantul,20900
2025-12-18,Rosella,Bantul,22750
2025-12-19,Rosella,Bantul,22950
2025-12-20,Rosella,Bantul,22550
2025-12-21,Rosella,Bantul,22300
2025-12-22,Rosella,Bantul,20950
2025-12-23,Rosella,Bantul,22250
2025-12-24,Rosella,Bantul,23300
2025-12-25,Rosella,Bantul,22550
2025-12-26,Rosella,Bantul,22700
2025-12-27,Rosella,Bantul,23500
2025-12-28,Rosella,Bantul,22150
2025-12-29,Rosella,Bantul,23750
2025-12-30,Rosella,Bantul,22500
2025-12-31,Rosella,Bantul,22750
2026-01-01,Rosella,Bantul,23000
2026-01-02,Rosella,Bantul,21800
2026-01-03,Rosella,Bantul,23100
2026-01-04,Rosella,Bantul,22350
2026-01-05,Rosella,Bantul,22900
2026-01-06,Rosella,Bantul,23650
2026-01-07,Rosella,Bantul,23000
2026-01-08,Rosella,Bantul,23800
2026-01-09,Rosella,Bantul,23400
2026-01-10,Rosella,Bantul,23600
2026-01-11,Rosella,Bantul,24500
2026-01-12,Rosella,Bantul,23100
2026-01-13,Rosella,Bantul,22900
2026-01-14,Rosella,Bantul,24400
2026-01-15,Rosella,Bantul,23350
2026-01-16,Rosella,Bantul,23700
2026-01-17,Rosella,Bantul,24300
2026-01-18,Rosella,Bantul,23150
2026-01-19,Rosella,Bantul,23500
2026-01-20,Rosella,Bantul,23500
2026-01-21,Rosella,Bantul,23150
2026-01-22,Rosella,Bantul,24200
2026-01-23,Rosella,Bantul,24200
2026-01-24,Rosella,Bantul,24750
2026-01-25,Rosella,Bantul,24300
2026-01-26,Rosella,Bantul,23900
2026-01-27,Rosella,Bantul,24300
2026-01-28,Rosella,Bantul,23700
2026-01-29,Rosella,Bantul,23700
2026-01-30,Rosella,Bantul,24850
2026-01-31,Rosella,Bantul,24700
2026-02-01,Rosella,Bantul,25950
2026-02-02,Rosella,Bantul,24900
2026-02-03,Rosella,Bantul,25100
2026-02-04,Rosella,Bantul,25250
2026-02-05,Rosella,Bantul,24900
2026-02-06,Rosella,Bantul,24700
2026-02-07,Rosella,Bantul,25500
2026-02-08,Rosella,Bantul,25150
2026-02-09,Rosella,Bantul,24650
2026-02-10,Rosella,Bantul,25050
2026-02-11,Rosella,Bantul,24300
2026-02-12,Rosella,Bantul,24100
2026-02-13,Rosella,Bantul,25350
2026-02-14,Rosella,Bantul,25900
2026-02-15,Rosella,Bantul,26250
2026-02-16,Rosella,Bantul,25600
2026-02-17,Rosella,Bantul,25250
2026-02-18,Rosella,Bantul,26050
2026-02-19,Rosella,Bantul,25900
2026-02-20,Rosella,Bantul,26800
2026-02-21,Rosella,Bantul,26050
2026-02-22,Rosella,Bantul,24600
2026-02-23,Rosella,Bantul,25900
2026-02-24,Rosella,Bantul,26100
2026-02-25,Rosella,Bantul,25900
2026-02-26,Rosella,Bantul,26550
2026-02-27,Rosella,Bantul,25300
2026-02-28,Rosella,Bantul,25050
2026-03-01,Rosella,Bantul,26850
2026-03-02,Rosella,Bantul,26000
2026-03-03,Rosella,Bantul,26400
2026-03-04,Rosella,Bantul,26650
2026-03-05,Rosella,Bantul,25800
2026-03-06,Rosella,Bantul,25900
2026-03-07,Rosella,Bantul,26600
2026-03-08,Rosella,Bantul,26000
2026-03-09,Rosella,Bantul,25950
2026-03-10,Rosella,Bantul,26200
2026-03-11,Rosella,Bantul,26850
2026-03-12,Rosella,Bantul,26750
2026-03-13,Rosella,Bantul,25550
2026-03-14,Rosella,Bantul,26200
2026-03-15,Rosella,Bantul,26600
2026-03-16,Rosella,Bantul,25950
2026-03-17,Rosella,Bantul,26450
2026-03-18,Rosella,Bantul,26700
2026-03-19,Rosella,Bantul,27200
2026-03-20,Rosella,Bantul,27350
2026-03-21,Rosella,Bantul,26500
2026-03-22,Rosella,Bantul,27350
2026-03-23,Rosella,Bantul,27450
2026-03-24,Rosella,Bantul,26750
2026-03-25,Rosella,Bantul,26600
2026-03-26,Rosella,Bantul,25700
2026-03-27,Rosella,Bantul,26800
2026-03-28,Rosella,Bantul,27400
2026-03-29,Rosella,Bantul,26950
2026-03-30,Rosella,Bantul,27050
2026-03-31,Rosella,Bantul,27050
2026-04-01,Rosella,Bantul,27550
2026-04-02,Rosella,Bantul,27050
2026-04-03,Rosella,Bantul,25850
2026-04-04,Rosella,Bantul,27250
2026-04-05,Rosella,Bantul,25950
2026-04-06,Rosella,Bantul,26400
2026-04-07,Rosella,Bantul,26700
2026-04-08,Rosella,Bantul,28450
2026-04-09,Rosella,Bantul,26850
2026-04-10,Rosella,Bantul,26900
2026-04-11,Rosella,Bantul,27150
2026-04-12,Rosella,Bantul,27500
2026-04-13,Rosella,Bantul,27250
2026-04-14,Rosella,Bantul,26650
2026-04-15,Rosella,Bantul,27550
2026-04-16,Rosella,Bantul,27950
2026-04-17,Rosella,Bantul,27100
2026-04-18,Rosella,Bantul,27700
2026-04-19,Rosella,Bantul,28500
2026-04-20,Rosella,Bantul,27750
2026-04-21,Rosella,Bantul,27400
2026-04-22,Rosella,Bantul,27350
2026-04-23,Rosella,Bantul,27450
2026-04-24,Rosella,Bantul,27050
2026-04-25,Rosella,Bantul,28250
2026-04-26,Rosella,Bantul,28200
2026-04-27,Rosella,Bantul,26800
2026-04-28,Rosella,Bantul,26850
2026-04-29,Rosella,Bantul,28100
2026-04-30,Rosella,Bantul,27300
2026-05-01,Rosella,Bantul,27450
2026-05-02,Rosella,Bantul,28600
2026-05-03,Rosella,Bantul,26050
2026-05-04,Rosella,Bantul,26200
2026-05-05,Rosella,Bantul,27700
2026-05-06,Rosella,Bantul,28000
2026-05-07,Rosella,Bantul,26750
2026-05-08,Rosella,Bantul,27150
2026-05-09,Rosella,Bantul,27600
2026-05-10,Rosella,Bantul,27250
2026-05-11,Rosella,Bantul,26400
2026-05-12,Rosella,Bantul,28450
2026-05-13,Rosella,Bantul,26950
2026-05-14,Rosella,Bantul,27400
2026-05-15,Rosella,Bantul,25650
2026-05-16,Rosella,Bantul,27450
2026-05-17,Rosella,Bantul,27050
2026-05-18,Rosella,Bantul,27500
2026-05-19,Rosella,Bantul,27650
2026-05-20,Rosella,Bantul,27550
2026-05-21,Rosella,Bantul,27200
2026-05-22,Rosella,Bantul,27400
2026-05-23,Rosella,Bantul,27400
2026-05-24,Rosella,Bantul,26200
2026-05-25,Rosella,Bantul,26200
2026-05-26,Rosella,Bantul,27950
2026-05-27,Rosella,Bantul,27300
2026-05-28,Rosella,Bantul,27900
2026-05-29,Rosella,Bantul,25950
2026-05-30,Rosella,Bantul,26550
2026-05-31,Rosella,Bantul,26700
2026-06-01,Rosella,Bantul,27050
2026-06-02,Rosella,Bantul,27750
2026-06-03,Rosella,Bantul,26900
2026-06-04,Rosella,Bantul,27050
2026-06-05,Rosella,Bantul,27500
2026-06-06,Rosella,Bantul,27150
2026-06-07,Rosella,Bantul,26800
2026-06-08,Rosella,Bantul,28300
2026-06-09,Rosella,Bantul,28350
2026-06-10,Rosella,Bantul,26950
2026-06-11,Rosella,Bantul,26400
2026-06-12,Rosella,Bantul,25400
2026-06-13,Rosella,Bantul,26900
2026-06-14,Rosella,Bantul,27050
2026-06-15,Rosella,Bantul,26500
2026-06-16,Rosella,Bantul,26450
2026-06-17,Rosella,Bantul,28300
2026-06-18,Rosella,Bantul,26500
2026-06-19,Rosella,Bantul,26400
2026-06-20,Rosella,Bantul,24400
2026-06-21,Rosella,Bantul,27350
2026-06-22,Rosella,Bantul,26350
2026-06-23,Rosella,Bantul,27250
2026-06-24,Rosella,Bantul,27000
2026-06-25,Rosella,Bantul,26200
2026-06-26,Rosella,Bantul,25000
2026-06-27,Rosella,Bantul,27300
2026-06-28,Rosella,Bantul,25700
2026-06-29,Rosella,Bantul,26300
2026-06-30,Rosella,Bantul,25450
2025-07-01,Cabai Merah,Temanggung,39100
2025-07-02,Cabai Merah,Temanggung,37400
2025-07-03,Cabai Merah,Temanggung,32350
2025-07-04,Cabai Merah,Temanggung,34750
2025-07-05,Cabai Merah,Temanggung,37700
2025-07-06,Cabai Merah,Temanggung,38200
2025-07-07,Cabai Merah,Temanggung,35700
2025-07-08,Cabai Merah,Temanggung,33550
2025-07-09,Cabai Merah,Temanggung,35400
2025-07-10,Cabai Merah,Temanggung,37350
2025-07-11,Cabai Merah,Temanggung,35000
2025-07-12,Cabai Merah,Temanggung,36450
2025-07-13,Cabai Merah,Temanggung,40950
2025-07-14,Cabai Merah,Temanggung,37200
2025-07-15,Cabai Merah,Temanggung,33750
2025-07-16,Cabai Merah,Temanggung,31450
2025-07-17,Cabai Merah,Temanggung,28500
2025-07-18,Cabai Merah,Temanggung,38200
2025-07-19,Cabai Merah,Temanggung,39550
2025-07-20,Cabai Merah,Temanggung,29250
2025-07-21,Cabai Merah,Temanggung,30450
2025-07-22,Cabai Merah,Temanggung,34300
2025-07-23,Cabai Merah,Temanggung,39900
2025-07-24,Cabai Merah,Temanggung,31850
2025-07-25,Cabai Merah,Temanggung,34300
2025-07-26,Cabai Merah,Temanggung,35300
2025-07-27,Cabai Merah,Temanggung,33200
2025-07-28,Cabai Merah,Temanggung,33900
2025-07-29,Cabai Merah,Temanggung,32650
2025-07-30,Cabai Merah,Temanggung,31750
2025-07-31,Cabai Merah,Temanggung,30700
2025-08-01,Cabai Merah,Temanggung,33050
2025-08-02,Cabai Merah,Temanggung,34200
2025-08-03,Cabai Merah,Temanggung,33250
2025-08-04,Cabai Merah,Temanggung,32850
2025-08-05,Cabai Merah,Temanggung,26250
2025-08-06,Cabai Merah,Temanggung,24350
2025-08-07,Cabai Merah,Temanggung,32200
2025-08-08,Cabai Merah,Temanggung,32250
2025-08-09,Cabai Merah,Temanggung,32950
2025-08-10,Cabai Merah,Temanggung,28300
2025-08-11,Cabai Merah,Temanggung,26950
2025-08-12,Cabai Merah,Temanggung,31650
2025-08-13,Cabai Merah,Temanggung,30000
2025-08-14,Cabai Merah,Temanggung,28050
2025-08-15,Cabai Merah,Temanggung,28500
2025-08-16,Cabai Merah,Temanggung,33900
2025-08-17,Cabai Merah,Temanggung,29450
2025-08-18,Cabai Merah,Temanggung,27250
2025-08-19,Cabai Merah,Temanggung,28650
2025-08-20,Cabai Merah,Temanggung,27400
2025-08-21,Cabai Merah,Temanggung,27800
2025-08-22,Cabai Merah,Temanggung,29400
2025-08-23,Cabai Merah,Temanggung,29100
2025-08-24,Cabai Merah,Temanggung,26650
2025-08-25,Cabai Merah,Temanggung,28500
2025-08-26,Cabai Merah,Temanggung,29150
2025-08-27,Cabai Merah,Temanggung,25850
2025-08-28,Cabai Merah,Temanggung,25100
2025-08-29,Cabai Merah,Temanggung,27200
2025-08-30,Cabai Merah,Temanggung,22750
2025-08-31,Cabai Merah,Temanggung,27650
2025-09-01,Cabai Merah,Temanggung,22200
2025-09-02,Cabai Merah,Temanggung,26250
2025-09-03,Cabai Merah,Temanggung,21800
2025-09-04,Cabai Merah,Temanggung,24250
2025-09-05,Cabai Merah,Temanggung,29850
2025-09-06,Cabai Merah,Temanggung,24800
2025-09-07,Cabai Merah,Temanggung,25200
2025-09-08,Cabai Merah,Temanggung,21700
2025-09-09,Cabai Merah,Temanggung,25200
2025-09-10,Cabai Merah,Temanggung,23700
2025-09-11,Cabai Merah,Temanggung,27000
2025-09-12,Cabai Merah,Temanggung,24250
2025-09-13,Cabai Merah,Temanggung,22850
2025-09-14,Cabai Merah,Temanggung,22350
2025-09-15,Cabai Merah,Temanggung,17350
2025-09-16,Cabai Merah,Temanggung,25750
2025-09-17,Cabai Merah,Temanggung,26100
2025-09-18,Cabai Merah,Temanggung,27300
2025-09-19,Cabai Merah,Temanggung,24100
2025-09-20,Cabai Merah,Temanggung,19900
2025-09-21,Cabai Merah,Temanggung,23200
2025-09-22,Cabai Merah,Temanggung,23300
2025-09-23,Cabai Merah,Temanggung,21950
2025-09-24,Cabai Merah,Temanggung,19600
2025-09-25,Cabai Merah,Temanggung,18950
2025-09-26,Cabai Merah,Temanggung,24700
2025-09-27,Cabai Merah,Temanggung,20200
2025-09-28,Cabai Merah,Temanggung,20950
2025-09-29,Cabai Merah,Temanggung,24800
2025-09-30,Cabai Merah,Temanggung,23050
2025-10-01,Cabai Merah,Temanggung,22850
2025-10-02,Cabai Merah,Temanggung,26500
2025-10-03,Cabai Merah,Temanggung,19450
2025-10-04,Cabai Merah,Temanggung,18750
2025-10-05,Cabai Merah,Temanggung,15800
2025-10-06,Cabai Merah,Temanggung,23300
2025-10-07,Cabai Merah,Temanggung,21950
2025-10-08,Cabai Merah,Temanggung,22950
2025-10-09,Cabai Merah,Temanggung,21850
2025-10-10,Cabai Merah,Temanggung,19600
2025-10-11,Cabai Merah,Temanggung,20700
2025-10-12,Cabai Merah,Temanggung,17450
2025-10-13,Cabai Merah,Temanggung,21700
2025-10-14,Cabai Merah,Temanggung,19450
2025-10-15,Cabai Merah,Temanggung,18450
2025-10-16,Cabai Merah,Temanggung,22900
2025-10-17,Cabai Merah,Temanggung,22000
2025-10-18,Cabai Merah,Temanggung,16800
2025-10-19,Cabai Merah,Temanggung,15400
2025-10-20,Cabai Merah,Temanggung,19600
2025-10-21,Cabai Merah,Temanggung,20500
2025-10-22,Cabai Merah,Temanggung,19650
2025-10-23,Cabai Merah,Temanggung,23100
2025-10-24,Cabai Merah,Temanggung,25300
2025-10-25,Cabai Merah,Temanggung,19650
2025-10-26,Cabai Merah,Temanggung,19350
2025-10-27,Cabai Merah,Temanggung,17450
2025-10-28,Cabai Merah,Temanggung,21250
2025-10-29,Cabai Merah,Temanggung,17700
2025-10-30,Cabai Merah,Temanggung,25500
2025-10-31,Cabai Merah,Temanggung,19800
2025-11-01,Cabai Merah,Temanggung,18900
2025-11-02,Cabai Merah,Temanggung,18350
2025-11-03,Cabai Merah,Temanggung,17450
2025-11-04,Cabai Merah,Temanggung,21500
2025-11-05,Cabai Merah,Temanggung,21700
2025-11-06,Cabai Merah,Temanggung,19900
2025-11-07,Cabai Merah,Temanggung,19200
2025-11-08,Cabai Merah,Temanggung,23450
2025-11-09,Cabai Merah,Temanggung,23000
2025-11-10,Cabai Merah,Temanggung,19950
2025-11-11,Cabai Merah,Temanggung,22100
2025-11-12,Cabai Merah,Temanggung,20650
2025-11-13,Cabai Merah,Temanggung,16450
2025-11-14,Cabai Merah,Temanggung,22750
2025-11-15,Cabai Merah,Temanggung,21500
2025-11-16,Cabai Merah,Temanggung,17350
2025-11-17,Cabai Merah,Temanggung,22500
2025-11-18,Cabai Merah,Temanggung,22150
2025-11-19,Cabai Merah,Temanggung,23650
2025-11-20,Cabai Merah,Temanggung,20750
2025-11-21,Cabai Merah,Temanggung,20000
2025-11-22,Cabai Merah,Temanggung,21800
2025-11-23,Cabai Merah,Temanggung,18100
2025-11-24,Cabai Merah,Temanggung,21700
2025-11-25,Cabai Merah,Temanggung,21800
2025-11-26,Cabai Merah,Temanggung,20800
2025-11-27,Cabai Merah,Temanggung,21350
2025-11-28,Cabai Merah,Temanggung,19500
2025-11-29,Cabai Merah,Temanggung,17200
2025-11-30,Cabai Merah,Temanggung,23000
2025-12-01,Cabai Merah,Temanggung,22050
2025-12-02,Cabai Merah,Temanggung,28050
2025-12-03,Cabai Merah,Temanggung,16100
2025-12-04,Cabai Merah,Temanggung,21800
2025-12-05,Cabai Merah,Temanggung,21050
2025-12-06,Cabai Merah,Temanggung,20350
2025-12-07,Cabai Merah,Temanggung,18650
2025-12-08,Cabai Merah,Temanggung,24050
2025-12-09,Cabai Merah,Temanggung,17800
2025-12-10,Cabai Merah,Temanggung,24950
2025-12-11,Cabai Merah,Temanggung,24700
2025-12-12,Cabai Merah,Temanggung,27600
2025-12-13,Cabai Merah,Temanggung,20100
2025-12-14,Cabai Merah,Temanggung,22400
2025-12-15,Cabai Merah,Temanggung,19950
2025-12-16,Cabai Merah,Temanggung,24150
2025-12-17,Cabai Merah,Temanggung,22300
2025-12-18,Cabai Merah,Temanggung,25550
2025-12-19,Cabai Merah,Temanggung,20850
2025-12-20,Cabai Merah,Temanggung,23800
2025-12-21,Cabai Merah,Temanggung,26700
2025-12-22,Cabai Merah,Temanggung,22600
2025-12-23,Cabai Merah,Temanggung,29150
2025-12-24,Cabai Merah,Temanggung,22950
2025-12-25,Cabai Merah,Temanggung,24400
2025-12-26,Cabai Merah,Temanggung,24350
2025-12-27,Cabai Merah,Temanggung,28300
2025-12-28,Cabai Merah,Temanggung,30250
2025-12-29,Cabai Merah,Temanggung,30050
2025-12-30,Cabai Merah,Temanggung,27950
2025-12-31,Cabai Merah,Temanggung,21550
2026-01-01,Cabai Merah,Temanggung,25050
2026-01-02,Cabai Merah,Temanggung,24300
2026-01-03,Cabai Merah,Temanggung,26750
2026-01-04,Cabai Merah,Temanggung,27850
2026-01-05,Cabai Merah,Temanggung,25900
2026-01-06,Cabai Merah,Temanggung,29000
2026-01-07,Cabai Merah,Temanggung,27500
2026-01-08,Cabai Merah,Temanggung,27250
2026-01-09,Cabai Merah,Temanggung,34650
2026-01-10,Cabai Merah,Temanggung,27500
2026-01-11,Cabai Merah,Temanggung,32600
2026-01-12,Cabai Merah,Temanggung,31500
2026-01-13,Cabai Merah,Temanggung,28800
2026-01-14,Cabai Merah,Temanggung,31600
2026-01-15,Cabai Merah,Temanggung,30600
2026-01-16,Cabai Merah,Temanggung,31150
2026-01-17,Cabai Merah,Temanggung,31700
2026-01-18,Cabai Merah,Temanggung,30650
2026-01-19,Cabai Merah,Temanggung,30250
2026-01-20,Cabai Merah,Temanggung,33450
2026-01-21,Cabai Merah,Temanggung,31950
2026-01-22,Cabai Merah,Temanggung,32050
2026-01-23,Cabai Merah,Temanggung,33750
2026-01-24,Cabai Merah,Temanggung,35950
2026-01-25,Cabai Merah,Temanggung,25900
2026-01-26,Cabai Merah,Temanggung,32850
2026-01-27,Cabai Merah,Temanggung,29100
2026-01-28,Cabai Merah,Temanggung,34700
2026-01-29,Cabai Merah,Temanggung,31300
2026-01-30,Cabai Merah,Temanggung,32850
2026-01-31,Cabai Merah,Temanggung,36000
2026-02-01,Cabai Merah,Temanggung,31600
2026-02-02,Cabai Merah,Temanggung,34700
2026-02-03,Cabai Merah,Temanggung,26050
2026-02-04,Cabai Merah,Temanggung,28950
2026-02-05,Cabai Merah,Temanggung,34550
2026-02-06,Cabai Merah,Temanggung,33600
2026-02-07,Cabai Merah,Temanggung,39450
2026-02-08,Cabai Merah,Temanggung,30550
2026-02-09,Cabai Merah,Temanggung,36250
2026-02-10,Cabai Merah,Temanggung,32100
2026-02-11,Cabai Merah,Temanggung,36000
2026-02-12,Cabai Merah,Temanggung,34450
2026-02-13,Cabai Merah,Temanggung,36650
2026-02-14,Cabai Merah,Temanggung,37150
2026-02-15,Cabai Merah,Temanggung,38100
2026-02-16,Cabai Merah,Temanggung,38900
2026-02-17,Cabai Merah,Temanggung,37550
2026-02-18,Cabai Merah,Temanggung,36700
2026-02-19,Cabai Merah,Temanggung,37650
2026-02-20,Cabai Merah,Temanggung,35400
2026-02-21,Cabai Merah,Temanggung,39750
2026-02-22,Cabai Merah,Temanggung,38350
2026-02-23,Cabai Merah,Temanggung,33400
2026-02-24,Cabai Merah,Temanggung,36650
2026-02-25,Cabai Merah,Temanggung,32250
2026-02-26,Cabai Merah,Temanggung,41500
2026-02-27,Cabai Merah,Temanggung,39500
2026-02-28,Cabai Merah,Temanggung,37700
2026-03-01,Cabai Merah,Temanggung,43400
2026-03-02,Cabai Merah,Temanggung,41150
2026-03-03,Cabai Merah,Temanggung,33750
2026-03-04,Cabai Merah,Temanggung,38550
2026-03-05,Cabai Merah,Temanggung,38150
2026-03-06,Cabai Merah,Temanggung,40500
2026-03-07,Cabai Merah,Temanggung,40450
2026-03-08,Cabai Merah,Temanggung,39650
2026-03-09,Cabai Merah,Temanggung,40300
2026-03-10,Cabai Merah,Temanggung,38100
2026-03-11,Cabai Merah,Temanggung,39200
2026-03-12,Cabai Merah,Temanggung,41550
2026-03-13,Cabai Merah,Temanggung,41400
2026-03-14,Cabai Merah,Temanggung,40550
2026-03-15,Cabai Merah,Temanggung,40100
2026-03-16,Cabai Merah,Temanggung,39500
2026-03-17,Cabai Merah,Temanggung,40250
2026-03-18,Cabai Merah,Temanggung,40950
2026-03-19,Cabai Merah,Temanggung,43350
2026-03-20,Cabai Merah,Temanggung,43550
2026-03-21,Cabai Merah,Temanggung,38800
2026-03-22,Cabai Merah,Temanggung,43400
2026-03-23,Cabai Merah,Temanggung,43100
2026-03-24,Cabai Merah,Temanggung,43000
2026-03-25,Cabai Merah,Temanggung,44450
2026-03-26,Cabai Merah,Temanggung,44600
2026-03-27,Cabai Merah,Temanggung,43550
2026-03-28,Cabai Merah,Temanggung,44100
2026-03-29,Cabai Merah,Temanggung,42700
2026-03-30,Cabai Merah,Temanggung,42450
2026-03-31,Cabai Merah,Temanggung,40450
2026-04-01,Cabai Merah,Temanggung,42000
2026-04-02,Cabai Merah,Temanggung,44500
2026-04-03,Cabai Merah,Temanggung,43050
2026-04-04,Cabai Merah,Temanggung,49200
2026-04-05,Cabai Merah,Temanggung,46000
2026-04-06,Cabai Merah,Temanggung,46300
2026-04-07,Cabai Merah,Temanggung,44000
2026-04-08,Cabai Merah,Temanggung,42950
2026-04-09,Cabai Merah,Temanggung,46350
2026-04-10,Cabai Merah,Temanggung,47450
2026-04-11,Cabai Merah,Temanggung,42800
2026-04-12,Cabai Merah,Temanggung,39500
2026-04-13,Cabai Merah,Temanggung,46450
2026-04-14,Cabai Merah,Temanggung,45100
2026-04-15,Cabai Merah,Temanggung,44050
2026-04-16,Cabai Merah,Temanggung,47800
2026-04-17,Cabai Merah,Temanggung,39850
2026-04-18,Cabai Merah,Temanggung,41100
2026-04-19,Cabai Merah,Temanggung,46950
2026-04-20,Cabai Merah,Temanggung,49200
2026-04-21,Cabai Merah,Temanggung,42950
2026-04-22,Cabai Merah,Temanggung,45800
2026-04-23,Cabai Merah,Temanggung,49200
2026-04-24,Cabai Merah,Temanggung,48600
2026-04-25,Cabai Merah,Temanggung,44350
2026-04-26,Cabai Merah,Temanggung,43200
2026-04-27,Cabai Merah,Temanggung,43800
2026-04-28,Cabai Merah,Temanggung,41400
2026-04-29,Cabai Merah,Temanggung,46550
2026-04-30,Cabai Merah,Temanggung,39200
2026-05-01,Cabai Merah,Temanggung,44900
2026-05-02,Cabai Merah,Temanggung,44250
2026-05-03,Cabai Merah,Temanggung,41000
2026-05-04,Cabai Merah,Temanggung,47050
2026-05-05,Cabai Merah,Temanggung,42150
2026-05-06,Cabai Merah,Temanggung,45450
2026-05-07,Cabai Merah,Temanggung,42350
2026-05-08,Cabai Merah,Temanggung,45700
2026-05-09,Cabai Merah,Temanggung,47650
2026-05-10,Cabai Merah,Temanggung,40950
2026-05-11,Cabai Merah,Temanggung,43600
2026-05-12,Cabai Merah,Temanggung,45500
2026-05-13,Cabai Merah,Temanggung,49800
2026-05-14,Cabai Merah,Temanggung,44350
2026-05-15,Cabai Merah,Temanggung,45450
2026-05-16,Cabai Merah,Temanggung,42650
2026-05-17,Cabai Merah,Temanggung,41050
2026-05-18,Cabai Merah,Temanggung,40550
2026-05-19,Cabai Merah,Temanggung,45850
2026-05-20,Cabai Merah,Temanggung,44050
2026-05-21,Cabai Merah,Temanggung,46350
2026-05-22,Cabai Merah,Temanggung,38800
2026-05-23,Cabai Merah,Temanggung,42050
2026-05-24,Cabai Merah,Temanggung,40700
2026-05-25,Cabai Merah,Temanggung,47950
2026-05-26,Cabai Merah,Temanggung,44750
2026-05-27,Cabai Merah,Temanggung,45750
2026-05-28,Cabai Merah,Temanggung,42000
2026-05-29,Cabai Merah,Temanggung,43300
2026-05-30,Cabai Merah,Temanggung,42600
2026-05-31,Cabai Merah,Temanggung,42000
2026-06-01,Cabai Merah,Temanggung,46950
2026-06-02,Cabai Merah,Temanggung,42800
2026-06-03,Cabai Merah,Temanggung,44950
2026-06-04,Cabai Merah,Temanggung,44550
2026-06-05,Cabai Merah,Temanggung,45150
2026-06-06,Cabai Merah,Temanggung,44300
2026-06-07,Cabai Merah,Temanggung,43950
2026-06-08,Cabai Merah,Temanggung,43900
2026-06-09,Cabai Merah,Temanggung,46600
2026-06-10,Cabai Merah,Temanggung,44300
2026-06-11,Cabai Merah,Temanggung,41800
2026-06-12,Cabai Merah,Temanggung,41500
2026-06-13,Cabai Merah,Temanggung,38500
2026-06-14,Cabai Merah,Temanggung,38450
2026-06-15,Cabai Merah,Temanggung,39050
2026-06-16,Cabai Merah,Temanggung,41400
2026-06-17,Cabai Merah,Temanggung,43500
2026-06-18,Cabai Merah,Temanggung,40750
2026-06-19,Cabai Merah,Temanggung,42900
2026-06-20,Cabai Merah,Temanggung,41800
2026-06-21,Cabai Merah,Temanggung,39600
2026-06-22,Cabai Merah,Temanggung,40050
2026-06-23,Cabai Merah,Temanggung,35450
2026-06-24,Cabai Merah,Temanggung,42200
2026-06-25,Cabai Merah,Temanggung,41050
2026-06-26,Cabai Merah,Temanggung,38300
2026-06-27,Cabai Merah,Temanggung,43050
2026-06-28,Cabai Merah,Temanggung,36900
2026-06-29,Cabai Merah,Temanggung,43050
2026-06-30,Cabai Merah,Temanggung,35700
