kode_panelis,kode_formula,ulangan,atribut,nilai
PTL-001,F1,1,aroma_sukun,0.78
PTL-001,F1,1,aroma_langu,4.1
PTL-001,F1,1,rasa_manis,5.0
PTL-001,F1,1,rasa_sepat,0.9
PTL-001,F1,1,kerenyahan,8.86
PTL-001,F1,1,kekerasan,3.37
PTL-001,F1,1,intensitas_warna,3.46
PTL-001,F1,1,kelarutan_mulut,6.54
PTL-001,F1,2,aroma_sukun,0.0
PTL-001,F1,2,aroma_langu,2.85
PTL-001,F1,2,rasa_manis,6.35
PTL-001,F1,2,rasa_sepat,2.26
PTL-001,F1,2,kerenyahan,7.58
PTL-001,F1,2,kekerasan,4.4
PTL-001,F1,2,intensitas_warna,3.03
PTL-001,F1,2,kelarutan_mulut,7.36
PTL-001,F1,3,aroma_sukun,0.71
PTL-001,F1,3,aroma_langu,3.49
PTL-001,F1,3,rasa_manis,5.09
PTL-001,F1,3,rasa_sepat,0.87
PTL-001,F1,3,kerenyahan,7.39
PTL-001,F1,3,kekerasan,4.02
PTL-001,F1,3,intensitas_warna,3.58
PTL-001,F1,3,kelarutan_mulut,7.18
PTL-001,F2,1,aroma_sukun,1.93
PTL-001,F2,1,aroma_langu,3.31
PTL-001,F2,1,rasa_manis,5.01
PTL-001,F2,1,rasa_sepat,2.26
PTL-001,F2,1,kerenyahan,7.45
PTL-001,F2,1,kekerasan,4.13
PTL-001,F2,1,intensitas_warna,3.86
PTL-001,F2,1,kelarutan_mulut,6.35
PTL-001,F2,2,aroma_sukun,1.6
PTL-001,F2,2,aroma_langu,3.13
PTL-001,F2,2,rasa_manis,4.39
PTL-001,F2,2,rasa_sepat,1.85
PTL-001,F2,2,kerenyahan,7.7
PTL-001,F2,2,kekerasan,5.32
PTL-001,F2,2,intensitas_warna,3.94
PTL-001,F2,2,kelarutan_mulut,7.08
PTL-001,F2,3,aroma_sukun,2.3
PTL-001,F2,3,aroma_langu,3.75
PTL-001,F2,3,rasa_manis,4.9
PTL-001,F2,3,rasa_sepat,1.82
PTL-001,F2,3,kerenyahan,7.32
PTL-001,F2,3,kekerasan,3.39
PTL-001,F2,3,intensitas_warna,3.76
PTL-001,F2,3,kelarutan_mulut,6.54
PTL-001,F3,1,aroma_sukun,3.58
PTL-001,F3,1,aroma_langu,2.14
PTL-001,F3,1,rasa_manis,5.16
PTL-001,F3,1,rasa_sepat,3.26
PTL-001,F3,1,kerenyahan,6.37
PTL-001,F3,1,kekerasan,4.27
PTL-001,F3,1,intensitas_warna,5.27
PTL-001,F3,1,kelarutan_mulut,6.21
PTL-001,F3,2,aroma_sukun,3.4
PTL-001,F3,2,aroma_langu,3.08
PTL-001,F3,2,rasa_manis,4.92
PTL-001,F3,2,rasa_sepat,2.79
PTL-001,F3,2,kerenyahan,7.55
PTL-001,F3,2,kekerasan,4.38
PTL-001,F3,2,intensitas_warna,4.8
PTL-001,F3,2,kelarutan_mulut,5.99
PTL-001,F3,3,aroma_sukun,3.87
PTL-001,F3,3,aroma_langu,2.8
PTL-001,F3,3,rasa_manis,5.92
PTL-001,F3,3,rasa_sepat,2.76
PTL-001,F3,3,kerenyahan,7.08
PTL-001,F3,3,kekerasan,5.17
PTL-001,F3,3,intensitas_warna,4.87
PTL-001,F3,3,kelarutan_mulut,6.38
PTL-001,F4,1,aroma_sukun,6.08
PTL-001,F4,1,aroma_langu,1.88
PTL-001,F4,1,rasa_manis,6.23
PTL-001,F4,1,rasa_sepat,2.75
PTL-001,F4,1,kerenyahan,5.98
PTL-001,F4,1,kekerasan,5.81
PTL-001,F4,1,intensitas_warna,4.96
PTL-001,F4,1,kelarutan_mulut,5.31
PTL-001,F4,2,aroma_sukun,5.68
PTL-001,F4,2,aroma_langu,2.99
PTL-001,F4,2,rasa_manis,5.45
PTL-001,F4,2,rasa_sepat,3.28
PTL-001,F4,2,kerenyahan,6.21
PTL-001,F4,2,kekerasan,6.59
PTL-001,F4,2,intensitas_warna,5.7
PTL-001,F4,2,kelarutan_mulut,5.17
PTL-001,F4,3,aroma_sukun,6.3
PTL-001,F4,3,aroma_langu,1.37
PTL-001,F4,3,rasa_manis,5.9
PTL-001,F4,3,rasa_sepat,3.53
PTL-001,F4,3,kerenyahan,6.2
PTL-001,F4,3,kekerasan,6.76
PTL-001,F4,3,intensitas_warna,5.71
PTL-001,F4,3,kelarutan_mulut,6.04
PTL-001,F5,1,aroma_sukun,7.71
PTL-001,F5,1,aroma_langu,3.98
PTL-001,F5,1,rasa_manis,6.49
PTL-001,F5,1,rasa_sepat,3.71
PTL-001,F5,1,kerenyahan,5.76
PTL-001,F5,1,kekerasan,5.48
PTL-001,F5,1,intensitas_warna,6.28
PTL-001,F5,1,kelarutan_mulut,5.14
PTL-001,F5,2,aroma_sukun,7.08
PTL-001,F5,2,aroma_langu,2.39
PTL-001,F5,2,rasa_manis,5.89
PTL-001,F5,2,rasa_sepat,4.63
PTL-001,F5,2,kerenyahan,5.56
PTL-001,F5,2,kekerasan,6.83
PTL-001,F5,2,intensitas_warna,6.94
PTL-001,F5,2,kelarutan_mulut,5.51
PTL-001,F5,3,aroma_sukun,6.76
PTL-001,F5,3,aroma_langu,1.6
PTL-001,F5,3,rasa_manis,6.13
PTL-001,F5,3,rasa_sepat,5.54
PTL-001,F5,3,kerenyahan,5.75
PTL-001,F5,3,kekerasan,6.41
PTL-001,F5,3,intensitas_warna,6.81
PTL-001,F5,3,kelarutan_mulut,5.29
PTL-001,F6,1,aroma_sukun,8.18
PTL-001,F6,1,aroma_langu,1.11
PTL-001,F6,1,rasa_manis,5.67
PTL-001,F6,1,rasa_sepat,4.79
PTL-001,F6,1,kerenyahan,3.43
PTL-001,F6,1,kekerasan,7.04
PTL-001,F6,1,intensitas_warna,7.45
PTL-001,F6,1,kelarutan_mulut,3.88
PTL-001,F6,2,aroma_sukun,8.5
PTL-001,F6,2,aroma_langu,1.93
PTL-001,F6,2,rasa_manis,6.02
PTL-001,F6,2,rasa_sepat,5.11
PTL-001,F6,2,kerenyahan,2.98
PTL-001,F6,2,kekerasan,8.08
PTL-001,F6,2,intensitas_warna,6.97
PTL-001,F6,2,kelarutan_mulut,5.14
PTL-001,F6,3,aroma_sukun,8.2
PTL-001,F6,3,aroma_langu,1.09
PTL-001,F6,3,rasa_manis,6.4
PTL-001,F6,3,rasa_sepat,5.4
PTL-001,F6,3,kerenyahan,4.36
PTL-001,F6,3,kekerasan,7.2
PTL-001,F6,3,intensitas_warna,7.4
PTL-001,F6,3,kelarutan_mulut,5.12
PTL-002,F1,1,aroma_sukun,0.65
PTL-002,F1,1,aroma_langu,3.44
PTL-002,F1,1,rasa_manis,4.65
PTL-002,F1,1,rasa_sepat,1.2
PTL-002,F1,1,kerenyahan,8.47
PTL-002,F1,1,kekerasan,4.37
PTL-002,F1,1,intensitas_warna,3.32
PTL-002,F1,1,kelarutan_mulut,6.75
PTL-002,F1,2,aroma_sukun,0.0
PTL-002,F1,2,aroma_langu,3.49
PTL-002,F1,2,rasa_manis,4.71
PTL-002,F1,2,rasa_sepat,1.23
PTL-002,F1,2,kerenyahan,8.27
PTL-002,F1,2,kekerasan,4.63
PTL-002,F1,2,intensitas_warna,2.98
PTL-002,F1,2,kelarutan_mulut,7.83
PTL-002,F1,3,aroma_sukun,0.93
PTL-002,F1,3,aroma_langu,4.01
PTL-002,F1,3,rasa_manis,5.19
PTL-002,F1,3,rasa_sepat,1.93
PTL-002,F1,3,kerenyahan,8.51
PTL-002,F1,3,kekerasan,3.71
PTL-002,F1,3,intensitas_warna,3.49
PTL-002,F1,3,kelarutan_mulut,7.74
PTL-002,F2,1,aroma_sukun,2.95
PTL-002,F2,1,aroma_langu,3.76
PTL-002,F2,1,rasa_manis,6.65
PTL-002,F2,1,rasa_sepat,1.61
PTL-002,F2,1,kerenyahan,8.07
PTL-002,F2,1,kekerasan,5.11
PTL-002,F2,1,intensitas_warna,5.27
PTL-002,F2,1,kelarutan_mulut,7.71
PTL-002,F2,2,aroma_sukun,2.35
PTL-002,F2,2,aroma_langu,3.23
PTL-002,F2,2,rasa_manis,5.42
PTL-002,F2,2,rasa_sepat,3.03
PTL-002,F2,2,kerenyahan,7.5
PTL-002,F2,2,kekerasan,5.03
PTL-002,F2,2,intensitas_warna,4.32
PTL-002,F2,2,kelarutan_mulut,6.22
PTL-002,F2,3,aroma_sukun,2.79
PTL-002,F2,3,aroma_langu,3.64
PTL-002,F2,3,rasa_manis,4.81
PTL-002,F2,3,rasa_sepat,1.43
PTL-002,F2,3,kerenyahan,8.65
PTL-002,F2,3,kekerasan,4.4
PTL-002,F2,3,intensitas_warna,3.35
PTL-002,F2,3,kelarutan_mulut,7.37
PTL-002,F3,1,aroma_sukun,5.02
PTL-002,F3,1,aroma_langu,2.61
PTL-002,F3,1,rasa_manis,5.94
PTL-002,F3,1,rasa_sepat,3.45
PTL-002,F3,1,kerenyahan,7.2
PTL-002,F3,1,kekerasan,5.16
PTL-002,F3,1,intensitas_warna,5.33
PTL-002,F3,1,kelarutan_mulut,7.31
PTL-002,F3,2,aroma_sukun,3.1
PTL-002,F3,2,aroma_langu,3.1
PTL-002,F3,2,rasa_manis,6.02
PTL-002,F3,2,rasa_sepat,2.66
PTL-002,F3,2,kerenyahan,8.06
PTL-002,F3,2,kekerasan,4.56
PTL-002,F3,2,intensitas_warna,5.5
PTL-002,F3,2,kelarutan_mulut,7.84
PTL-002,F3,3,aroma_sukun,4.81
PTL-002,F3,3,aroma_langu,3.17
PTL-002,F3,3,rasa_manis,5.92
PTL-002,F3,3,rasa_sepat,2.77
PTL-002,F3,3,kerenyahan,6.61
PTL-002,F3,3,kekerasan,5.76
PTL-002,F3,3,intensitas_warna,5.11
PTL-002,F3,3,kelarutan_mulut,7.06
PTL-002,F4,1,aroma_sukun,7.19
PTL-002,F4,1,aroma_langu,2.79
PTL-002,F4,1,rasa_manis,7.13
PTL-002,F4,1,rasa_sepat,4.18
PTL-002,F4,1,kerenyahan,6.04
PTL-002,F4,1,kekerasan,5.62
PTL-002,F4,1,intensitas_warna,6.32
PTL-002,F4,1,kelarutan_mulut,6.17
PTL-002,F4,2,aroma_sukun,5.97
PTL-002,F4,2,aroma_langu,2.82
PTL-002,F4,2,rasa_manis,7.38
PTL-002,F4,2,rasa_sepat,3.71
PTL-002,F4,2,kerenyahan,6.23
PTL-002,F4,2,kekerasan,5.61
PTL-002,F4,2,intensitas_warna,6.07
PTL-002,F4,2,kelarutan_mulut,6.46
PTL-002,F4,3,aroma_sukun,6.28
PTL-002,F4,3,aroma_langu,2.03
PTL-002,F4,3,rasa_manis,5.38
PTL-002,F4,3,rasa_sepat,3.45
PTL-002,F4,3,kerenyahan,6.33
PTL-002,F4,3,kekerasan,6.16
PTL-002,F4,3,intensitas_warna,6.18
PTL-002,F4,3,kelarutan_mulut,6.38
PTL-002,F5,1,aroma_sukun,7.47
PTL-002,F5,1,aroma_langu,2.57
PTL-002,F5,1,rasa_manis,6.87
PTL-002,F5,1,rasa_sepat,5.2
PTL-002,F5,1,kerenyahan,6.75
PTL-002,F5,1,kekerasan,7.33
PTL-002,F5,1,intensitas_warna,7.27
PTL-002,F5,1,kelarutan_mulut,6.24
PTL-002,F5,2,aroma_sukun,6.39
PTL-002,F5,2,aroma_langu,2.11
PTL-002,F5,2,rasa_manis,7.27
PTL-002,F5,2,rasa_sepat,4.57
PTL-002,F5,2,kerenyahan,4.64
PTL-002,F5,2,kekerasan,6.35
PTL-002,F5,2,intensitas_warna,7.51
PTL-002,F5,2,kelarutan_mulut,4.88
PTL-002,F5,3,aroma_sukun,6.77
PTL-002,F5,3,aroma_langu,2.17
PTL-002,F5,3,rasa_manis,6.26
PTL-002,F5,3,rasa_sepat,5.97
PTL-002,F5,3,kerenyahan,5.61
PTL-002,F5,3,kekerasan,6.11
PTL-002,F5,3,intensitas_warna,7.23
PTL-002,F5,3,kelarutan_mulut,5.18
PTL-002,F6,1,aroma_sukun,8.57
PTL-002,F6,1,aroma_langu,2.22
PTL-002,F6,1,rasa_manis,6.08
PTL-002,F6,1,rasa_sepat,4.98
PTL-002,F6,1,kerenyahan,4.47
PTL-002,F6,1,kekerasan,8.32
PTL-002,F6,1,intensitas_warna,6.86
PTL-002,F6,1,kelarutan_mulut,4.78
PTL-002,F6,2,aroma_sukun,8.79
PTL-002,F6,2,aroma_langu,2.69
PTL-002,F6,2,rasa_manis,7.68
PTL-002,F6,2,rasa_sepat,6.62
PTL-002,F6,2,kerenyahan,4.77
PTL-002,F6,2,kekerasan,7.85
PTL-002,F6,2,intensitas_warna,6.84
PTL-002,F6,2,kelarutan_mulut,4.43
PTL-002,F6,3,aroma_sukun,8.86
PTL-002,F6,3,aroma_langu,2.59
PTL-002,F6,3,rasa_manis,5.94
PTL-002,F6,3,rasa_sepat,4.59
PTL-002,F6,3,kerenyahan,4.14
PTL-002,F6,3,kekerasan,7.41
PTL-002,F6,3,intensitas_warna,8.62
PTL-002,F6,3,kelarutan_mulut,4.88
PTL-003,F1,1,aroma_sukun,0.76
PTL-003,F1,1,aroma_langu,4.17
PTL-003,F1,1,rasa_manis,4.68
PTL-003,F1,1,rasa_sepat,1.82
PTL-003,F1,1,kerenyahan,7.37
PTL-003,F1,1,kekerasan,4.31
PTL-003,F1,1,intensitas_warna,3.11
PTL-003,F1,1,kelarutan_mulut,8.29
PTL-003,F1,2,aroma_sukun,1.41
PTL-003,F1,2,aroma_langu,4.08
PTL-003,F1,2,rasa_manis,4.96
PTL-003,F1,2,rasa_sepat,1.42
PTL-003,F1,2,kerenyahan,7.85
PTL-003,F1,2,kekerasan,4.07
PTL-003,F1,2,intensitas_warna,3.75
PTL-003,F1,2,kelarutan_mulut,7.44
PTL-003,F1,3,aroma_sukun,0.71
PTL-003,F1,3,aroma_langu,4.47
PTL-003,F1,3,rasa_manis,6.06
PTL-003,F1,3,rasa_sepat,0.45
PTL-003,F1,3,kerenyahan,9.1
PTL-003,F1,3,kekerasan,5.99
PTL-003,F1,3,intensitas_warna,3.67
PTL-003,F1,3,kelarutan_mulut,7.98
PTL-003,F2,1,aroma_sukun,3.82
PTL-003,F2,1,aroma_langu,3.54
PTL-003,F2,1,rasa_manis,5.34
PTL-003,F2,1,rasa_sepat,2.02
PTL-003,F2,1,kerenyahan,8.11
PTL-003,F2,1,kekerasan,5.48
PTL-003,F2,1,intensitas_warna,4.12
PTL-003,F2,1,kelarutan_mulut,7.73
PTL-003,F2,2,aroma_sukun,3.78
PTL-003,F2,2,aroma_langu,3.27
PTL-003,F2,2,rasa_manis,5.79
PTL-003,F2,2,rasa_sepat,1.45
PTL-003,F2,2,kerenyahan,7.87
PTL-003,F2,2,kekerasan,5.97
PTL-003,F2,2,intensitas_warna,4.13
PTL-003,F2,2,kelarutan_mulut,7.35
PTL-003,F2,3,aroma_sukun,2.46
PTL-003,F2,3,aroma_langu,4.42
PTL-003,F2,3,rasa_manis,5.63
PTL-003,F2,3,rasa_sepat,3.34
PTL-003,F2,3,kerenyahan,7.46
PTL-003,F2,3,kekerasan,4.72
PTL-003,F2,3,intensitas_warna,3.81
PTL-003,F2,3,kelarutan_mulut,7.72
PTL-003,F3,1,aroma_sukun,5.32
PTL-003,F3,1,aroma_langu,2.7
PTL-003,F3,1,rasa_manis,5.35
PTL-003,F3,1,rasa_sepat,2.4
PTL-003,F3,1,kerenyahan,7.24
PTL-003,F3,1,kekerasan,5.16
PTL-003,F3,1,intensitas_warna,4.95
PTL-003,F3,1,kelarutan_mulut,5.78
PTL-003,F3,2,aroma_sukun,4.69
PTL-003,F3,2,aroma_langu,3.64
PTL-003,F3,2,rasa_manis,6.16
PTL-003,F3,2,rasa_sepat,2.66
PTL-003,F3,2,kerenyahan,7.72
PTL-003,F3,2,kekerasan,4.98
PTL-003,F3,2,intensitas_warna,5.62
PTL-003,F3,2,kelarutan_mulut,6.28
PTL-003,F3,3,aroma_sukun,4.66
PTL-003,F3,3,aroma_langu,3.24
PTL-003,F3,3,rasa_manis,7.19
PTL-003,F3,3,rasa_sepat,3.38
PTL-003,F3,3,kerenyahan,8.14
PTL-003,F3,3,kekerasan,5.74
PTL-003,F3,3,intensitas_warna,5.99
PTL-003,F3,3,kelarutan_mulut,7.15
PTL-003,F4,1,aroma_sukun,6.18
PTL-003,F4,1,aroma_langu,2.88
PTL-003,F4,1,rasa_manis,6.84
PTL-003,F4,1,rasa_sepat,3.26
PTL-003,F4,1,kerenyahan,6.85
PTL-003,F4,1,kekerasan,7.65
PTL-003,F4,1,intensitas_warna,7.05
PTL-003,F4,1,kelarutan_mulut,7.75
PTL-003,F4,2,aroma_sukun,6.6
PTL-003,F4,2,aroma_langu,2.77
PTL-003,F4,2,rasa_manis,6.53
PTL-003,F4,2,rasa_sepat,4.62
PTL-003,F4,2,kerenyahan,7.25
PTL-003,F4,2,kekerasan,7.26
PTL-003,F4,2,intensitas_warna,6.36
PTL-003,F4,2,kelarutan_mulut,6.98
PTL-003,F4,3,aroma_sukun,6.03
PTL-003,F4,3,aroma_langu,2.13
PTL-003,F4,3,rasa_manis,8.05
PTL-003,F4,3,rasa_sepat,4.61
PTL-003,F4,3,kerenyahan,6.77
PTL-003,F4,3,kekerasan,5.64
PTL-003,F4,3,intensitas_warna,6.06
PTL-003,F4,3,kelarutan_mulut,6.05
PTL-003,F5,1,aroma_sukun,7.96
PTL-003,F5,1,aroma_langu,3.13
PTL-003,F5,1,rasa_manis,7.27
PTL-003,F5,1,rasa_sepat,5.24
PTL-003,F5,1,kerenyahan,5.83
PTL-003,F5,1,kekerasan,7.02
PTL-003,F5,1,intensitas_warna,7.36
PTL-003,F5,1,kelarutan_mulut,4.15
PTL-003,F5,2,aroma_sukun,8.05
PTL-003,F5,2,aroma_langu,2.87
PTL-003,F5,2,rasa_manis,7.37
PTL-003,F5,2,rasa_sepat,5.75
PTL-003,F5,2,kerenyahan,5.23
PTL-003,F5,2,kekerasan,6.97
PTL-003,F5,2,intensitas_warna,6.41
PTL-003,F5,2,kelarutan_mulut,6.28
PTL-003,F5,3,aroma_sukun,7.07
PTL-003,F5,3,aroma_langu,3.77
PTL-003,F5,3,rasa_manis,7.75
PTL-003,F5,3,rasa_sepat,5.77
PTL-003,F5,3,kerenyahan,6.27
PTL-003,F5,3,kekerasan,7.17
PTL-003,F5,3,intensitas_warna,7.44
PTL-003,F5,3,kelarutan_mulut,6.18
PTL-003,F6,1,aroma_sukun,8.45
PTL-003,F6,1,aroma_langu,3.54
PTL-003,F6,1,rasa_manis,6.88
PTL-003,F6,1,rasa_sepat,5.91
PTL-003,F6,1,kerenyahan,5.07
PTL-003,F6,1,kekerasan,7.68
PTL-003,F6,1,intensitas_warna,8.37
PTL-003,F6,1,kelarutan_mulut,4.93
PTL-003,F6,2,aroma_sukun,8.72
PTL-003,F6,2,aroma_langu,1.87
PTL-003,F6,2,rasa_manis,6.63
PTL-003,F6,2,rasa_sepat,5.84
PTL-003,F6,2,kerenyahan,4.55
PTL-003,F6,2,kekerasan,8.64
PTL-003,F6,2,intensitas_warna,7.31
PTL-003,F6,2,kelarutan_mulut,5.58
PTL-003,F6,3,aroma_sukun,9.13
PTL-003,F6,3,aroma_langu,1.29
PTL-003,F6,3,rasa_manis,6.83
PTL-003,F6,3,rasa_sepat,5.82
PTL-003,F6,3,kerenyahan,5.45
PTL-003,F6,3,kekerasan,7.87
PTL-003,F6,3,intensitas_warna,7.32
PTL-003,F6,3,kelarutan_mulut,5.08
PTL-004,F1,1,aroma_sukun,1.35
PTL-004,F1,1,aroma_langu,4.35
PTL-004,F1,1,rasa_manis,5.67
PTL-004,F1,1,rasa_sepat,0.75
PTL-004,F1,1,kerenyahan,7.59
PTL-004,F1,1,kekerasan,3.74
PTL-004,F1,1,intensitas_warna,2.16
PTL-004,F1,1,kelarutan_mulut,7.84
PTL-004,F1,2,aroma_sukun,0.47
PTL-004,F1,2,aroma_langu,4.38
PTL-004,F1,2,rasa_manis,6.24
PTL-004,F1,2,rasa_sepat,1.31
PTL-004,F1,2,kerenyahan,8.15
PTL-004,F1,2,kekerasan,4.58
PTL-004,F1,2,intensitas_warna,3.76
PTL-004,F1,2,kelarutan_mulut,6.92
PTL-004,F1,3,aroma_sukun,1.96
PTL-004,F1,3,aroma_langu,4.16
PTL-004,F1,3,rasa_manis,5.65
PTL-004,F1,3,rasa_sepat,1.68
PTL-004,F1,3,kerenyahan,8.06
PTL-004,F1,3,kekerasan,4.52
PTL-004,F1,3,intensitas_warna,3.23
PTL-004,F1,3,kelarutan_mulut,6.75
PTL-004,F2,1,aroma_sukun,2.7
PTL-004,F2,1,aroma_langu,3.5
PTL-004,F2,1,rasa_manis,7.05
PTL-004,F2,1,rasa_sepat,2.82
PTL-004,F2,1,kerenyahan,8.18
PTL-004,F2,1,kekerasan,4.44
PTL-004,F2,1,intensitas_warna,4.97
PTL-004,F2,1,kelarutan_mulut,7.99
PTL-004,F2,2,aroma_sukun,3.0
PTL-004,F2,2,aroma_langu,3.06
PTL-004,F2,2,rasa_manis,5.08
PTL-004,F2,2,rasa_sepat,3.2
PTL-004,F2,2,kerenyahan,7.41
PTL-004,F2,2,kekerasan,5.31
PTL-004,F2,2,intensitas_warna,4.17
PTL-004,F2,2,kelarutan_mulut,6.54
PTL-004,F2,3,aroma_sukun,2.45
PTL-004,F2,3,aroma_langu,3.43
PTL-004,F2,3,rasa_manis,6.15
PTL-004,F2,3,rasa_sepat,1.68
PTL-004,F2,3,kerenyahan,7.57
PTL-004,F2,3,kekerasan,5.31
PTL-004,F2,3,intensitas_warna,3.99
PTL-004,F2,3,kelarutan_mulut,7.13
PTL-004,F3,1,aroma_sukun,4.97
PTL-004,F3,1,aroma_langu,3.93
PTL-004,F3,1,rasa_manis,6.36
PTL-004,F3,1,rasa_sepat,2.03
PTL-004,F3,1,kerenyahan,7.5
PTL-004,F3,1,kekerasan,5.65
PTL-004,F3,1,intensitas_warna,5.18
PTL-004,F3,1,kelarutan_mulut,7.63
PTL-004,F3,2,aroma_sukun,5.48
PTL-004,F3,2,aroma_langu,3.09
PTL-004,F3,2,rasa_manis,5.7
PTL-004,F3,2,rasa_sepat,2.7
PTL-004,F3,2,kerenyahan,7.25
PTL-004,F3,2,kekerasan,4.38
PTL-004,F3,2,intensitas_warna,5.32
PTL-004,F3,2,kelarutan_mulut,7.64
PTL-004,F3,3,aroma_sukun,4.49
PTL-004,F3,3,aroma_langu,4.0
PTL-004,F3,3,rasa_manis,5.46
PTL-004,F3,3,rasa_sepat,2.39
PTL-004,F3,3,kerenyahan,7.33
PTL-004,F3,3,kekerasan,5.14
PTL-004,F3,3,intensitas_warna,5.3
PTL-004,F3,3,kelarutan_mulut,7.18
PTL-004,F4,1,aroma_sukun,7.3
PTL-004,F4,1,aroma_langu,2.66
PTL-004,F4,1,rasa_manis,6.82
PTL-004,F4,1,rasa_sepat,3.92
PTL-004,F4,1,kerenyahan,6.83
PTL-004,F4,1,kekerasan,6.09
PTL-004,F4,1,intensitas_warna,5.88
PTL-004,F4,1,kelarutan_mulut,6.13
PTL-004,F4,2,aroma_sukun,5.57
PTL-004,F4,2,aroma_langu,2.68
PTL-004,F4,2,rasa_manis,5.54
PTL-004,F4,2,rasa_sepat,3.77
PTL-004,F4,2,kerenyahan,5.83
PTL-004,F4,2,kekerasan,6.12
PTL-004,F4,2,intensitas_warna,5.87
PTL-004,F4,2,kelarutan_mulut,6.91
PTL-004,F4,3,aroma_sukun,5.82
PTL-004,F4,3,aroma_langu,2.15
PTL-004,F4,3,rasa_manis,7.02
PTL-004,F4,3,rasa_sepat,3.63
PTL-004,F4,3,kerenyahan,6.58
PTL-004,F4,3,kekerasan,6.11
PTL-004,F4,3,intensitas_warna,6.2
PTL-004,F4,3,kelarutan_mulut,6.76
PTL-004,F5,1,aroma_sukun,7.73
PTL-004,F5,1,aroma_langu,2.76
PTL-004,F5,1,rasa_manis,6.79
PTL-004,F5,1,rasa_sepat,5.33
PTL-004,F5,1,kerenyahan,5.14
PTL-004,F5,1,kekerasan,6.72
PTL-004,F5,1,intensitas_warna,6.45
PTL-004,F5,1,kelarutan_mulut,5.56
PTL-004,F5,2,aroma_sukun,7.21
PTL-004,F5,2,aroma_langu,2.85
PTL-004,F5,2,rasa_manis,7.55
PTL-004,F5,2,rasa_sepat,5.19
PTL-004,F5,2,kerenyahan,5.95
PTL-004,F5,2,kekerasan,7.25
PTL-004,F5,2,intensitas_warna,7.56
PTL-004,F5,2,kelarutan_mulut,4.26
PTL-004,F5,3,aroma_sukun,8.8
PTL-004,F5,3,aroma_langu,2.55
PTL-004,F5,3,rasa_manis,6.8
PTL-004,F5,3,rasa_sepat,4.61
PTL-004,F5,3,kerenyahan,5.63
PTL-004,F5,3,kekerasan,6.95
PTL-004,F5,3,intensitas_warna,7.59
PTL-004,F5,3,kelarutan_mulut,5.95
PTL-004,F6,1,aroma_sukun,7.9
PTL-004,F6,1,aroma_langu,1.75
PTL-004,F6,1,rasa_manis,6.17
PTL-004,F6,1,rasa_sepat,5.27
PTL-004,F6,1,kerenyahan,5.23
PTL-004,F6,1,kekerasan,8.97
PTL-004,F6,1,intensitas_warna,7.85
PTL-004,F6,1,kelarutan_mulut,5.42
PTL-004,F6,2,aroma_sukun,7.89
PTL-004,F6,2,aroma_langu,1.14
PTL-004,F6,2,rasa_manis,6.62
PTL-004,F6,2,rasa_sepat,5.43
PTL-004,F6,2,kerenyahan,4.66
PTL-004,F6,2,kekerasan,8.02
PTL-004,F6,2,intensitas_warna,7.5
PTL-004,F6,2,kelarutan_mulut,5.15
PTL-004,F6,3,aroma_sukun,8.98
PTL-004,F6,3,aroma_langu,2.1
PTL-004,F6,3,rasa_manis,6.37
PTL-004,F6,3,rasa_sepat,6.18
PTL-004,F6,3,kerenyahan,5.05
PTL-004,F6,3,kekerasan,8.15
PTL-004,F6,3,intensitas_warna,7.32
PTL-004,F6,3,kelarutan_mulut,5.27
PTL-005,F1,1,aroma_sukun,1.68
PTL-005,F1,1,aroma_langu,3.5
PTL-005,F1,1,rasa_manis,5.15
PTL-005,F1,1,rasa_sepat,1.36
PTL-005,F1,1,kerenyahan,7.36
PTL-005,F1,1,kekerasan,4.34
PTL-005,F1,1,intensitas_warna,3.03
PTL-005,F1,1,kelarutan_mulut,7.13
PTL-005,F1,2,aroma_sukun,0.49
PTL-005,F1,2,aroma_langu,3.92
PTL-005,F1,2,rasa_manis,5.27
PTL-005,F1,2,rasa_sepat,0.82
PTL-005,F1,2,kerenyahan,7.18
PTL-005,F1,2,kekerasan,4.37
PTL-005,F1,2,intensitas_warna,3.04
PTL-005,F1,2,kelarutan_mulut,7.55
PTL-005,F1,3,aroma_sukun,0.25
PTL-005,F1,3,aroma_langu,3.88
PTL-005,F1,3,rasa_manis,6.14
PTL-005,F1,3,rasa_sepat,1.1
PTL-005,F1,3,kerenyahan,7.93
PTL-005,F1,3,kekerasan,3.91
PTL-005,F1,3,intensitas_warna,3.72
PTL-005,F1,3,kelarutan_mulut,7.31
PTL-005,F2,1,aroma_sukun,2.5
PTL-005,F2,1,aroma_langu,3.54
PTL-005,F2,1,rasa_manis,4.23
PTL-005,F2,1,rasa_sepat,2.17
PTL-005,F2,1,kerenyahan,8.28
PTL-005,F2,1,kekerasan,3.46
PTL-005,F2,1,intensitas_warna,3.62
PTL-005,F2,1,kelarutan_mulut,6.61
PTL-005,F2,2,aroma_sukun,3.59
PTL-005,F2,2,aroma_langu,4.04
PTL-005,F2,2,rasa_manis,4.89
PTL-005,F2,2,rasa_sepat,2.0
PTL-005,F2,2,kerenyahan,7.62
PTL-005,F2,2,kekerasan,3.81
PTL-005,F2,2,intensitas_warna,3.17
PTL-005,F2,2,kelarutan_mulut,6.55
PTL-005,F2,3,aroma_sukun,3.37
PTL-005,F2,3,aroma_langu,3.16
PTL-005,F2,3,rasa_manis,6.54
PTL-005,F2,3,rasa_sepat,2.4
PTL-005,F2,3,kerenyahan,7.17
PTL-005,F2,3,kekerasan,4.5
PTL-005,F2,3,intensitas_warna,3.98
PTL-005,F2,3,kelarutan_mulut,7.18
PTL-005,F3,1,aroma_sukun,3.95
PTL-005,F3,1,aroma_langu,2.99
PTL-005,F3,1,rasa_manis,6.45
PTL-005,F3,1,rasa_sepat,3.82
PTL-005,F3,1,kerenyahan,6.33
PTL-005,F3,1,kekerasan,6.2
PTL-005,F3,1,intensitas_warna,5.98
PTL-005,F3,1,kelarutan_mulut,5.87
PTL-005,F3,2,aroma_sukun,4.11
PTL-005,F3,2,aroma_langu,3.35
PTL-005,F3,2,rasa_manis,6.1
PTL-005,F3,2,rasa_sepat,3.2
PTL-005,F3,2,kerenyahan,7.62
PTL-005,F3,2,kekerasan,5.83
PTL-005,F3,2,intensitas_warna,5.43
PTL-005,F3,2,kelarutan_mulut,5.03
PTL-005,F3,3,aroma_sukun,3.48
PTL-005,F3,3,aroma_langu,3.95
PTL-005,F3,3,rasa_manis,5.21
PTL-005,F3,3,rasa_sepat,1.81
PTL-005,F3,3,kerenyahan,7.08
PTL-005,F3,3,kekerasan,5.52
PTL-005,F3,3,intensitas_warna,4.72
PTL-005,F3,3,kelarutan_mulut,6.75
PTL-005,F4,1,aroma_sukun,5.79
PTL-005,F4,1,aroma_langu,3.22
PTL-005,F4,1,rasa_manis,6.13
PTL-005,F4,1,rasa_sepat,3.55
PTL-005,F4,1,kerenyahan,5.81
PTL-005,F4,1,kekerasan,6.5
PTL-005,F4,1,intensitas_warna,5.32
PTL-005,F4,1,kelarutan_mulut,7.09
PTL-005,F4,2,aroma_sukun,5.21
PTL-005,F4,2,aroma_langu,2.19
PTL-005,F4,2,rasa_manis,5.38
PTL-005,F4,2,rasa_sepat,2.53
PTL-005,F4,2,kerenyahan,5.64
PTL-005,F4,2,kekerasan,5.91
PTL-005,F4,2,intensitas_warna,6.78
PTL-005,F4,2,kelarutan_mulut,5.11
PTL-005,F4,3,aroma_sukun,5.15
PTL-005,F4,3,aroma_langu,3.0
PTL-005,F4,3,rasa_manis,6.28
PTL-005,F4,3,rasa_sepat,2.47
PTL-005,F4,3,kerenyahan,6.37
PTL-005,F4,3,kekerasan,4.63
PTL-005,F4,3,intensitas_warna,6.17
PTL-005,F4,3,kelarutan_mulut,6.36
PTL-005,F5,1,aroma_sukun,7.03
PTL-005,F5,1,aroma_langu,2.23
PTL-005,F5,1,rasa_manis,6.55
PTL-005,F5,1,rasa_sepat,4.58
PTL-005,F5,1,kerenyahan,4.64
PTL-005,F5,1,kekerasan,6.92
PTL-005,F5,1,intensitas_warna,5.26
PTL-005,F5,1,kelarutan_mulut,5.93
PTL-005,F5,2,aroma_sukun,8.24
PTL-005,F5,2,aroma_langu,1.57
PTL-005,F5,2,rasa_manis,7.32
PTL-005,F5,2,rasa_sepat,3.81
PTL-005,F5,2,kerenyahan,5.82
PTL-005,F5,2,kekerasan,6.5
PTL-005,F5,2,intensitas_warna,5.8
PTL-005,F5,2,kelarutan_mulut,5.24
PTL-005,F5,3,aroma_sukun,6.46
PTL-005,F5,3,aroma_langu,1.4
PTL-005,F5,3,rasa_manis,7.14
PTL-005,F5,3,rasa_sepat,4.91
PTL-005,F5,3,kerenyahan,5.95
PTL-005,F5,3,kekerasan,6.11
PTL-005,F5,3,intensitas_warna,6.45
PTL-005,F5,3,kelarutan_mulut,5.22
PTL-005,F6,1,aroma_sukun,8.18
PTL-005,F6,1,aroma_langu,2.36
PTL-005,F6,1,rasa_manis,6.7
PTL-005,F6,1,rasa_sepat,6.42
PTL-005,F6,1,kerenyahan,4.64
PTL-005,F6,1,kekerasan,8.0
PTL-005,F6,1,intensitas_warna,8.07
PTL-005,F6,1,kelarutan_mulut,4.75
PTL-005,F6,2,aroma_sukun,8.35
PTL-005,F6,2,aroma_langu,1.91
PTL-005,F6,2,rasa_manis,6.58
PTL-005,F6,2,rasa_sepat,4.78
PTL-005,F6,2,kerenyahan,3.64
PTL-005,F6,2,kekerasan,8.1
PTL-005,F6,2,intensitas_warna,7.64
PTL-005,F6,2,kelarutan_mulut,4.34
PTL-005,F6,3,aroma_sukun,9.7
PTL-005,F6,3,aroma_langu,2.33
PTL-005,F6,3,rasa_manis,7.28
PTL-005,F6,3,rasa_sepat,4.83
PTL-005,F6,3,kerenyahan,3.41
PTL-005,F6,3,kekerasan,7.21
PTL-005,F6,3,intensitas_warna,8.21
PTL-005,F6,3,kelarutan_mulut,5.25
PTL-006,F1,1,aroma_sukun,1.32
PTL-006,F1,1,aroma_langu,3.6
PTL-006,F1,1,rasa_manis,5.36
PTL-006,F1,1,rasa_sepat,0.24
PTL-006,F1,1,kerenyahan,7.55
PTL-006,F1,1,kekerasan,4.5
PTL-006,F1,1,intensitas_warna,3.66
PTL-006,F1,1,kelarutan_mulut,7.48
PTL-006,F1,2,aroma_sukun,1.12
PTL-006,F1,2,aroma_langu,5.17
PTL-006,F1,2,rasa_manis,6.04
PTL-006,F1,2,rasa_sepat,1.12
PTL-006,F1,2,kerenyahan,8.73
PTL-006,F1,2,kekerasan,4.08
PTL-006,F1,2,intensitas_warna,2.4
PTL-006,F1,2,kelarutan_mulut,7.85
PTL-006,F1,3,aroma_sukun,1.31
PTL-006,F1,3,aroma_langu,3.64
PTL-006,F1,3,rasa_manis,4.63
PTL-006,F1,3,rasa_sepat,1.96
PTL-006,F1,3,kerenyahan,7.92
PTL-006,F1,3,kekerasan,4.6
PTL-006,F1,3,intensitas_warna,3.99
PTL-006,F1,3,kelarutan_mulut,8.37
PTL-006,F2,1,aroma_sukun,2.18
PTL-006,F2,1,aroma_langu,2.48
PTL-006,F2,1,rasa_manis,4.98
PTL-006,F2,1,rasa_sepat,2.12
PTL-006,F2,1,kerenyahan,7.3
PTL-006,F2,1,kekerasan,4.66
PTL-006,F2,1,intensitas_warna,4.26
PTL-006,F2,1,kelarutan_mulut,6.86
PTL-006,F2,2,aroma_sukun,2.48
PTL-006,F2,2,aroma_langu,3.04
PTL-006,F2,2,rasa_manis,5.61
PTL-006,F2,2,rasa_sepat,2.09
PTL-006,F2,2,kerenyahan,7.09
PTL-006,F2,2,kekerasan,4.73
PTL-006,F2,2,intensitas_warna,4.34
PTL-006,F2,2,kelarutan_mulut,7.39
PTL-006,F2,3,aroma_sukun,3.94
PTL-006,F2,3,aroma_langu,4.1
PTL-006,F2,3,rasa_manis,6.21
PTL-006,F2,3,rasa_sepat,2.57
PTL-006,F2,3,kerenyahan,7.85
PTL-006,F2,3,kekerasan,4.91
PTL-006,F2,3,intensitas_warna,5.75
PTL-006,F2,3,kelarutan_mulut,7.61
PTL-006,F3,1,aroma_sukun,5.4
PTL-006,F3,1,aroma_langu,3.57
PTL-006,F3,1,rasa_manis,5.66
PTL-006,F3,1,rasa_sepat,2.29
PTL-006,F3,1,kerenyahan,6.26
PTL-006,F3,1,kekerasan,5.48
PTL-006,F3,1,intensitas_warna,4.4
PTL-006,F3,1,kelarutan_mulut,6.59
PTL-006,F3,2,aroma_sukun,4.53
PTL-006,F3,2,aroma_langu,3.75
PTL-006,F3,2,rasa_manis,5.22
PTL-006,F3,2,rasa_sepat,3.29
PTL-006,F3,2,kerenyahan,6.5
PTL-006,F3,2,kekerasan,6.12
PTL-006,F3,2,intensitas_warna,5.24
PTL-006,F3,2,kelarutan_mulut,5.88
PTL-006,F3,3,aroma_sukun,3.36
PTL-006,F3,3,aroma_langu,2.89
PTL-006,F3,3,rasa_manis,6.03
PTL-006,F3,3,rasa_sepat,1.78
PTL-006,F3,3,kerenyahan,7.05
PTL-006,F3,3,kekerasan,5.44
PTL-006,F3,3,intensitas_warna,5.0
PTL-006,F3,3,kelarutan_mulut,6.7
PTL-006,F4,1,aroma_sukun,6.57
PTL-006,F4,1,aroma_langu,2.48
PTL-006,F4,1,rasa_manis,5.72
PTL-006,F4,1,rasa_sepat,3.59
PTL-006,F4,1,kerenyahan,6.1
PTL-006,F4,1,kekerasan,6.35
PTL-006,F4,1,intensitas_warna,7.06
PTL-006,F4,1,kelarutan_mulut,6.59
PTL-006,F4,2,aroma_sukun,6.0
PTL-006,F4,2,aroma_langu,3.5
PTL-006,F4,2,rasa_manis,5.99
PTL-006,F4,2,rasa_sepat,3.49
PTL-006,F4,2,kerenyahan,6.92
PTL-006,F4,2,kekerasan,5.4
PTL-006,F4,2,intensitas_warna,5.82
PTL-006,F4,2,kelarutan_mulut,6.75
PTL-006,F4,3,aroma_sukun,5.31
PTL-006,F4,3,aroma_langu,3.44
PTL-006,F4,3,rasa_manis,6.73
PTL-006,F4,3,rasa_sepat,3.17
PTL-006,F4,3,kerenyahan,5.74
PTL-006,F4,3,kekerasan,6.06
PTL-006,F4,3,intensitas_warna,6.64
PTL-006,F4,3,kelarutan_mulut,6.55
PTL-006,F5,1,aroma_sukun,7.97
PTL-006,F5,1,aroma_langu,1.26
PTL-006,F5,1,rasa_manis,7.17
PTL-006,F5,1,rasa_sepat,4.87
PTL-006,F5,1,kerenyahan,5.3
PTL-006,F5,1,kekerasan,6.32
PTL-006,F5,1,intensitas_warna,6.65
PTL-006,F5,1,kelarutan_mulut,4.57
PTL-006,F5,2,aroma_sukun,7.6
PTL-006,F5,2,aroma_langu,1.94
PTL-006,F5,2,rasa_manis,5.29
PTL-006,F5,2,rasa_sepat,4.75
PTL-006,F5,2,kerenyahan,5.15
PTL-006,F5,2,kekerasan,6.86
PTL-006,F5,2,intensitas_warna,6.82
PTL-006,F5,2,kelarutan_mulut,6.03
PTL-006,F5,3,aroma_sukun,6.87
PTL-006,F5,3,aroma_langu,1.43
PTL-006,F5,3,rasa_manis,7.24
PTL-006,F5,3,rasa_sepat,5.63
PTL-006,F5,3,kerenyahan,5.86
PTL-006,F5,3,kekerasan,7.22
PTL-006,F5,3,intensitas_warna,7.11
PTL-006,F5,3,kelarutan_mulut,6.13
PTL-006,F6,1,aroma_sukun,8.15
PTL-006,F6,1,aroma_langu,2.22
PTL-006,F6,1,rasa_manis,5.91
PTL-006,F6,1,rasa_sepat,6.28
PTL-006,F6,1,kerenyahan,4.33
PTL-006,F6,1,kekerasan,7.03
PTL-006,F6,1,intensitas_warna,7.72
PTL-006,F6,1,kelarutan_mulut,4.44
PTL-006,F6,2,aroma_sukun,8.45
PTL-006,F6,2,aroma_langu,1.67
PTL-006,F6,2,rasa_manis,6.44
PTL-006,F6,2,rasa_sepat,6.38
PTL-006,F6,2,kerenyahan,4.79
PTL-006,F6,2,kekerasan,7.58
PTL-006,F6,2,intensitas_warna,7.66
PTL-006,F6,2,kelarutan_mulut,4.18
PTL-006,F6,3,aroma_sukun,8.37
PTL-006,F6,3,aroma_langu,1.37
PTL-006,F6,3,rasa_manis,6.9
PTL-006,F6,3,rasa_sepat,6.02
PTL-006,F6,3,kerenyahan,3.56
PTL-006,F6,3,kekerasan,7.06
PTL-006,F6,3,intensitas_warna,7.81
PTL-006,F6,3,kelarutan_mulut,4.88
PTL-007,F1,1,aroma_sukun,1.34
PTL-007,F1,1,aroma_langu,4.16
PTL-007,F1,1,rasa_manis,5.48
PTL-007,F1,1,rasa_sepat,0.68
PTL-007,F1,1,kerenyahan,8.15
PTL-007,F1,1,kekerasan,5.21
PTL-007,F1,1,intensitas_warna,3.81
PTL-007,F1,1,kelarutan_mulut,7.63
PTL-007,F1,2,aroma_sukun,1.9
PTL-007,F1,2,aroma_langu,3.9
PTL-007,F1,2,rasa_manis,5.2
PTL-007,F1,2,rasa_sepat,1.42
PTL-007,F1,2,kerenyahan,8.16
PTL-007,F1,2,kekerasan,4.1
PTL-007,F1,2,intensitas_warna,1.83
PTL-007,F1,2,kelarutan_mulut,7.82
PTL-007,F1,3,aroma_sukun,0.67
PTL-007,F1,3,aroma_langu,4.27
PTL-007,F1,3,rasa_manis,5.43
PTL-007,F1,3,rasa_sepat,0.51
PTL-007,F1,3,kerenyahan,8.42
PTL-007,F1,3,kekerasan,4.15
PTL-007,F1,3,intensitas_warna,4.34
PTL-007,F1,3,kelarutan_mulut,6.83
PTL-007,F2,1,aroma_sukun,2.44
PTL-007,F2,1,aroma_langu,2.97
PTL-007,F2,1,rasa_manis,6.41
PTL-007,F2,1,rasa_sepat,2.31
PTL-007,F2,1,kerenyahan,8.45
PTL-007,F2,1,kekerasan,3.99
PTL-007,F2,1,intensitas_warna,4.73
PTL-007,F2,1,kelarutan_mulut,7.0
PTL-007,F2,2,aroma_sukun,2.8
PTL-007,F2,2,aroma_langu,3.88
PTL-007,F2,2,rasa_manis,5.02
PTL-007,F2,2,rasa_sepat,2.8
PTL-007,F2,2,kerenyahan,8.3
PTL-007,F2,2,kekerasan,4.65
PTL-007,F2,2,intensitas_warna,3.34
PTL-007,F2,2,kelarutan_mulut,6.51
PTL-007,F2,3,aroma_sukun,3.04
PTL-007,F2,3,aroma_langu,3.01
PTL-007,F2,3,rasa_manis,6.29
PTL-007,F2,3,rasa_sepat,1.56
PTL-007,F2,3,kerenyahan,7.44
PTL-007,F2,3,kekerasan,4.16
PTL-007,F2,3,intensitas_warna,3.9
PTL-007,F2,3,kelarutan_mulut,7.75
PTL-007,F3,1,aroma_sukun,4.49
PTL-007,F3,1,aroma_langu,3.19
PTL-007,F3,1,rasa_manis,5.97
PTL-007,F3,1,rasa_sepat,3.21
PTL-007,F3,1,kerenyahan,6.46
PTL-007,F3,1,kekerasan,6.38
PTL-007,F3,1,intensitas_warna,4.88
PTL-007,F3,1,kelarutan_mulut,6.41
PTL-007,F3,2,aroma_sukun,3.15
PTL-007,F3,2,aroma_langu,2.16
PTL-007,F3,2,rasa_manis,5.77
PTL-007,F3,2,rasa_sepat,2.89
PTL-007,F3,2,kerenyahan,7.55
PTL-007,F3,2,kekerasan,5.54
PTL-007,F3,2,intensitas_warna,5.67
PTL-007,F3,2,kelarutan_mulut,7.54
PTL-007,F3,3,aroma_sukun,4.65
PTL-007,F3,3,aroma_langu,2.95
PTL-007,F3,3,rasa_manis,6.89
PTL-007,F3,3,rasa_sepat,2.36
PTL-007,F3,3,kerenyahan,8.26
PTL-007,F3,3,kekerasan,4.77
PTL-007,F3,3,intensitas_warna,5.26
PTL-007,F3,3,kelarutan_mulut,6.62
PTL-007,F4,1,aroma_sukun,6.05
PTL-007,F4,1,aroma_langu,2.17
PTL-007,F4,1,rasa_manis,6.15
PTL-007,F4,1,rasa_sepat,3.36
PTL-007,F4,1,kerenyahan,7.09
PTL-007,F4,1,kekerasan,6.38
PTL-007,F4,1,intensitas_warna,7.09
PTL-007,F4,1,kelarutan_mulut,6.06
PTL-007,F4,2,aroma_sukun,6.42
PTL-007,F4,2,aroma_langu,3.54
PTL-007,F4,2,rasa_manis,5.37
PTL-007,F4,2,rasa_sepat,3.14
PTL-007,F4,2,kerenyahan,5.45
PTL-007,F4,2,kekerasan,6.65
PTL-007,F4,2,intensitas_warna,6.29
PTL-007,F4,2,kelarutan_mulut,5.86
PTL-007,F4,3,aroma_sukun,4.85
PTL-007,F4,3,aroma_langu,3.06
PTL-007,F4,3,rasa_manis,6.01
PTL-007,F4,3,rasa_sepat,3.61
PTL-007,F4,3,kerenyahan,5.26
PTL-007,F4,3,kekerasan,7.2
PTL-007,F4,3,intensitas_warna,5.69
PTL-007,F4,3,kelarutan_mulut,5.64
PTL-007,F5,1,aroma_sukun,6.87
PTL-007,F5,1,aroma_langu,2.37
PTL-007,F5,1,rasa_manis,6.32
PTL-007,F5,1,rasa_sepat,4.56
PTL-007,F5,1,kerenyahan,5.63
PTL-007,F5,1,kekerasan,7.66
PTL-007,F5,1,intensitas_warna,6.46
PTL-007,F5,1,kelarutan_mulut,5.21
PTL-007,F5,2,aroma_sukun,8.12
PTL-007,F5,2,aroma_langu,3.66
PTL-007,F5,2,rasa_manis,7.4
PTL-007,F5,2,rasa_sepat,4.06
PTL-007,F5,2,kerenyahan,5.93
PTL-007,F5,2,kekerasan,6.58
PTL-007,F5,2,intensitas_warna,6.3
PTL-007,F5,2,kelarutan_mulut,4.29
PTL-007,F5,3,aroma_sukun,7.57
PTL-007,F5,3,aroma_langu,3.13
PTL-007,F5,3,rasa_manis,6.42
PTL-007,F5,3,rasa_sepat,4.69
PTL-007,F5,3,kerenyahan,5.71
PTL-007,F5,3,kekerasan,6.3
PTL-007,F5,3,intensitas_warna,8.18
PTL-007,F5,3,kelarutan_mulut,4.83
PTL-007,F6,1,aroma_sukun,8.83
PTL-007,F6,1,aroma_langu,2.27
PTL-007,F6,1,rasa_manis,6.3
PTL-007,F6,1,rasa_sepat,5.86
PTL-007,F6,1,kerenyahan,4.52
PTL-007,F6,1,kekerasan,7.76
PTL-007,F6,1,intensitas_warna,8.26
PTL-007,F6,1,kelarutan_mulut,5.35
PTL-007,F6,2,aroma_sukun,8.88
PTL-007,F6,2,aroma_langu,0.92
PTL-007,F6,2,rasa_manis,5.91
PTL-007,F6,2,rasa_sepat,5.66
PTL-007,F6,2,kerenyahan,4.64
PTL-007,F6,2,kekerasan,7.86
PTL-007,F6,2,intensitas_warna,7.9
PTL-007,F6,2,kelarutan_mulut,5.11
PTL-007,F6,3,aroma_sukun,8.42
PTL-007,F6,3,aroma_langu,1.67
PTL-007,F6,3,rasa_manis,6.89
PTL-007,F6,3,rasa_sepat,4.69
PTL-007,F6,3,kerenyahan,4.45
PTL-007,F6,3,kekerasan,7.82
PTL-007,F6,3,intensitas_warna,7.26
PTL-007,F6,3,kelarutan_mulut,5.32
PTL-008,F1,1,aroma_sukun,0.53
PTL-008,F1,1,aroma_langu,3.14
PTL-008,F1,1,rasa_manis,4.32
PTL-008,F1,1,rasa_sepat,1.18
PTL-008,F1,1,kerenyahan,7.71
PTL-008,F1,1,kekerasan,4.05
PTL-008,F1,1,intensitas_warna,3.41
PTL-008,F1,1,kelarutan_mulut,7.5
PTL-008,F1,2,aroma_sukun,1.5
PTL-008,F1,2,aroma_langu,4.62
PTL-008,F1,2,rasa_manis,4.9
PTL-008,F1,2,rasa_sepat,0.8
PTL-008,F1,2,kerenyahan,8.0
PTL-008,F1,2,kekerasan,3.78
PTL-008,F1,2,intensitas_warna,3.96
PTL-008,F1,2,kelarutan_mulut,6.01
PTL-008,F1,3,aroma_sukun,0.6
PTL-008,F1,3,aroma_langu,4.53
PTL-008,F1,3,rasa_manis,5.47
PTL-008,F1,3,rasa_sepat,1.76
PTL-008,F1,3,kerenyahan,8.08
PTL-008,F1,3,kekerasan,2.33
PTL-008,F1,3,intensitas_warna,2.88
PTL-008,F1,3,kelarutan_mulut,7.21
PTL-008,F2,1,aroma_sukun,3.35
PTL-008,F2,1,aroma_langu,3.7
PTL-008,F2,1,rasa_manis,5.89
PTL-008,F2,1,rasa_sepat,1.46
PTL-008,F2,1,kerenyahan,8.33
PTL-008,F2,1,kekerasan,5.26
PTL-008,F2,1,intensitas_warna,3.94
PTL-008,F2,1,kelarutan_mulut,7.12
PTL-008,F2,2,aroma_sukun,2.36
PTL-008,F2,2,aroma_langu,3.1
PTL-008,F2,2,rasa_manis,5.37
PTL-008,F2,2,rasa_sepat,2.11
PTL-008,F2,2,kerenyahan,8.16
PTL-008,F2,2,kekerasan,4.23
PTL-008,F2,2,intensitas_warna,4.22
PTL-008,F2,2,kelarutan_mulut,6.91
PTL-008,F2,3,aroma_sukun,2.72
PTL-008,F2,3,aroma_langu,3.39
PTL-008,F2,3,rasa_manis,5.51
PTL-008,F2,3,rasa_sepat,1.91
PTL-008,F2,3,kerenyahan,8.47
PTL-008,F2,3,kekerasan,5.82
PTL-008,F2,3,intensitas_warna,3.58
PTL-008,F2,3,kelarutan_mulut,6.68
PTL-008,F3,1,aroma_sukun,3.94
PTL-008,F3,1,aroma_langu,2.37
PTL-008,F3,1,rasa_manis,6.43
PTL-008,F3,1,rasa_sepat,1.63
PTL-008,F3,1,kerenyahan,7.41
PTL-008,F3,1,kekerasan,5.0
PTL-008,F3,1,intensitas_warna,3.95
PTL-008,F3,1,kelarutan_mulut,5.76
PTL-008,F3,2,aroma_sukun,5.14
PTL-008,F3,2,aroma_langu,3.71
PTL-008,F3,2,rasa_manis,4.54
PTL-008,F3,2,rasa_sepat,2.26
PTL-008,F3,2,kerenyahan,6.66
PTL-008,F3,2,kekerasan,4.8
PTL-008,F3,2,intensitas_warna,4.79
PTL-008,F3,2,kelarutan_mulut,5.65
PTL-008,F3,3,aroma_sukun,2.99
PTL-008,F3,3,aroma_langu,3.62
PTL-008,F3,3,rasa_manis,6.56
PTL-008,F3,3,rasa_sepat,1.86
PTL-008,F3,3,kerenyahan,6.88
PTL-008,F3,3,kekerasan,4.99
PTL-008,F3,3,intensitas_warna,5.06
PTL-008,F3,3,kelarutan_mulut,6.66
PTL-008,F4,1,aroma_sukun,6.82
PTL-008,F4,1,aroma_langu,2.14
PTL-008,F4,1,rasa_manis,5.34
PTL-008,F4,1,rasa_sepat,3.53
PTL-008,F4,1,kerenyahan,5.95
PTL-008,F4,1,kekerasan,5.29
PTL-008,F4,1,intensitas_warna,5.2
PTL-008,F4,1,kelarutan_mulut,5.5
PTL-008,F4,2,aroma_sukun,6.22
PTL-008,F4,2,aroma_langu,3.05
PTL-008,F4,2,rasa_manis,4.29
PTL-008,F4,2,rasa_sepat,3.26
PTL-008,F4,2,kerenyahan,6.56
PTL-008,F4,2,kekerasan,5.87
PTL-008,F4,2,intensitas_warna,6.21
PTL-008,F4,2,kelarutan_mulut,7.32
PTL-008,F4,3,aroma_sukun,5.87
PTL-008,F4,3,aroma_langu,2.12
PTL-008,F4,3,rasa_manis,4.69
PTL-008,F4,3,rasa_sepat,4.03
PTL-008,F4,3,kerenyahan,7.04
PTL-008,F4,3,kekerasan,5.58
PTL-008,F4,3,intensitas_warna,5.81
PTL-008,F4,3,kelarutan_mulut,6.81
PTL-008,F5,1,aroma_sukun,7.69
PTL-008,F5,1,aroma_langu,2.06
PTL-008,F5,1,rasa_manis,6.71
PTL-008,F5,1,rasa_sepat,3.86
PTL-008,F5,1,kerenyahan,5.45
PTL-008,F5,1,kekerasan,7.02
PTL-008,F5,1,intensitas_warna,5.92
PTL-008,F5,1,kelarutan_mulut,6.64
PTL-008,F5,2,aroma_sukun,7.12
PTL-008,F5,2,aroma_langu,2.08
PTL-008,F5,2,rasa_manis,7.01
PTL-008,F5,2,rasa_sepat,3.87
PTL-008,F5,2,kerenyahan,5.41
PTL-008,F5,2,kekerasan,7.45
PTL-008,F5,2,intensitas_warna,6.7
PTL-008,F5,2,kelarutan_mulut,5.55
PTL-008,F5,3,aroma_sukun,7.53
PTL-008,F5,3,aroma_langu,2.8
PTL-008,F5,3,rasa_manis,7.38
PTL-008,F5,3,rasa_sepat,4.62
PTL-008,F5,3,kerenyahan,5.05
PTL-008,F5,3,kekerasan,6.01
PTL-008,F5,3,intensitas_warna,6.93
PTL-008,F5,3,kelarutan_mulut,4.13
PTL-008,F6,1,aroma_sukun,8.53
PTL-008,F6,1,aroma_langu,2.36
PTL-008,F6,1,rasa_manis,6.71
PTL-008,F6,1,rasa_sepat,5.66
PTL-008,F6,1,kerenyahan,4.34
PTL-008,F6,1,kekerasan,7.07
PTL-008,F6,1,intensitas_warna,7.27
PTL-008,F6,1,kelarutan_mulut,5.36
PTL-008,F6,2,aroma_sukun,8.34
PTL-008,F6,2,aroma_langu,1.79
PTL-008,F6,2,rasa_manis,6.83
PTL-008,F6,2,rasa_sepat,6.09
PTL-008,F6,2,kerenyahan,4.86
PTL-008,F6,2,kekerasan,7.96
PTL-008,F6,2,intensitas_warna,7.4
PTL-008,F6,2,kelarutan_mulut,4.51
PTL-008,F6,3,aroma_sukun,8.73
PTL-008,F6,3,aroma_langu,1.38
PTL-008,F6,3,rasa_manis,6.81
PTL-008,F6,3,rasa_sepat,5.11
PTL-008,F6,3,kerenyahan,5.0
PTL-008,F6,3,kekerasan,7.23
PTL-008,F6,3,intensitas_warna,8.26
PTL-008,F6,3,kelarutan_mulut,5.25
PTL-009,F1,1,aroma_sukun,0.67
PTL-009,F1,1,aroma_langu,3.85
PTL-009,F1,1,rasa_manis,5.64
PTL-009,F1,1,rasa_sepat,0.74
PTL-009,F1,1,kerenyahan,8.42
PTL-009,F1,1,kekerasan,4.53
PTL-009,F1,1,intensitas_warna,3.02
PTL-009,F1,1,kelarutan_mulut,7.51
PTL-009,F1,2,aroma_sukun,0.41
PTL-009,F1,2,aroma_langu,3.96
PTL-009,F1,2,rasa_manis,4.12
PTL-009,F1,2,rasa_sepat,1.2
PTL-009,F1,2,kerenyahan,7.23
PTL-009,F1,2,kekerasan,4.42
PTL-009,F1,2,intensitas_warna,3.58
PTL-009,F1,2,kelarutan_mulut,7.64
PTL-009,F1,3,aroma_sukun,0.82
PTL-009,F1,3,aroma_langu,5.44
PTL-009,F1,3,rasa_manis,4.94
PTL-009,F1,3,rasa_sepat,0.66
PTL-009,F1,3,kerenyahan,7.96
PTL-009,F1,3,kekerasan,4.23
PTL-009,F1,3,intensitas_warna,3.35
PTL-009,F1,3,kelarutan_mulut,7.63
PTL-009,F2,1,aroma_sukun,2.46
PTL-009,F2,1,aroma_langu,2.48
PTL-009,F2,1,rasa_manis,5.79
PTL-009,F2,1,rasa_sepat,2.4
PTL-009,F2,1,kerenyahan,7.67
PTL-009,F2,1,kekerasan,5.15
PTL-009,F2,1,intensitas_warna,3.97
PTL-009,F2,1,kelarutan_mulut,6.61
PTL-009,F2,2,aroma_sukun,2.24
PTL-009,F2,2,aroma_langu,3.83
PTL-009,F2,2,rasa_manis,6.37
PTL-009,F2,2,rasa_sepat,1.85
PTL-009,F2,2,kerenyahan,7.77
PTL-009,F2,2,kekerasan,4.73
PTL-009,F2,2,intensitas_warna,3.54
PTL-009,F2,2,kelarutan_mulut,7.17
PTL-009,F2,3,aroma_sukun,3.24
PTL-009,F2,3,aroma_langu,3.61
PTL-009,F2,3,rasa_manis,6.21
PTL-009,F2,3,rasa_sepat,2.26
PTL-009,F2,3,kerenyahan,7.49
PTL-009,F2,3,kekerasan,5.12
PTL-009,F2,3,intensitas_warna,4.67
PTL-009,F2,3,kelarutan_mulut,6.6
PTL-009,F3,1,aroma_sukun,4.1
PTL-009,F3,1,aroma_langu,1.73
PTL-009,F3,1,rasa_manis,5.33
PTL-009,F3,1,rasa_sepat,2.51
PTL-009,F3,1,kerenyahan,6.27
PTL-009,F3,1,kekerasan,4.98
PTL-009,F3,1,intensitas_warna,5.42
PTL-009,F3,1,kelarutan_mulut,7.58
PTL-009,F3,2,aroma_sukun,3.62
PTL-009,F3,2,aroma_langu,3.93
PTL-009,F3,2,rasa_manis,6.23
PTL-009,F3,2,rasa_sepat,3.39
PTL-009,F3,2,kerenyahan,7.05
PTL-009,F3,2,kekerasan,5.18
PTL-009,F3,2,intensitas_warna,5.01
PTL-009,F3,2,kelarutan_mulut,7.72
PTL-009,F3,3,aroma_sukun,3.34
PTL-009,F3,3,aroma_langu,3.31
PTL-009,F3,3,rasa_manis,6.24
PTL-009,F3,3,rasa_sepat,2.75
PTL-009,F3,3,kerenyahan,6.3
PTL-009,F3,3,kekerasan,5.21
PTL-009,F3,3,intensitas_warna,4.43
PTL-009,F3,3,kelarutan_mulut,6.8
PTL-009,F4,1,aroma_sukun,5.22
PTL-009,F4,1,aroma_langu,2.7
PTL-009,F4,1,rasa_manis,6.44
PTL-009,F4,1,rasa_sepat,3.3
PTL-009,F4,1,kerenyahan,6.4
PTL-009,F4,1,kekerasan,5.77
PTL-009,F4,1,intensitas_warna,6.16
PTL-009,F4,1,kelarutan_mulut,6.81
PTL-009,F4,2,aroma_sukun,5.17
PTL-009,F4,2,aroma_langu,2.27
PTL-009,F4,2,rasa_manis,6.77
PTL-009,F4,2,rasa_sepat,3.71
PTL-009,F4,2,kerenyahan,5.25
PTL-009,F4,2,kekerasan,5.2
PTL-009,F4,2,intensitas_warna,5.12
PTL-009,F4,2,kelarutan_mulut,6.23
PTL-009,F4,3,aroma_sukun,5.66
PTL-009,F4,3,aroma_langu,2.77
PTL-009,F4,3,rasa_manis,4.95
PTL-009,F4,3,rasa_sepat,3.61
PTL-009,F4,3,kerenyahan,6.41
PTL-009,F4,3,kekerasan,6.01
PTL-009,F4,3,intensitas_warna,5.51
PTL-009,F4,3,kelarutan_mulut,5.95
PTL-009,F5,1,aroma_sukun,7.72
PTL-009,F5,1,aroma_langu,2.42
PTL-009,F5,1,rasa_manis,6.96
PTL-009,F5,1,rasa_sepat,4.19
PTL-009,F5,1,kerenyahan,5.82
PTL-009,F5,1,kekerasan,5.98
PTL-009,F5,1,intensitas_warna,7.92
PTL-009,F5,1,kelarutan_mulut,4.57
PTL-009,F5,2,aroma_sukun,8.19
PTL-009,F5,2,aroma_langu,2.16
PTL-009,F5,2,rasa_manis,7.65
PTL-009,F5,2,rasa_sepat,4.5
PTL-009,F5,2,kerenyahan,5.9
PTL-009,F5,2,kekerasan,6.45
PTL-009,F5,2,intensitas_warna,8.42
PTL-009,F5,2,kelarutan_mulut,4.83
PTL-009,F5,3,aroma_sukun,6.38
PTL-009,F5,3,aroma_langu,2.13
PTL-009,F5,3,rasa_manis,6.45
PTL-009,F5,3,rasa_sepat,3.93
PTL-009,F5,3,kerenyahan,5.11
PTL-009,F5,3,kekerasan,6.18
PTL-009,F5,3,intensitas_warna,6.21
PTL-009,F5,3,kelarutan_mulut,5.75
PTL-009,F6,1,aroma_sukun,9.49
PTL-009,F6,1,aroma_langu,1.76
PTL-009,F6,1,rasa_manis,6.53
PTL-009,F6,1,rasa_sepat,4.87
PTL-009,F6,1,kerenyahan,4.03
PTL-009,F6,1,kekerasan,7.3
PTL-009,F6,1,intensitas_warna,8.27
PTL-009,F6,1,kelarutan_mulut,5.33
PTL-009,F6,2,aroma_sukun,8.42
PTL-009,F6,2,aroma_langu,2.48
PTL-009,F6,2,rasa_manis,6.29
PTL-009,F6,2,rasa_sepat,5.47
PTL-009,F6,2,kerenyahan,5.17
PTL-009,F6,2,kekerasan,7.38
PTL-009,F6,2,intensitas_warna,7.1
PTL-009,F6,2,kelarutan_mulut,5.06
PTL-009,F6,3,aroma_sukun,8.52
PTL-009,F6,3,aroma_langu,1.99
PTL-009,F6,3,rasa_manis,7.0
PTL-009,F6,3,rasa_sepat,5.88
PTL-009,F6,3,kerenyahan,5.02
PTL-009,F6,3,kekerasan,7.8
PTL-009,F6,3,intensitas_warna,7.99
PTL-009,F6,3,kelarutan_mulut,3.62
PTL-010,F1,1,aroma_sukun,1.07
PTL-010,F1,1,aroma_langu,2.85
PTL-010,F1,1,rasa_manis,5.78
PTL-010,F1,1,rasa_sepat,1.94
PTL-010,F1,1,kerenyahan,8.25
PTL-010,F1,1,kekerasan,4.38
PTL-010,F1,1,intensitas_warna,2.47
PTL-010,F1,1,kelarutan_mulut,7.26
PTL-010,F1,2,aroma_sukun,1.83
PTL-010,F1,2,aroma_langu,4.69
PTL-010,F1,2,rasa_manis,5.2
PTL-010,F1,2,rasa_sepat,1.02
PTL-010,F1,2,kerenyahan,7.47
PTL-010,F1,2,kekerasan,4.73
PTL-010,F1,2,intensitas_warna,2.64
PTL-010,F1,2,kelarutan_mulut,8.89
PTL-010,F1,3,aroma_sukun,0.56
PTL-010,F1,3,aroma_langu,3.95
PTL-010,F1,3,rasa_manis,5.31
PTL-010,F1,3,rasa_sepat,1.32
PTL-010,F1,3,kerenyahan,8.22
PTL-010,F1,3,kekerasan,4.5
PTL-010,F1,3,intensitas_warna,3.84
PTL-010,F1,3,kelarutan_mulut,7.87
PTL-010,F2,1,aroma_sukun,1.97
PTL-010,F2,1,aroma_langu,3.16
PTL-010,F2,1,rasa_manis,4.96
PTL-010,F2,1,rasa_sepat,3.09
PTL-010,F2,1,kerenyahan,7.91
PTL-010,F2,1,kekerasan,5.38
PTL-010,F2,1,intensitas_warna,3.73
PTL-010,F2,1,kelarutan_mulut,6.55
PTL-010,F2,2,aroma_sukun,2.63
PTL-010,F2,2,aroma_langu,3.54
PTL-010,F2,2,rasa_manis,5.69
PTL-010,F2,2,rasa_sepat,1.99
PTL-010,F2,2,kerenyahan,7.8
PTL-010,F2,2,kekerasan,4.62
PTL-010,F2,2,intensitas_warna,3.07
PTL-010,F2,2,kelarutan_mulut,6.6
PTL-010,F2,3,aroma_sukun,2.95
PTL-010,F2,3,aroma_langu,4.42
PTL-010,F2,3,rasa_manis,5.41
PTL-010,F2,3,rasa_sepat,1.64
PTL-010,F2,3,kerenyahan,6.67
PTL-010,F2,3,kekerasan,5.44
PTL-010,F2,3,intensitas_warna,4.52
PTL-010,F2,3,kelarutan_mulut,7.29
PTL-010,F3,1,aroma_sukun,4.27
PTL-010,F3,1,aroma_langu,2.9
PTL-010,F3,1,rasa_manis,6.73
PTL-010,F3,1,rasa_sepat,2.71
PTL-010,F3,1,kerenyahan,7.35
PTL-010,F3,1,kekerasan,5.25
PTL-010,F3,1,intensitas_warna,4.7
PTL-010,F3,1,kelarutan_mulut,6.66
PTL-010,F3,2,aroma_sukun,4.46
PTL-010,F3,2,aroma_langu,2.56
PTL-010,F3,2,rasa_manis,5.92
PTL-010,F3,2,rasa_sepat,3.45
PTL-010,F3,2,kerenyahan,6.82
PTL-010,F3,2,kekerasan,5.38
PTL-010,F3,2,intensitas_warna,5.88
PTL-010,F3,2,kelarutan_mulut,7.14
PTL-010,F3,3,aroma_sukun,4.27
PTL-010,F3,3,aroma_langu,4.05
PTL-010,F3,3,rasa_manis,5.63
PTL-010,F3,3,rasa_sepat,2.59
PTL-010,F3,3,kerenyahan,8.25
PTL-010,F3,3,kekerasan,4.92
PTL-010,F3,3,intensitas_warna,4.71
PTL-010,F3,3,kelarutan_mulut,7.6
PTL-010,F4,1,aroma_sukun,6.47
PTL-010,F4,1,aroma_langu,3.12
PTL-010,F4,1,rasa_manis,6.26
PTL-010,F4,1,rasa_sepat,3.28
PTL-010,F4,1,kerenyahan,6.3
PTL-010,F4,1,kekerasan,6.32
PTL-010,F4,1,intensitas_warna,6.41
PTL-010,F4,1,kelarutan_mulut,5.69
PTL-010,F4,2,aroma_sukun,6.62
PTL-010,F4,2,aroma_langu,2.86
PTL-010,F4,2,rasa_manis,6.58
PTL-010,F4,2,rasa_sepat,3.31
PTL-010,F4,2,kerenyahan,6.79
PTL-010,F4,2,kekerasan,5.29
PTL-010,F4,2,intensitas_warna,6.31
PTL-010,F4,2,kelarutan_mulut,6.92
PTL-010,F4,3,aroma_sukun,5.64
PTL-010,F4,3,aroma_langu,2.84
PTL-010,F4,3,rasa_manis,5.81
PTL-010,F4,3,rasa_sepat,3.81
PTL-010,F4,3,kerenyahan,7.39
PTL-010,F4,3,kekerasan,6.33
PTL-010,F4,3,intensitas_warna,6.64
PTL-010,F4,3,kelarutan_mulut,7.29
PTL-010,F5,1,aroma_sukun,8.47
PTL-010,F5,1,aroma_langu,2.51
PTL-010,F5,1,rasa_manis,7.37
PTL-010,F5,1,rasa_sepat,4.25
PTL-010,F5,1,kerenyahan,4.84
PTL-010,F5,1,kekerasan,6.7
PTL-010,F5,1,intensitas_warna,6.67
PTL-010,F5,1,kelarutan_mulut,6.12
PTL-010,F5,2,aroma_sukun,6.97
PTL-010,F5,2,aroma_langu,2.65
PTL-010,F5,2,rasa_manis,6.76
PTL-010,F5,2,rasa_sepat,5.57
PTL-010,F5,2,kerenyahan,4.72
PTL-010,F5,2,kekerasan,7.31
PTL-010,F5,2,intensitas_warna,7.74
PTL-010,F5,2,kelarutan_mulut,6.16
PTL-010,F5,3,aroma_sukun,7.82
PTL-010,F5,3,aroma_langu,2.7
PTL-010,F5,3,rasa_manis,6.65
PTL-010,F5,3,rasa_sepat,4.82
PTL-010,F5,3,kerenyahan,4.84
PTL-010,F5,3,kekerasan,6.63
PTL-010,F5,3,intensitas_warna,6.25
PTL-010,F5,3,kelarutan_mulut,6.76
PTL-010,F6,1,aroma_sukun,8.98
PTL-010,F6,1,aroma_langu,1.87
PTL-010,F6,1,rasa_manis,5.89
PTL-010,F6,1,rasa_sepat,5.33
PTL-010,F6,1,kerenyahan,4.6
PTL-010,F6,1,kekerasan,7.45
PTL-010,F6,1,intensitas_warna,8.55
PTL-010,F6,1,kelarutan_mulut,5.13
PTL-010,F6,2,aroma_sukun,7.73
PTL-010,F6,2,aroma_langu,1.37
PTL-010,F6,2,rasa_manis,7.95
PTL-010,F6,2,rasa_sepat,5.4
PTL-010,F6,2,kerenyahan,4.95
PTL-010,F6,2,kekerasan,7.44
PTL-010,F6,2,intensitas_warna,8.01
PTL-010,F6,2,kelarutan_mulut,4.47
PTL-010,F6,3,aroma_sukun,8.48
PTL-010,F6,3,aroma_langu,2.77
PTL-010,F6,3,rasa_manis,6.4
PTL-010,F6,3,rasa_sepat,6.46
PTL-010,F6,3,kerenyahan,4.88
PTL-010,F6,3,kekerasan,7.48
PTL-010,F6,3,intensitas_warna,7.54
PTL-010,F6,3,kelarutan_mulut,4.11
PTL-011,F1,1,aroma_sukun,1.42
PTL-011,F1,1,aroma_langu,4.32
PTL-011,F1,1,rasa_manis,5.49
PTL-011,F1,1,rasa_sepat,2.33
PTL-011,F1,1,kerenyahan,8.1
PTL-011,F1,1,kekerasan,3.34
PTL-011,F1,1,intensitas_warna,3.69
PTL-011,F1,1,kelarutan_mulut,7.35
PTL-011,F1,2,aroma_sukun,1.06
PTL-011,F1,2,aroma_langu,3.88
PTL-011,F1,2,rasa_manis,5.05
PTL-011,F1,2,rasa_sepat,1.08
PTL-011,F1,2,kerenyahan,7.29
PTL-011,F1,2,kekerasan,4.12
PTL-011,F1,2,intensitas_warna,3.09
PTL-011,F1,2,kelarutan_mulut,6.57
PTL-011,F1,3,aroma_sukun,1.49
PTL-011,F1,3,aroma_langu,4.15
PTL-011,F1,3,rasa_manis,5.41
PTL-011,F1,3,rasa_sepat,0.71
PTL-011,F1,3,kerenyahan,7.96
PTL-011,F1,3,kekerasan,5.34
PTL-011,F1,3,intensitas_warna,3.62
PTL-011,F1,3,kelarutan_mulut,8.0
PTL-011,F2,1,aroma_sukun,2.65
PTL-011,F2,1,aroma_langu,2.89
PTL-011,F2,1,rasa_manis,5.48
PTL-011,F2,1,rasa_sepat,1.55
PTL-011,F2,1,kerenyahan,7.06
PTL-011,F2,1,kekerasan,4.94
PTL-011,F2,1,intensitas_warna,3.04
PTL-011,F2,1,kelarutan_mulut,7.31
PTL-011,F2,2,aroma_sukun,1.77
PTL-011,F2,2,aroma_langu,3.91
PTL-011,F2,2,rasa_manis,5.54
PTL-011,F2,2,rasa_sepat,1.64
PTL-011,F2,2,kerenyahan,8.47
PTL-011,F2,2,kekerasan,4.67
PTL-011,F2,2,intensitas_warna,4.79
PTL-011,F2,2,kelarutan_mulut,6.07
PTL-011,F2,3,aroma_sukun,2.83
PTL-011,F2,3,aroma_langu,3.8
PTL-011,F2,3,rasa_manis,5.51
PTL-011,F2,3,rasa_sepat,2.01
PTL-011,F2,3,kerenyahan,8.36
PTL-011,F2,3,kekerasan,4.38
PTL-011,F2,3,intensitas_warna,3.81
PTL-011,F2,3,kelarutan_mulut,6.5
PTL-011,F3,1,aroma_sukun,4.58
PTL-011,F3,1,aroma_langu,3.15
PTL-011,F3,1,rasa_manis,5.82
PTL-011,F3,1,rasa_sepat,2.67
PTL-011,F3,1,kerenyahan,6.85
PTL-011,F3,1,kekerasan,4.85
PTL-011,F3,1,intensitas_warna,5.08
PTL-011,F3,1,kelarutan_mulut,6.69
PTL-011,F3,2,aroma_sukun,3.91
PTL-011,F3,2,aroma_langu,2.67
PTL-011,F3,2,rasa_manis,5.69
PTL-011,F3,2,rasa_sepat,3.2
PTL-011,F3,2,kerenyahan,6.86
PTL-011,F3,2,kekerasan,5.43
PTL-011,F3,2,intensitas_warna,4.91
PTL-011,F3,2,kelarutan_mulut,7.7
PTL-011,F3,3,aroma_sukun,3.77
PTL-011,F3,3,aroma_langu,2.78
PTL-011,F3,3,rasa_manis,6.14
PTL-011,F3,3,rasa_sepat,2.46
PTL-011,F3,3,kerenyahan,7.32
PTL-011,F3,3,kekerasan,5.48
PTL-011,F3,3,intensitas_warna,6.04
PTL-011,F3,3,kelarutan_mulut,6.35
PTL-011,F4,1,aroma_sukun,5.48
PTL-011,F4,1,aroma_langu,2.83
PTL-011,F4,1,rasa_manis,5.48
PTL-011,F4,1,rasa_sepat,2.54
PTL-011,F4,1,kerenyahan,5.85
PTL-011,F4,1,kekerasan,6.2
PTL-011,F4,1,intensitas_warna,5.98
PTL-011,F4,1,kelarutan_mulut,7.35
PTL-011,F4,2,aroma_sukun,7.0
PTL-011,F4,2,aroma_langu,3.32
PTL-011,F4,2,rasa_manis,5.64
PTL-011,F4,2,rasa_sepat,4.21
PTL-011,F4,2,kerenyahan,6.87
PTL-011,F4,2,kekerasan,6.08
PTL-011,F4,2,intensitas_warna,6.18
PTL-011,F4,2,kelarutan_mulut,6.41
PTL-011,F4,3,aroma_sukun,5.98
PTL-011,F4,3,aroma_langu,3.0
PTL-011,F4,3,rasa_manis,5.5
PTL-011,F4,3,rasa_sepat,3.67
PTL-011,F4,3,kerenyahan,5.92
PTL-011,F4,3,kekerasan,5.85
PTL-011,F4,3,intensitas_warna,5.98
PTL-011,F4,3,kelarutan_mulut,5.81
PTL-011,F5,1,aroma_sukun,8.03
PTL-011,F5,1,aroma_langu,2.56
PTL-011,F5,1,rasa_manis,8.09
PTL-011,F5,1,rasa_sepat,5.22
PTL-011,F5,1,kerenyahan,5.34
PTL-011,F5,1,kekerasan,6.6
PTL-011,F5,1,intensitas_warna,6.75
PTL-011,F5,1,kelarutan_mulut,5.24
PTL-011,F5,2,aroma_sukun,7.27
PTL-011,F5,2,aroma_langu,2.73
PTL-011,F5,2,rasa_manis,7.07
PTL-011,F5,2,rasa_sepat,4.17
PTL-011,F5,2,kerenyahan,4.94
PTL-011,F5,2,kekerasan,6.52
PTL-011,F5,2,intensitas_warna,7.14
PTL-011,F5,2,kelarutan_mulut,5.13
PTL-011,F5,3,aroma_sukun,6.91
PTL-011,F5,3,aroma_langu,2.71
PTL-011,F5,3,rasa_manis,5.97
PTL-011,F5,3,rasa_sepat,4.54
PTL-011,F5,3,kerenyahan,5.6
PTL-011,F5,3,kekerasan,7.46
PTL-011,F5,3,intensitas_warna,7.59
PTL-011,F5,3,kelarutan_mulut,6.62
PTL-011,F6,1,aroma_sukun,7.78
PTL-011,F6,1,aroma_langu,1.88
PTL-011,F6,1,rasa_manis,6.84
PTL-011,F6,1,rasa_sepat,5.6
PTL-011,F6,1,kerenyahan,5.05
PTL-011,F6,1,kekerasan,8.47
PTL-011,F6,1,intensitas_warna,8.38
PTL-011,F6,1,kelarutan_mulut,5.25
PTL-011,F6,2,aroma_sukun,8.5
PTL-011,F6,2,aroma_langu,1.17
PTL-011,F6,2,rasa_manis,6.65
PTL-011,F6,2,rasa_sepat,6.7
PTL-011,F6,2,kerenyahan,4.64
PTL-011,F6,2,kekerasan,6.3
PTL-011,F6,2,intensitas_warna,7.23
PTL-011,F6,2,kelarutan_mulut,5.04
PTL-011,F6,3,aroma_sukun,8.39
PTL-011,F6,3,aroma_langu,2.76
PTL-011,F6,3,rasa_manis,7.78
PTL-011,F6,3,rasa_sepat,5.78
PTL-011,F6,3,kerenyahan,4.74
PTL-011,F6,3,kekerasan,6.96
PTL-011,F6,3,intensitas_warna,7.74
PTL-011,F6,3,kelarutan_mulut,4.78
PTL-012,F1,1,aroma_sukun,0.29
PTL-012,F1,1,aroma_langu,3.63
PTL-012,F1,1,rasa_manis,4.29
PTL-012,F1,1,rasa_sepat,0.8
PTL-012,F1,1,kerenyahan,6.88
PTL-012,F1,1,kekerasan,3.71
PTL-012,F1,1,intensitas_warna,3.46
PTL-012,F1,1,kelarutan_mulut,7.06
PTL-012,F1,2,aroma_sukun,1.02
PTL-012,F1,2,aroma_langu,3.17
PTL-012,F1,2,rasa_manis,5.44
PTL-012,F1,2,rasa_sepat,0.0
PTL-012,F1,2,kerenyahan,6.82
PTL-012,F1,2,kekerasan,3.9
PTL-012,F1,2,intensitas_warna,2.9
PTL-012,F1,2,kelarutan_mulut,6.65
PTL-012,F1,3,aroma_sukun,0.67
PTL-012,F1,3,aroma_langu,4.17
PTL-012,F1,3,rasa_manis,5.13
PTL-012,F1,3,rasa_sepat,0.84
PTL-012,F1,3,kerenyahan,7.88
PTL-012,F1,3,kekerasan,3.87
PTL-012,F1,3,intensitas_warna,2.87
PTL-012,F1,3,kelarutan_mulut,6.78
PTL-012,F2,1,aroma_sukun,2.9
PTL-012,F2,1,aroma_langu,3.16
PTL-012,F2,1,rasa_manis,6.26
PTL-012,F2,1,rasa_sepat,0.81
PTL-012,F2,1,kerenyahan,6.48
PTL-012,F2,1,kekerasan,3.95
PTL-012,F2,1,intensitas_warna,3.58
PTL-012,F2,1,kelarutan_mulut,5.63
PTL-012,F2,2,aroma_sukun,1.92
PTL-012,F2,2,aroma_langu,2.99
PTL-012,F2,2,rasa_manis,4.93
PTL-012,F2,2,rasa_sepat,0.25
PTL-012,F2,2,kerenyahan,6.85
PTL-012,F2,2,kekerasan,3.5
PTL-012,F2,2,intensitas_warna,3.86
PTL-012,F2,2,kelarutan_mulut,7.36
PTL-012,F2,3,aroma_sukun,2.38
PTL-012,F2,3,aroma_langu,3.29
PTL-012,F2,3,rasa_manis,5.03
PTL-012,F2,3,rasa_sepat,1.3
PTL-012,F2,3,kerenyahan,7.6
PTL-012,F2,3,kekerasan,5.27
PTL-012,F2,3,intensitas_warna,3.44
PTL-012,F2,3,kelarutan_mulut,7.07
PTL-012,F3,1,aroma_sukun,3.77
PTL-012,F3,1,aroma_langu,1.37
PTL-012,F3,1,rasa_manis,4.85
PTL-012,F3,1,rasa_sepat,2.25
PTL-012,F3,1,kerenyahan,5.66
PTL-012,F3,1,kekerasan,5.12
PTL-012,F3,1,intensitas_warna,4.22
PTL-012,F3,1,kelarutan_mulut,6.49
PTL-012,F3,2,aroma_sukun,3.51
PTL-012,F3,2,aroma_langu,3.15
PTL-012,F3,2,rasa_manis,5.93
PTL-012,F3,2,rasa_sepat,2.95
PTL-012,F3,2,kerenyahan,6.9
PTL-012,F3,2,kekerasan,5.39
PTL-012,F3,2,intensitas_warna,4.45
PTL-012,F3,2,kelarutan_mulut,7.38
PTL-012,F3,3,aroma_sukun,3.94
PTL-012,F3,3,aroma_langu,3.14
PTL-012,F3,3,rasa_manis,5.35
PTL-012,F3,3,rasa_sepat,2.56
PTL-012,F3,3,kerenyahan,6.73
PTL-012,F3,3,kekerasan,4.7
PTL-012,F3,3,intensitas_warna,4.48
PTL-012,F3,3,kelarutan_mulut,6.82
PTL-012,F4,1,aroma_sukun,5.04
PTL-012,F4,1,aroma_langu,2.46
PTL-012,F4,1,rasa_manis,6.3
PTL-012,F4,1,rasa_sepat,2.71
PTL-012,F4,1,kerenyahan,5.5
PTL-012,F4,1,kekerasan,4.39
PTL-012,F4,1,intensitas_warna,5.49
PTL-012,F4,1,kelarutan_mulut,5.49
PTL-012,F4,2,aroma_sukun,4.47
PTL-012,F4,2,aroma_langu,2.39
PTL-012,F4,2,rasa_manis,6.09
PTL-012,F4,2,rasa_sepat,2.53
PTL-012,F4,2,kerenyahan,6.98
PTL-012,F4,2,kekerasan,5.81
PTL-012,F4,2,intensitas_warna,5.7
PTL-012,F4,2,kelarutan_mulut,5.86
PTL-012,F4,3,aroma_sukun,6.49
PTL-012,F4,3,aroma_langu,2.12
PTL-012,F4,3,rasa_manis,5.46
PTL-012,F4,3,rasa_sepat,3.91
PTL-012,F4,3,kerenyahan,6.63
PTL-012,F4,3,kekerasan,4.99
PTL-012,F4,3,intensitas_warna,5.9
PTL-012,F4,3,kelarutan_mulut,6.47
PTL-012,F5,1,aroma_sukun,5.66
PTL-012,F5,1,aroma_langu,2.67
PTL-012,F5,1,rasa_manis,5.59
PTL-012,F5,1,rasa_sepat,4.6
PTL-012,F5,1,kerenyahan,4.81
PTL-012,F5,1,kekerasan,5.93
PTL-012,F5,1,intensitas_warna,7.04
PTL-012,F5,1,kelarutan_mulut,4.75
PTL-012,F5,2,aroma_sukun,7.94
PTL-012,F5,2,aroma_langu,1.98
PTL-012,F5,2,rasa_manis,6.12
PTL-012,F5,2,rasa_sepat,4.23
PTL-012,F5,2,kerenyahan,4.43
PTL-012,F5,2,kekerasan,6.63
PTL-012,F5,2,intensitas_warna,6.18
PTL-012,F5,2,kelarutan_mulut,5.1
PTL-012,F5,3,aroma_sukun,6.81
PTL-012,F5,3,aroma_langu,1.17
PTL-012,F5,3,rasa_manis,5.63
PTL-012,F5,3,rasa_sepat,4.73
PTL-012,F5,3,kerenyahan,4.99
PTL-012,F5,3,kekerasan,5.91
PTL-012,F5,3,intensitas_warna,7.39
PTL-012,F5,3,kelarutan_mulut,5.25
PTL-012,F6,1,aroma_sukun,8.31
PTL-012,F6,1,aroma_langu,2.64
PTL-012,F6,1,rasa_manis,6.86
PTL-012,F6,1,rasa_sepat,5.59
PTL-012,F6,1,kerenyahan,4.45
PTL-012,F6,1,kekerasan,6.75
PTL-012,F6,1,intensitas_warna,7.39
PTL-012,F6,1,kelarutan_mulut,4.22
PTL-012,F6,2,aroma_sukun,8.01
PTL-012,F6,2,aroma_langu,1.74
PTL-012,F6,2,rasa_manis,5.87
PTL-012,F6,2,rasa_sepat,5.36
PTL-012,F6,2,kerenyahan,3.85
PTL-012,F6,2,kekerasan,7.46
PTL-012,F6,2,intensitas_warna,7.46
PTL-012,F6,2,kelarutan_mulut,5.13
PTL-012,F6,3,aroma_sukun,8.07
PTL-012,F6,3,aroma_langu,1.83
PTL-012,F6,3,rasa_manis,6.52
PTL-012,F6,3,rasa_sepat,4.2
PTL-012,F6,3,kerenyahan,3.91
PTL-012,F6,3,kekerasan,6.5
PTL-012,F6,3,intensitas_warna,7.34
PTL-012,F6,3,kelarutan_mulut,4.92
