kode_batch_uji,tanggal_analisis,kode_formula,ulangan,kadar_air_persen,kadar_abu_persen,kadar_protein_persen,kadar_lemak_persen,serat_kasar_persen,karbohidrat_by_difference_persen,analis
UJI-01,2026-02-02,F1,1,6.17,1.92,1.88,8.55,2.36,81.49,Rani
UJI-01,2026-02-02,F1,2,6.46,1.87,1.99,8.46,2.22,81.22,Sekar
UJI-01,2026-02-02,F1,3,6.32,1.84,2.09,8.41,2.33,81.34,Yoga
UJI-01,2026-02-02,F2,1,6.35,2.1,2.58,8.49,2.58,80.47,Yoga
UJI-01,2026-02-02,F2,2,6.47,2.04,2.55,8.47,2.94,80.47,Rani
UJI-01,2026-02-02,F2,3,6.52,1.88,2.51,8.28,2.76,80.81,Bagas
UJI-01,2026-02-02,F3,1,6.72,2.32,2.99,8.79,3.48,79.18,Sekar
UJI-01,2026-02-02,F3,2,6.89,2.32,2.81,8.37,3.22,79.61,Yoga
UJI-01,2026-02-02,F3,3,6.52,2.28,3.05,8.67,3.34,79.48,Sekar
UJI-01,2026-02-02,F4,1,6.87,2.45,3.6,8.84,3.89,78.24,Yoga
UJI-01,2026-02-02,F4,2,6.95,2.47,3.42,8.5,3.76,78.66,Rani
UJI-01,2026-02-02,F4,3,6.91,2.61,3.59,9.09,3.84,77.8,Sekar
UJI-01,2026-02-02,F5,1,7.29,2.72,3.97,9.0,4.45,77.02,Sekar
UJI-01,2026-02-02,F5,2,7.44,2.78,3.82,9.23,4.63,76.73,Sekar
UJI-01,2026-02-02,F5,3,7.22,2.69,3.98,8.96,4.54,77.15,Bagas
