bulan,komoditas,harga_rata_rp_per_kg,harga_min_rp_per_kg,harga_maks_rp_per_kg
2025-07,Cabai Merah,34842,28500,40950
2025-07,Markisa,11984,10700,13000
2025-07,Nanas,5632,5400,5850
2025-07,Nangka,8926,8200,9400
2025-07,Rosella,25045,23950,27350
2025-07,Salak Pondoh,7669,7250,8150
2025-07,Singkong,2342,2150,2450
2025-07,Sukun,6461,5850,6950
2025-08,Cabai Merah,29052,22750,34200
2025-08,Markisa,10950,10050,11750
2025-08,Nanas,5224,4800,5550
2025-08,Nangka,8245,7900,8800
2025-08,Rosella,23473,21450,25250
2025-08,Salak Pondoh,6790,6250,7400
2025-08,Singkong,2255,2100,2400
2025-08,Sukun,5837,5450,6550
2025-09,Cabai Merah,23420,17350,29850
2025-09,Markisa,10213,9500,10900
2025-09,Nanas,4898,4550,5150
2025-09,Nangka,7615,7350,8000
2025-09,Rosella,22108,20800,23600
2025-09,Salak Pondoh,5940,5500,6500
2025-09,Singkong,2195,2050,2400
2025-09,Sukun,5362,4900,5850
2025-10,Cabai Merah,20539,15400,26500
2025-10,Markisa,9715,9050,10250
2025-10,Nanas,4702,4350,5000
2025-10,Nangka,7221,6800,7600
2025-10,Rosella,21537,20100,22550
2025-10,Salak Pondoh,5553,5200,6050
2025-10,Singkong,2139,2050,2250
2025-10,Sukun,4985,4350,5700
2025-11,Cabai Merah,20617,16450,23650
2025-11,Markisa,9688,9050,10300
2025-11,Nanas,4712,4300,5000
2025-11,Nangka,7302,6900,7900
2025-11,Rosella,21470,20700,22350
2025-11,Salak Pondoh,5682,5250,6250
2025-11,Singkong,2147,2000,2250
2025-11,Sukun,5032,4700,5300
2025-12,Cabai Merah,23694,16100,30250
2025-12,Markisa,10326,9500,10900
2025-12,Nanas,4953,4550,5350
2025-12,Nangka,7735,7250,8200
2025-12,Rosella,22197,20900,23750
2025-12,Salak Pondoh,6105,5550,6550
2025-12,Singkong,2215,2050,2350
2025-12,Sukun,5355,4900,5750
2026-01,Cabai Merah,30466,24300,36000
2026-01,Markisa,11350,10450,12250
2026-01,Nanas,5274,4850,5650
2026-01,Nangka,8356,7850,8850
2026-01,Rosella,23637,21800,24850
2026-01,Salak Pondoh,6881,5950,7400
2026-01,Singkong,2306,2150,2500
2026-01,Sukun,5956,5200,6500
2026-02,Cabai Merah,35552,26050,41500
2026-02,Markisa,12375,11450,13050
2026-02,Nanas,5662,5300,6000
2026-02,Nangka,9068,8650,9500
2026-02,Rosella,25432,24100,26800
2026-02,Salak Pondoh,7698,7050,8450
2026-02,Singkong,2427,2300,2600
2026-02,Sukun,6591,6150,7350
2026-03,Cabai Merah,41129,33750,44600
2026-03,Markisa,13340,12350,14250
2026-03,Nanas,6032,5650,6550
2026-03,Nangka,9703,9200,10300
2026-03,Rosella,26566,25550,27450
2026-03,Salak Pondoh,8545,8050,9050
2026-03,Singkong,2505,2350,2600
2026-03,Sukun,7160,6700,7500
2026-04,Cabai Merah,44655,39200,49200
2026-04,Markisa,13968,12850,14700
2026-04,Nanas,6250,5800,6700
2026-04,Nangka,10063,9650,10450
2026-04,Rosella,27293,25850,28500
2026-04,Salak Pondoh,9038,8550,9650
2026-04,Singkong,2580,2450,2700
2026-04,Sukun,7440,6850,7900
2026-05,Cabai Merah,43889,38800,49800
2026-05,Markisa,13916,13300,14700
2026-05,Nanas,6269,5950,6750
2026-05,Nangka,10087,9850,10350
2026-05,Rosella,27147,25650,28600
2026-05,Salak Pondoh,8968,8400,9600
2026-05,Singkong,2616,2450,2750
2026-05,Sukun,7534,7100,7900
2026-06,Cabai Merah,41748,35450,46950
2026-06,Markisa,13422,12450,14150
2026-06,Nanas,6075,5750,6400
2026-06,Nangka,9792,9350,10150
2026-06,Rosella,26733,24400,28350
2026-06,Salak Pondoh,8687,8350,9100
2026-06,Singkong,2555,2400,2750
2026-06,Sukun,7255,6850,7600
