bulan,kode_produk,kanal,jumlah_terjual_pcs,total_penjualan_rp
2025-07,PRD-01,Distributor,747,20916000
2025-07,PRD-01,Ritel Modern,476,13328000
2025-07,PRD-01,Toko Oleh-oleh,590,16520000
2025-07,PRD-01,Marketplace,354,9912000
2025-07,PRD-02,Distributor,538,13988000
2025-07,PRD-02,Ritel Modern,375,9750000
2025-07,PRD-02,Toko Oleh-oleh,460,11960000
2025-07,PRD-02,Marketplace,333,8658000
2025-07,PRD-03,Distributor,313,7825000
2025-07,PRD-03,Ritel Modern,229,5725000
2025-07,PRD-03,Toko Oleh-oleh,293,7325000
2025-07,PRD-03,Marketplace,185,4625000
2025-07,PRD-04,Distributor,952,14280000
2025-07,PRD-04,Ritel Modern,684,10260000
2025-07,PRD-04,Toko Oleh-oleh,643,9645000
2025-07,PRD-04,Marketplace,632,9480000
2025-07,PRD-05,Distributor,275,4950000
2025-07,PRD-05,Ritel Modern,175,3150000
2025-07,PRD-05,Toko Oleh-oleh,241,4338000
2025-07,PRD-05,Marketplace,185,3330000
2025-07,PRD-06,Distributor,764,9168000
2025-07,PRD-06,Ritel Modern,523,6276000
2025-07,PRD-06,Toko Oleh-oleh,646,7752000
2025-07,PRD-06,Marketplace,474,5688000
2025-07,PRD-07,Distributor,234,7488000
2025-07,PRD-07,Ritel Modern,143,4576000
2025-07,PRD-07,Toko Oleh-oleh,207,6624000
2025-07,PRD-07,Marketplace,159,5088000
2025-07,PRD-08,Distributor,476,6664000
2025-07,PRD-08,Ritel Modern,272,3808000
2025-07,PRD-08,Toko Oleh-oleh,289,4046000
2025-07,PRD-08,Marketplace,258,3612000
2025-08,PRD-01,Distributor,781,21868000
2025-08,PRD-01,Ritel Modern,438,12264000
2025-08,PRD-01,Toko Oleh-oleh,490,13720000
2025-08,PRD-01,Marketplace,427,11956000
2025-08,PRD-02,Distributor,504,13104000
2025-08,PRD-02,Ritel Modern,312,8112000
2025-08,PRD-02,Toko Oleh-oleh,466,12116000
2025-08,PRD-02,Marketplace,298,7748000
2025-08,PRD-03,Distributor,348,8700000
2025-08,PRD-03,Ritel Modern,212,5300000
2025-08,PRD-03,Toko Oleh-oleh,252,6300000
2025-08,PRD-03,Marketplace,170,4250000
2025-08,PRD-04,Distributor,902,13530000
2025-08,PRD-04,Ritel Modern,658,9870000
2025-08,PRD-04,Toko Oleh-oleh,736,11040000
2025-08,PRD-04,Marketplace,491,7365000
2025-08,PRD-05,Distributor,269,4842000
2025-08,PRD-05,Ritel Modern,175,3150000
2025-08,PRD-05,Toko Oleh-oleh,187,3366000
2025-08,PRD-05,Marketplace,174,3132000
2025-08,PRD-06,Distributor,682,8184000
2025-08,PRD-06,Ritel Modern,459,5508000
2025-08,PRD-06,Toko Oleh-oleh,661,7932000
2025-08,PRD-06,Marketplace,439,5268000
2025-08,PRD-07,Distributor,251,8032000
2025-08,PRD-07,Ritel Modern,179,5728000
2025-08,PRD-07,Toko Oleh-oleh,184,5888000
2025-08,PRD-07,Marketplace,124,3968000
2025-08,PRD-08,Distributor,382,5348000
2025-08,PRD-08,Ritel Modern,277,3878000
2025-08,PRD-08,Toko Oleh-oleh,303,4242000
2025-08,PRD-08,Marketplace,219,3066000
2025-09,PRD-01,Distributor,670,18760000
2025-09,PRD-01,Ritel Modern,349,9772000
2025-09,PRD-01,Toko Oleh-oleh,423,11844000
2025-09,PRD-01,Marketplace,364,10192000
2025-09,PRD-02,Distributor,462,12012000
2025-09,PRD-02,Ritel Modern,301,7826000
2025-09,PRD-02,Toko Oleh-oleh,375,9750000
2025-09,PRD-02,Marketplace,287,7462000
2025-09,PRD-03,Distributor,314,7850000
2025-09,PRD-03,Ritel Modern,186,4650000
2025-09,PRD-03,Toko Oleh-oleh,236,5900000
2025-09,PRD-03,Marketplace,147,3675000
2025-09,PRD-04,Distributor,821,12315000
2025-09,PRD-04,Ritel Modern,492,7380000
2025-09,PRD-04,Toko Oleh-oleh,635,9525000
2025-09,PRD-04,Marketplace,397,5955000
2025-09,PRD-05,Distributor,228,4104000
2025-09,PRD-05,Ritel Modern,160,2880000
2025-09,PRD-05,Toko Oleh-oleh,197,3546000
2025-09,PRD-05,Marketplace,142,2556000
2025-09,PRD-06,Distributor,692,8304000
2025-09,PRD-06,Ritel Modern,410,4920000
2025-09,PRD-06,Toko Oleh-oleh,488,5856000
2025-09,PRD-06,Marketplace,335,4020000
2025-09,PRD-07,Distributor,227,7264000
2025-09,PRD-07,Ritel Modern,118,3776000
2025-09,PRD-07,Toko Oleh-oleh,169,5408000
2025-09,PRD-07,Marketplace,121,3872000
2025-09,PRD-08,Distributor,348,4872000
2025-09,PRD-08,Ritel Modern,181,2534000
2025-09,PRD-08,Toko Oleh-oleh,285,3990000
2025-09,PRD-08,Marketplace,204,2856000
2025-10,PRD-01,Distributor,493,13804000
2025-10,PRD-01,Ritel Modern,344,9632000
2025-10,PRD-01,Toko Oleh-oleh,429,12012000
2025-10,PRD-01,Marketplace,361,10108000
2025-10,PRD-02,Distributor,424,11024000
2025-10,PRD-02,Ritel Modern,287,7462000
2025-10,PRD-02,Toko Oleh-oleh,312,8112000
2025-10,PRD-02,Marketplace,267,6942000
2025-10,PRD-03,Distributor,250,6250000
2025-10,PRD-03,Ritel Modern,161,4025000
2025-10,PRD-03,Toko Oleh-oleh,243,6075000
2025-10,PRD-03,Marketplace,145,3625000
2025-10,PRD-04,Distributor,799,11985000
2025-10,PRD-04,Ritel Modern,478,7170000
2025-10,PRD-04,Toko Oleh-oleh,533,7995000
2025-10,PRD-04,Marketplace,385,5775000
2025-10,PRD-05,Distributor,231,4158000
2025-10,PRD-05,Ritel Modern,148,2664000
2025-10,PRD-05,Toko Oleh-oleh,158,2844000
2025-10,PRD-05,Marketplace,126,2268000
2025-10,PRD-06,Distributor,542,6504000
2025-10,PRD-06,Ritel Modern,383,4596000
2025-10,PRD-06,Toko Oleh-oleh,416,4992000
2025-10,PRD-06,Marketplace,370,4440000
2025-10,PRD-07,Distributor,190,6080000
2025-10,PRD-07,Ritel Modern,132,4224000
2025-10,PRD-07,Toko Oleh-oleh,135,4320000
2025-10,PRD-07,Marketplace,96,3072000
2025-10,PRD-08,Distributor,274,3836000
2025-10,PRD-08,Ritel Modern,222,3108000
2025-10,PRD-08,Toko Oleh-oleh,239,3346000
2025-10,PRD-08,Marketplace,203,2842000
2025-11,PRD-01,Distributor,472,13216000
2025-11,PRD-01,Ritel Modern,328,9184000
2025-11,PRD-01,Toko Oleh-oleh,374,10472000
2025-11,PRD-01,Marketplace,326,9128000
2025-11,PRD-02,Distributor,387,10062000
2025-11,PRD-02,Ritel Modern,216,5616000
2025-11,PRD-02,Toko Oleh-oleh,274,7124000
2025-11,PRD-02,Marketplace,263,6838000
2025-11,PRD-03,Distributor,245,6125000
2025-11,PRD-03,Ritel Modern,168,4200000
2025-11,PRD-03,Toko Oleh-oleh,188,4700000
2025-11,PRD-03,Marketplace,149,3725000
2025-11,PRD-04,Distributor,646,9690000
2025-11,PRD-04,Ritel Modern,374,5610000
2025-11,PRD-04,Toko Oleh-oleh,501,7515000
2025-11,PRD-04,Marketplace,462,6930000
2025-11,PRD-05,Distributor,210,3780000
2025-11,PRD-05,Ritel Modern,125,2250000
2025-11,PRD-05,Toko Oleh-oleh,163,2934000
2025-11,PRD-05,Marketplace,107,1926000
2025-11,PRD-06,Distributor,486,5832000
2025-11,PRD-06,Ritel Modern,331,3972000
2025-11,PRD-06,Toko Oleh-oleh,433,5196000
2025-11,PRD-06,Marketplace,344,4128000
2025-11,PRD-07,Distributor,143,4576000
2025-11,PRD-07,Ritel Modern,92,2944000
2025-11,PRD-07,Toko Oleh-oleh,140,4480000
2025-11,PRD-07,Marketplace,110,3520000
2025-11,PRD-08,Distributor,265,3710000
2025-11,PRD-08,Ritel Modern,174,2436000
2025-11,PRD-08,Toko Oleh-oleh,231,3234000
2025-11,PRD-08,Marketplace,179,2506000
2025-12,PRD-01,Distributor,523,14644000
2025-12,PRD-01,Ritel Modern,380,10640000
2025-12,PRD-01,Toko Oleh-oleh,442,12376000
2025-12,PRD-01,Marketplace,348,9744000
2025-12,PRD-02,Distributor,433,11258000
2025-12,PRD-02,Ritel Modern,286,7436000
2025-12,PRD-02,Toko Oleh-oleh,387,10062000
2025-12,PRD-02,Marketplace,277,7202000
2025-12,PRD-03,Distributor,275,6875000
2025-12,PRD-03,Ritel Modern,195,4875000
2025-12,PRD-03,Toko Oleh-oleh,208,5200000
2025-12,PRD-03,Marketplace,187,4675000
2025-12,PRD-04,Distributor,769,11535000
2025-12,PRD-04,Ritel Modern,499,7485000
2025-12,PRD-04,Toko Oleh-oleh,619,9285000
2025-12,PRD-04,Marketplace,526,7890000
2025-12,PRD-05,Distributor,246,4428000
2025-12,PRD-05,Ritel Modern,145,2610000
2025-12,PRD-05,Toko Oleh-oleh,161,2898000
2025-12,PRD-05,Marketplace,139,2502000
2025-12,PRD-06,Distributor,608,7296000
2025-12,PRD-06,Ritel Modern,422,5064000
2025-12,PRD-06,Toko Oleh-oleh,509,6108000
2025-12,PRD-06,Marketplace,408,4896000
2025-12,PRD-07,Distributor,188,6016000
2025-12,PRD-07,Ritel Modern,118,3776000
2025-12,PRD-07,Toko Oleh-oleh,176,5632000
2025-12,PRD-07,Marketplace,105,3360000
2025-12,PRD-08,Distributor,343,4802000
2025-12,PRD-08,Ritel Modern,223,3122000
2025-12,PRD-08,Toko Oleh-oleh,227,3178000
2025-12,PRD-08,Marketplace,181,2534000
2026-01,PRD-01,Distributor,523,14644000
2026-01,PRD-01,Ritel Modern,306,8568000
2026-01,PRD-01,Toko Oleh-oleh,333,9324000
2026-01,PRD-01,Marketplace,237,6636000
2026-01,PRD-02,Distributor,372,9672000
2026-01,PRD-02,Ritel Modern,244,6344000
2026-01,PRD-02,Toko Oleh-oleh,300,7800000
2026-01,PRD-02,Marketplace,218,5668000
2026-01,PRD-03,Distributor,239,5975000
2026-01,PRD-03,Ritel Modern,163,4075000
2026-01,PRD-03,Toko Oleh-oleh,188,4700000
2026-01,PRD-03,Marketplace,134,3350000
2026-01,PRD-04,Distributor,610,9150000
2026-01,PRD-04,Ritel Modern,437,6555000
2026-01,PRD-04,Toko Oleh-oleh,536,8040000
2026-01,PRD-04,Marketplace,414,6210000
2026-01,PRD-05,Distributor,197,3546000
2026-01,PRD-05,Ritel Modern,116,2088000
2026-01,PRD-05,Toko Oleh-oleh,157,2826000
2026-01,PRD-05,Marketplace,109,1962000
2026-01,PRD-06,Distributor,454,5448000
2026-01,PRD-06,Ritel Modern,312,3744000
2026-01,PRD-06,Toko Oleh-oleh,454,5448000
2026-01,PRD-06,Marketplace,351,4212000
2026-01,PRD-07,Distributor,176,5632000
2026-01,PRD-07,Ritel Modern,102,3264000
2026-01,PRD-07,Toko Oleh-oleh,121,3872000
2026-01,PRD-07,Marketplace,97,3104000
2026-01,PRD-08,Distributor,313,4382000
2026-01,PRD-08,Ritel Modern,166,2324000
2026-01,PRD-08,Toko Oleh-oleh,244,3416000
2026-01,PRD-08,Marketplace,204,2856000
2026-02,PRD-01,Distributor,496,13888000
2026-02,PRD-01,Ritel Modern,315,8820000
2026-02,PRD-01,Toko Oleh-oleh,334,9352000
2026-02,PRD-01,Marketplace,275,7700000
2026-02,PRD-02,Distributor,380,9880000
2026-02,PRD-02,Ritel Modern,221,5746000
2026-02,PRD-02,Toko Oleh-oleh,262,6812000
2026-02,PRD-02,Marketplace,227,5902000
2026-02,PRD-03,Distributor,221,5525000
2026-02,PRD-03,Ritel Modern,144,3600000
2026-02,PRD-03,Toko Oleh-oleh,191,4775000
2026-02,PRD-03,Marketplace,142,3550000
2026-02,PRD-04,Distributor,617,9255000
2026-02,PRD-04,Ritel Modern,461,6915000
2026-02,PRD-04,Toko Oleh-oleh,493,7395000
2026-02,PRD-04,Marketplace,437,6555000
2026-02,PRD-05,Distributor,185,3330000
2026-02,PRD-05,Ritel Modern,103,1854000
2026-02,PRD-05,Toko Oleh-oleh,157,2826000
2026-02,PRD-05,Marketplace,114,2052000
2026-02,PRD-06,Distributor,457,5484000
2026-02,PRD-06,Ritel Modern,367,4404000
2026-02,PRD-06,Toko Oleh-oleh,452,5424000
2026-02,PRD-06,Marketplace,274,3288000
2026-02,PRD-07,Distributor,156,4992000
2026-02,PRD-07,Ritel Modern,100,3200000
2026-02,PRD-07,Toko Oleh-oleh,121,3872000
2026-02,PRD-07,Marketplace,105,3360000
2026-02,PRD-08,Distributor,266,3724000
2026-02,PRD-08,Ritel Modern,196,2744000
2026-02,PRD-08,Toko Oleh-oleh,202,2828000
2026-02,PRD-08,Marketplace,176,2464000
2026-03,PRD-01,Distributor,627,17556000
2026-03,PRD-01,Ritel Modern,354,9912000
2026-03,PRD-01,Toko Oleh-oleh,511,14308000
2026-03,PRD-01,Marketplace,341,9548000
2026-03,PRD-02,Distributor,515,13390000
2026-03,PRD-02,Ritel Modern,286,7436000
2026-03,PRD-02,Toko Oleh-oleh,341,8866000
2026-03,PRD-02,Marketplace,232,6032000
2026-03,PRD-03,Distributor,294,7350000
2026-03,PRD-03,Ritel Modern,160,4000000
2026-03,PRD-03,Toko Oleh-oleh,245,6125000
2026-03,PRD-03,Marketplace,180,4500000
2026-03,PRD-04,Distributor,803,12045000
2026-03,PRD-04,Ritel Modern,498,7470000
2026-03,PRD-04,Toko Oleh-oleh,606,9090000
2026-03,PRD-04,Marketplace,466,6990000
2026-03,PRD-05,Distributor,240,4320000
2026-03,PRD-05,Ritel Modern,185,3330000
2026-03,PRD-05,Toko Oleh-oleh,184,3312000
2026-03,PRD-05,Marketplace,146,2628000
2026-03,PRD-06,Distributor,611,7332000
2026-03,PRD-06,Ritel Modern,402,4824000
2026-03,PRD-06,Toko Oleh-oleh,448,5376000
2026-03,PRD-06,Marketplace,400,4800000
2026-03,PRD-07,Distributor,231,7392000
2026-03,PRD-07,Ritel Modern,135,4320000
2026-03,PRD-07,Toko Oleh-oleh,182,5824000
2026-03,PRD-07,Marketplace,109,3488000
2026-03,PRD-08,Distributor,342,4788000
2026-03,PRD-08,Ritel Modern,210,2940000
2026-03,PRD-08,Toko Oleh-oleh,237,3318000
2026-03,PRD-08,Marketplace,222,3108000
2026-04,PRD-01,Distributor,580,16240000
2026-04,PRD-01,Ritel Modern,446,12488000
2026-04,PRD-01,Toko Oleh-oleh,508,14224000
2026-04,PRD-01,Marketplace,338,9464000
2026-04,PRD-02,Distributor,522,13572000
2026-04,PRD-02,Ritel Modern,311,8086000
2026-04,PRD-02,Toko Oleh-oleh,368,9568000
2026-04,PRD-02,Marketplace,254,6604000
2026-04,PRD-03,Distributor,300,7500000
2026-04,PRD-03,Ritel Modern,205,5125000
2026-04,PRD-03,Toko Oleh-oleh,277,6925000
2026-04,PRD-03,Marketplace,193,4825000
2026-04,PRD-04,Distributor,849,12735000
2026-04,PRD-04,Ritel Modern,550,8250000
2026-04,PRD-04,Toko Oleh-oleh,768,11520000
2026-04,PRD-04,Marketplace,564,8460000
2026-04,PRD-05,Distributor,251,4518000
2026-04,PRD-05,Ritel Modern,157,2826000
2026-04,PRD-05,Toko Oleh-oleh,237,4266000
2026-04,PRD-05,Marketplace,144,2592000
2026-04,PRD-06,Distributor,621,7452000
2026-04,PRD-06,Ritel Modern,480,5760000
2026-04,PRD-06,Toko Oleh-oleh,580,6960000
2026-04,PRD-06,Marketplace,452,5424000
2026-04,PRD-07,Distributor,230,7360000
2026-04,PRD-07,Ritel Modern,133,4256000
2026-04,PRD-07,Toko Oleh-oleh,173,5536000
2026-04,PRD-07,Marketplace,105,3360000
2026-04,PRD-08,Distributor,321,4494000
2026-04,PRD-08,Ritel Modern,235,3290000
2026-04,PRD-08,Toko Oleh-oleh,311,4354000
2026-04,PRD-08,Marketplace,214,2996000
2026-05,PRD-01,Distributor,737,20636000
2026-05,PRD-01,Ritel Modern,421,11788000
2026-05,PRD-01,Toko Oleh-oleh,616,17248000
2026-05,PRD-01,Marketplace,348,9744000
2026-05,PRD-02,Distributor,559,14534000
2026-05,PRD-02,Ritel Modern,406,10556000
2026-05,PRD-02,Toko Oleh-oleh,450,11700000
2026-05,PRD-02,Marketplace,314,8164000
2026-05,PRD-03,Distributor,322,8050000
2026-05,PRD-03,Ritel Modern,246,6150000
2026-05,PRD-03,Toko Oleh-oleh,251,6275000
2026-05,PRD-03,Marketplace,214,5350000
2026-05,PRD-04,Distributor,1125,16875000
2026-05,PRD-04,Ritel Modern,544,8160000
2026-05,PRD-04,Toko Oleh-oleh,793,11895000
2026-05,PRD-04,Marketplace,523,7845000
2026-05,PRD-05,Distributor,276,4968000
2026-05,PRD-05,Ritel Modern,194,3492000
2026-05,PRD-05,Toko Oleh-oleh,215,3870000
2026-05,PRD-05,Marketplace,184,3312000
2026-05,PRD-06,Distributor,722,8664000
2026-05,PRD-06,Ritel Modern,504,6048000
2026-05,PRD-06,Toko Oleh-oleh,676,8112000
2026-05,PRD-06,Marketplace,527,6324000
2026-05,PRD-07,Distributor,262,8384000
2026-05,PRD-07,Ritel Modern,168,5376000
2026-05,PRD-07,Toko Oleh-oleh,210,6720000
2026-05,PRD-07,Marketplace,125,4000000
2026-05,PRD-08,Distributor,429,6006000
2026-05,PRD-08,Ritel Modern,276,3864000
2026-05,PRD-08,Toko Oleh-oleh,378,5292000
2026-05,PRD-08,Marketplace,242,3388000
2026-06,PRD-01,Distributor,737,20636000
2026-06,PRD-01,Ritel Modern,443,12404000
2026-06,PRD-01,Toko Oleh-oleh,594,16632000
2026-06,PRD-01,Marketplace,349,9772000
2026-06,PRD-02,Distributor,567,14742000
2026-06,PRD-02,Ritel Modern,380,9880000
2026-06,PRD-02,Toko Oleh-oleh,385,10010000
2026-06,PRD-02,Marketplace,299,7774000
2026-06,PRD-03,Distributor,322,8050000
2026-06,PRD-03,Ritel Modern,242,6050000
2026-06,PRD-03,Toko Oleh-oleh,295,7375000
2026-06,PRD-03,Marketplace,221,5525000
2026-06,PRD-04,Distributor,1049,15735000
2026-06,PRD-04,Ritel Modern,539,8085000
2026-06,PRD-04,Toko Oleh-oleh,841,12615000
2026-06,PRD-04,Marketplace,598,8970000
2026-06,PRD-05,Distributor,317,5706000
2026-06,PRD-05,Ritel Modern,186,3348000
2026-06,PRD-05,Toko Oleh-oleh,218,3924000
2026-06,PRD-05,Marketplace,211,3798000
2026-06,PRD-06,Distributor,714,8568000
2026-06,PRD-06,Ritel Modern,436,5232000
2026-06,PRD-06,Toko Oleh-oleh,634,7608000
2026-06,PRD-06,Marketplace,493,5916000
2026-06,PRD-07,Distributor,246,7872000
2026-06,PRD-07,Ritel Modern,176,5632000
2026-06,PRD-07,Toko Oleh-oleh,187,5984000
2026-06,PRD-07,Marketplace,161,5152000
2026-06,PRD-08,Distributor,390,5460000
2026-06,PRD-08,Ritel Modern,322,4508000
2026-06,PRD-08,Toko Oleh-oleh,354,4956000
2026-06,PRD-08,Marketplace,269,3766000
