bulan,kode_produk,jumlah_terjual_pcs,total_penjualan_rp
2025-07,PRD-01,2167,59362800
2025-07,PRD-02,1707,43642300
2025-07,PRD-03,1020,25055000
2025-07,PRD-04,2911,42837750
2025-07,PRD-05,876,15553800
2025-07,PRD-06,2408,28050600
2025-07,PRD-07,743,23323200
2025-07,PRD-08,1296,17658900
2025-08,PRD-01,2136,58531200
2025-08,PRD-02,1581,40396200
2025-08,PRD-03,983,23968750
2025-08,PRD-04,2787,40836000
2025-08,PRD-05,805,14252400
2025-08,PRD-06,2242,26359200
2025-08,PRD-07,738,23192000
2025-08,PRD-08,1180,16223900
2025-09,PRD-01,1806,49560000
2025-09,PRD-02,1426,36355800
2025-09,PRD-03,883,21613750
2025-09,PRD-04,2345,34617000
2025-09,PRD-05,728,12835800
2025-09,PRD-06,1925,22546800
2025-09,PRD-07,634,19945600
2025-09,PRD-08,1018,13915300
2025-10,PRD-01,1628,44697800
2025-10,PRD-02,1290,32695000
2025-10,PRD-03,799,19656250
2025-10,PRD-04,2195,32255250
2025-10,PRD-05,663,11680200
2025-10,PRD-06,1711,20149800
2025-10,PRD-07,554,17291200
2025-10,PRD-08,938,12928300
2025-11,PRD-01,1501,41112400
2025-11,PRD-02,1139,28974400
2025-11,PRD-03,750,18233750
2025-11,PRD-04,1984,29334750
2025-11,PRD-05,605,10674900
2025-11,PRD-06,1594,18514200
2025-11,PRD-07,486,15201600
2025-11,PRD-08,849,11659200
2025-12,PRD-01,1692,46193000
2025-12,PRD-02,1384,35480900
2025-12,PRD-03,865,21205000
2025-12,PRD-04,2413,35237250
2025-12,PRD-05,690,12112200
2025-12,PRD-06,1946,22833600
2025-12,PRD-07,587,18355200
2025-12,PRD-08,973,13433000
2026-01,PRD-01,1399,38340400
2026-01,PRD-02,1134,29079700
2026-01,PRD-03,724,17720000
2026-01,PRD-04,1997,29262750
2026-01,PRD-05,579,10274400
2026-01,PRD-06,1570,18413400
2026-01,PRD-07,495,15604800
2026-01,PRD-08,927,12761700
2026-02,PRD-01,1419,38889200
2026-02,PRD-02,1090,27836900
2026-02,PRD-03,698,17063750
2026-02,PRD-04,2008,29449500
2026-02,PRD-05,560,9848700
2026-02,PRD-06,1549,18202200
2026-02,PRD-07,481,15209600
2026-02,PRD-08,840,11567500
2026-03,PRD-01,1833,50234800
2026-03,PRD-02,1375,35029800
2026-03,PRD-03,878,21576250
2026-03,PRD-04,2373,34827750
2026-03,PRD-05,755,13336200
2026-03,PRD-06,1860,21910800
2026-03,PRD-07,657,20462400
2026-03,PRD-08,1010,13899200
2026-04,PRD-01,1872,51263800
2026-04,PRD-02,1455,37061700
2026-04,PRD-03,975,23921250
2026-04,PRD-04,2732,40229250
2026-04,PRD-05,789,13832100
2026-04,PRD-06,2133,25121400
2026-04,PRD-07,642,20230400
2026-04,PRD-08,1080,14795200
2026-05,PRD-01,2122,58339400
2026-05,PRD-02,1729,43698200
2026-05,PRD-03,1034,25481250
2026-05,PRD-04,2985,43860000
2026-05,PRD-05,869,15287400
2026-05,PRD-06,2428,28643400
2026-05,PRD-07,765,24065600
2026-05,PRD-08,1325,18118100
2026-06,PRD-01,2123,58298800
2026-06,PRD-02,1632,41592200
2026-06,PRD-03,1080,26513750
2026-06,PRD-04,3027,44322750
2026-06,PRD-05,933,16424100
2026-06,PRD-06,2277,26708400
2026-06,PRD-07,770,24036800
2026-06,PRD-08,1335,18243400
