sesi,kode_panelis,jenis_kelamin,usia_tahun,kode_formula,skor_warna,skor_aroma,skor_rasa,skor_tekstur,skor_keseluruhan
1,PNL-001,Laki-laki,18,F1,6,5,5,5,5
1,PNL-001,Laki-laki,18,F2,6,5,4,6,5
1,PNL-001,Laki-laki,18,F3,5,5,6,7,5
1,PNL-001,Laki-laki,18,F4,5,6,6,5,6
1,PNL-001,Laki-laki,18,F5,6,5,6,4,5
1,PNL-001,Laki-laki,18,F6,4,3,5,5,3
1,PNL-002,Laki-laki,21,F1,7,5,6,5,6
1,PNL-002,Laki-laki,21,F2,6,5,5,7,6
1,PNL-002,Laki-laki,21,F3,6,6,6,6,6
1,PNL-002,Laki-laki,21,F4,7,5,6,6,6
1,PNL-002,Laki-laki,21,F5,7,6,5,4,3
1,PNL-002,Laki-laki,21,F6,5,6,6,5,5
1,PNL-003,Perempuan,23,F1,5,6,5,5,7
1,PNL-003,Perempuan,23,F2,5,6,5,6,6
1,PNL-003,Perempuan,23,F3,5,5,7,7,7
1,PNL-003,Perempuan,23,F4,5,7,5,5,7
1,PNL-003,Perempuan,23,F5,6,5,6,4,5
1,PNL-003,Perempuan,23,F6,6,6,6,5,3
1,PNL-004,Laki-laki,19,F1,4,4,5,6,3
1,PNL-004,Laki-laki,19,F2,4,4,4,6,5
1,PNL-004,Laki-laki,19,F3,5,5,5,6,6
1,PNL-004,Laki-laki,19,F4,3,5,5,4,4
1,PNL-004,Laki-laki,19,F5,4,5,5,3,4
1,PNL-004,Laki-laki,19,F6,3,2,2,3,3
1,PNL-005,Perempuan,21,F1,5,5,4,5,4
1,PNL-005,Perempuan,21,F2,7,4,5,5,4
1,PNL-005,Perempuan,21,F3,5,5,5,4,4
1,PNL-005,Perempuan,21,F4,3,5,6,5,5
1,PNL-005,Perempuan,21,F5,5,4,4,3,4
1,PNL-005,Perempuan,21,F6,4,5,5,2,4
1,PNL-006,Perempuan,23,F1,5,5,5,5,5
1,PNL-006,Perempuan,23,F2,6,5,6,4,4
1,PNL-006,Perempuan,23,F3,4,5,5,4,4
1,PNL-006,Perempuan,23,F4,7,7,7,4,4
1,PNL-006,Perempuan,23,F5,3,4,6,5,5
1,PNL-006,Perempuan,23,F6,4,5,3,5,3
1,PNL-007,Laki-laki,18,F1,6,7,5,7,6
1,PNL-007,Laki-laki,18,F2,7,6,5,7,7
1,PNL-007,Laki-laki,18,F3,5,6,4,5,6
1,PNL-007,Laki-laki,18,F4,4,5,6,5,7
1,PNL-007,Laki-laki,18,F5,4,6,6,4,4
1,PNL-007,Laki-laki,18,F6,3,6,5,6,4
1,PNL-008,Laki-laki,23,F1,7,5,5,4,6
1,PNL-008,Laki-laki,23,F2,6,5,5,6,5
1,PNL-008,Laki-laki,23,F3,5,6,6,7,5
1,PNL-008,Laki-laki,23,F4,5,7,5,7,5
1,PNL-008,Laki-laki,23,F5,4,5,6,4,5
1,PNL-008,Laki-laki,23,F6,4,3,4,4,5
1,PNL-009,Perempuan,22,F1,4,4,5,4,4
1,PNL-009,Perempuan,22,F2,4,5,5,5,5
1,PNL-009,Perempuan,22,F3,4,3,6,4,6
1,PNL-009,Perempuan,22,F4,3,7,5,3,4
1,PNL-009,Perempuan,22,F5,5,4,4,6,3
1,PNL-009,Perempuan,22,F6,4,3,4,5,3
1,PNL-010,Perempuan,18,F1,4,6,5,5,5
1,PNL-010,Perempuan,18,F2,5,6,5,5,4
1,PNL-010,Perempuan,18,F3,6,4,6,6,6
1,PNL-010,Perempuan,18,F4,6,6,4,3,5
1,PNL-010,Perempuan,18,F5,4,6,5,4,4
1,PNL-010,Perempuan,18,F6,3,6,5,4,3
1,PNL-011,Perempuan,23,F1,4,4,4,6,5
1,PNL-011,Perempuan,23,F2,3,4,6,5,4
1,PNL-011,Perempuan,23,F3,5,4,6,4,4
1,PNL-011,Perempuan,23,F4,4,5,5,3,3
1,PNL-011,Perempuan,23,F5,4,6,6,5,4
1,PNL-011,Perempuan,23,F6,5,3,3,4,4
1,PNL-012,Laki-laki,18,F1,5,5,4,5,4
1,PNL-012,Laki-laki,18,F2,5,5,4,6,4
1,PNL-012,Laki-laki,18,F3,6,5,6,5,7
1,PNL-012,Laki-laki,18,F4,5,6,6,6,6
1,PNL-012,Laki-laki,18,F5,4,4,4,4,6
1,PNL-012,Laki-laki,18,F6,4,5,4,4,6
1,PNL-013,Perempuan,22,F1,7,6,4,6,6
1,PNL-013,Perempuan,22,F2,6,4,5,6,6
1,PNL-013,Perempuan,22,F3,7,6,7,5,6
1,PNL-013,Perempuan,22,F4,6,6,5,4,6
1,PNL-013,Perempuan,22,F5,5,6,7,6,6
1,PNL-013,Perempuan,22,F6,3,6,5,5,5
1,PNL-014,Perempuan,23,F1,5,4,6,5,5
1,PNL-014,Perempuan,23,F2,4,3,5,4,7
1,PNL-014,Perempuan,23,F3,5,5,6,5,5
1,PNL-014,Perempuan,23,F4,4,3,6,5,5
1,PNL-014,Perempuan,23,F5,5,5,3,4,4
1,PNL-014,Perempuan,23,F6,5,3,4,4,4
1,PNL-015,Laki-laki,23,F1,5,5,5,4,6
1,PNL-015,Laki-laki,23,F2,5,5,3,6,5
1,PNL-015,Laki-laki,23,F3,5,6,6,7,4
1,PNL-015,Laki-laki,23,F4,4,6,6,5,3
1,PNL-015,Laki-laki,23,F5,5,4,5,3,3
1,PNL-015,Laki-laki,23,F6,4,4,4,4,3
1,PNL-016,Perempuan,18,F1,6,6,5,6,6
1,PNL-016,Perempuan,18,F2,5,6,5,4,5
1,PNL-016,Perempuan,18,F3,4,6,6,6,6
1,PNL-016,Perempuan,18,F4,5,7,5,5,4
1,PNL-016,Perempuan,18,F5,6,5,5,3,5
1,PNL-016,Perempuan,18,F6,3,5,4,4,5
1,PNL-017,Laki-laki,20,F1,5,4,5,4,5
1,PNL-017,Laki-laki,20,F2,7,6,6,6,6
1,PNL-017,Laki-laki,20,F3,5,7,7,5,5
1,PNL-017,Laki-laki,20,F4,6,5,7,6,5
1,PNL-017,Laki-laki,20,F5,6,6,3,4,5
1,PNL-017,Laki-laki,20,F6,4,5,4,3,3
1,PNL-018,Perempuan,19,F1,5,4,5,7,6
1,PNL-018,Perempuan,19,F2,6,4,5,5,7
1,PNL-018,Perempuan,19,F3,4,6,7,6,5
1,PNL-018,Perempuan,19,F4,6,5,5,4,5
1,PNL-018,Perempuan,19,F5,5,5,6,5,5
1,PNL-018,Perempuan,19,F6,5,2,4,3,3
1,PNL-019,Perempuan,21,F1,6,3,4,3,4
1,PNL-019,Perempuan,21,F2,4,6,4,5,4
1,PNL-019,Perempuan,21,F3,4,6,6,4,7
1,PNL-019,Perempuan,21,F4,5,6,4,4,5
1,PNL-019,Perempuan,21,F5,4,6,4,5,5
1,PNL-019,Perempuan,21,F6,3,4,5,4,3
1,PNL-020,Laki-laki,22,F1,4,4,3,5,5
1,PNL-020,Laki-laki,22,F2,6,5,5,5,6
1,PNL-020,Laki-laki,22,F3,5,3,5,4,4
1,PNL-020,Laki-laki,22,F4,5,4,6,4,5
1,PNL-020,Laki-laki,22,F5,5,5,4,2,3
1,PNL-020,Laki-laki,22,F6,2,4,3,2,2
1,PNL-021,Perempuan,19,F1,7,6,5,5,4
1,PNL-021,Perempuan,19,F2,6,6,5,6,5
1,PNL-021,Perempuan,19,F3,5,4,5,4,6
1,PNL-021,Perempuan,19,F4,6,5,6,4,4
1,PNL-021,Perempuan,19,F5,5,4,4,4,5
1,PNL-021,Perempuan,19,F6,3,4,5,4,5
1,PNL-022,Laki-laki,19,F1,6,3,4,5,5
1,PNL-022,Laki-laki,19,F2,5,5,3,5,3
1,PNL-022,Laki-laki,19,F3,5,4,5,3,3
1,PNL-022,Laki-laki,19,F4,6,4,5,5,4
1,PNL-022,Laki-laki,19,F5,4,6,3,3,5
1,PNL-022,Laki-laki,19,F6,3,5,4,3,3
1,PNL-023,Laki-laki,18,F1,7,5,6,5,5
1,PNL-023,Laki-laki,18,F2,7,6,6,6,6
1,PNL-023,Laki-laki,18,F3,5,7,7,5,6
1,PNL-023,Laki-laki,18,F4,7,5,7,6,5
1,PNL-023,Laki-laki,18,F5,5,7,6,5,4
1,PNL-023,Laki-laki,18,F6,5,6,6,5,5
1,PNL-024,Laki-laki,18,F1,6,3,5,6,4
1,PNL-024,Laki-laki,18,F2,5,5,5,3,5
1,PNL-024,Laki-laki,18,F3,4,4,6,3,7
1,PNL-024,Laki-laki,18,F4,5,4,5,4,5
1,PNL-024,Laki-laki,18,F5,4,4,3,4,4
1,PNL-024,Laki-laki,18,F6,3,4,4,3,3
1,PNL-025,Perempuan,22,F1,6,4,3,4,5
1,PNL-025,Perempuan,22,F2,5,5,6,3,4
1,PNL-025,Perempuan,22,F3,4,6,5,4,5
1,PNL-025,Perempuan,22,F4,5,4,6,5,6
1,PNL-025,Perempuan,22,F5,5,6,4,3,4
1,PNL-025,Perempuan,22,F6,3,5,5,4,4
1,PNL-026,Laki-laki,21,F1,5,4,3,6,4
1,PNL-026,Laki-laki,21,F2,5,5,5,4,5
1,PNL-026,Laki-laki,21,F3,3,4,6,4,6
1,PNL-026,Laki-laki,21,F4,5,6,7,5,6
1,PNL-026,Laki-laki,21,F5,3,5,5,3,5
1,PNL-026,Laki-laki,21,F6,3,4,4,4,4
1,PNL-027,Perempuan,23,F1,3,4,4,5,4
1,PNL-027,Perempuan,23,F2,5,6,5,3,4
1,PNL-027,Perempuan,23,F3,2,4,5,6,4
1,PNL-027,Perempuan,23,F4,4,5,6,2,1
1,PNL-027,Perempuan,23,F5,3,4,3,3,4
1,PNL-027,Perempuan,23,F6,1,3,4,2,3
1,PNL-028,Laki-laki,19,F1,5,4,5,5,5
1,PNL-028,Laki-laki,19,F2,5,5,5,5,4
1,PNL-028,Laki-laki,19,F3,5,6,5,4,5
1,PNL-028,Laki-laki,19,F4,3,5,5,4,5
1,PNL-028,Laki-laki,19,F5,3,3,5,4,5
1,PNL-028,Laki-laki,19,F6,4,3,6,3,4
1,PNL-029,Perempuan,20,F1,5,6,7,6,5
1,PNL-029,Perempuan,20,F2,7,6,5,5,5
1,PNL-029,Perempuan,20,F3,6,5,6,6,6
1,PNL-029,Perempuan,20,F4,6,6,6,6,7
1,PNL-029,Perempuan,20,F5,6,6,6,5,6
1,PNL-029,Perempuan,20,F6,5,5,6,5,5
1,PNL-030,Perempuan,23,F1,7,4,5,6,4
1,PNL-030,Perempuan,23,F2,5,6,5,7,5
1,PNL-030,Perempuan,23,F3,5,6,5,5,7
1,PNL-030,Perempuan,23,F4,6,5,4,5,5
1,PNL-030,Perempuan,23,F5,6,5,4,6,4
1,PNL-030,Perempuan,23,F6,5,5,5,6,4
1,PNL-031,Laki-laki,22,F1,5,4,6,6,4
1,PNL-031,Laki-laki,22,F2,5,3,3,6,5
1,PNL-031,Laki-laki,22,F3,6,5,4,6,5
1,PNL-031,Laki-laki,22,F4,3,6,5,5,5
1,PNL-031,Laki-laki,22,F5,5,4,4,3,5
1,PNL-031,Laki-laki,22,F6,4,5,6,4,6
1,PNL-032,Perempuan,20,F1,4,6,5,4,5
1,PNL-032,Perempuan,20,F2,6,3,6,4,7
1,PNL-032,Perempuan,20,F3,5,5,6,4,4
1,PNL-032,Perempuan,20,F4,4,5,6,3,5
1,PNL-032,Perempuan,20,F5,4,5,4,5,4
1,PNL-032,Perempuan,20,F6,4,5,4,3,3
1,PNL-033,Perempuan,21,F1,5,5,5,6,5
1,PNL-033,Perempuan,21,F2,4,6,4,5,4
1,PNL-033,Perempuan,21,F3,5,6,6,6,7
1,PNL-033,Perempuan,21,F4,5,3,6,4,5
1,PNL-033,Perempuan,21,F5,4,5,5,3,7
1,PNL-033,Perempuan,21,F6,4,4,4,3,4
1,PNL-034,Perempuan,21,F1,5,6,4,5,4
1,PNL-034,Perempuan,21,F2,6,5,5,4,3
1,PNL-034,Perempuan,21,F3,5,5,6,5,6
1,PNL-034,Perempuan,21,F4,6,5,5,5,4
1,PNL-034,Perempuan,21,F5,5,5,5,5,5
1,PNL-034,Perempuan,21,F6,3,3,3,3,4
1,PNL-035,Laki-laki,18,F1,6,4,4,6,5
1,PNL-035,Laki-laki,18,F2,6,4,5,4,3
1,PNL-035,Laki-laki,18,F3,6,7,6,5,5
1,PNL-035,Laki-laki,18,F4,4,4,6,4,7
1,PNL-035,Laki-laki,18,F5,4,3,5,3,4
1,PNL-035,Laki-laki,18,F6,3,5,4,3,3
1,PNL-036,Laki-laki,22,F1,5,5,4,3,3
1,PNL-036,Laki-laki,22,F2,5,3,5,6,5
1,PNL-036,Laki-laki,22,F3,4,2,5,3,5
1,PNL-036,Laki-laki,22,F4,5,5,5,6,4
1,PNL-036,Laki-laki,22,F5,3,4,5,4,4
1,PNL-036,Laki-laki,22,F6,4,5,4,4,3
1,PNL-037,Laki-laki,21,F1,7,4,4,6,6
1,PNL-037,Laki-laki,21,F2,6,4,5,7,5
1,PNL-037,Laki-laki,21,F3,5,6,7,4,4
1,PNL-037,Laki-laki,21,F4,5,6,5,4,6
1,PNL-037,Laki-laki,21,F5,7,6,7,4,5
1,PNL-037,Laki-laki,21,F6,4,5,5,4,5
1,PNL-038,Laki-laki,23,F1,3,5,5,4,6
1,PNL-038,Laki-laki,23,F2,5,4,6,6,5
1,PNL-038,Laki-laki,23,F3,5,6,5,4,5
1,PNL-038,Laki-laki,23,F4,6,6,4,4,5
1,PNL-038,Laki-laki,23,F5,5,3,3,5,3
1,PNL-038,Laki-laki,23,F6,3,5,4,2,3
1,PNL-039,Laki-laki,20,F1,7,6,7,5,6
1,PNL-039,Laki-laki,20,F2,6,5,7,7,5
1,PNL-039,Laki-laki,20,F3,7,7,6,6,6
1,PNL-039,Laki-laki,20,F4,6,7,7,7,6
1,PNL-039,Laki-laki,20,F5,6,6,7,5,7
1,PNL-039,Laki-laki,20,F6,3,6,6,6,5
1,PNL-040,Laki-laki,19,F1,6,6,5,6,6
1,PNL-040,Laki-laki,19,F2,4,5,6,5,5
1,PNL-040,Laki-laki,19,F3,6,6,5,5,4
1,PNL-040,Laki-laki,19,F4,4,4,4,6,5
1,PNL-040,Laki-laki,19,F5,6,6,5,5,6
1,PNL-040,Laki-laki,19,F6,5,5,4,3,4
1,PNL-041,Laki-laki,22,F1,7,5,5,6,6
1,PNL-041,Laki-laki,22,F2,5,6,5,7,6
1,PNL-041,Laki-laki,22,F3,7,6,6,6,7
1,PNL-041,Laki-laki,22,F4,6,7,6,3,6
1,PNL-041,Laki-laki,22,F5,5,6,6,5,6
1,PNL-041,Laki-laki,22,F6,4,5,6,3,3
1,PNL-042,Perempuan,23,F1,5,4,4,4,3
1,PNL-042,Perempuan,23,F2,4,5,4,4,5
1,PNL-042,Perempuan,23,F3,5,5,6,5,5
1,PNL-042,Perempuan,23,F4,5,5,4,4,5
1,PNL-042,Perempuan,23,F5,3,3,3,5,4
1,PNL-042,Perempuan,23,F6,3,5,3,3,4
1,PNL-043,Perempuan,18,F1,5,4,3,5,3
1,PNL-043,Perempuan,18,F2,5,6,5,4,5
1,PNL-043,Perempuan,18,F3,5,5,5,3,5
1,PNL-043,Perempuan,18,F4,1,4,4,3,3
1,PNL-043,Perempuan,18,F5,3,4,4,2,3
1,PNL-043,Perempuan,18,F6,2,3,5,3,4
1,PNL-044,Laki-laki,23,F1,6,4,6,7,5
1,PNL-044,Laki-laki,23,F2,5,4,6,4,6
1,PNL-044,Laki-laki,23,F3,6,4,7,7,5
1,PNL-044,Laki-laki,23,F4,5,7,6,4,4
1,PNL-044,Laki-laki,23,F5,5,6,5,5,7
1,PNL-044,Laki-laki,23,F6,5,5,5,4,5
1,PNL-045,Perempuan,20,F1,7,3,5,5,6
1,PNL-045,Perempuan,20,F2,6,5,6,6,5
1,PNL-045,Perempuan,20,F3,5,7,5,5,7
1,PNL-045,Perempuan,20,F4,6,5,7,5,6
1,PNL-045,Perempuan,20,F5,4,6,6,4,6
1,PNL-045,Perempuan,20,F6,4,4,5,4,5
1,PNL-046,Laki-laki,22,F1,7,6,5,7,4
1,PNL-046,Laki-laki,22,F2,6,5,4,5,4
1,PNL-046,Laki-laki,22,F3,6,6,7,6,6
1,PNL-046,Laki-laki,22,F4,6,6,5,4,7
1,PNL-046,Laki-laki,22,F5,5,5,5,4,5
1,PNL-046,Laki-laki,22,F6,4,4,4,4,4
1,PNL-047,Laki-laki,21,F1,5,3,4,5,5
1,PNL-047,Laki-laki,21,F2,4,5,4,5,4
1,PNL-047,Laki-laki,21,F3,4,6,5,6,5
1,PNL-047,Laki-laki,21,F4,4,5,4,4,4
1,PNL-047,Laki-laki,21,F5,5,4,4,3,6
1,PNL-047,Laki-laki,21,F6,1,5,3,3,1
1,PNL-048,Perempuan,21,F1,6,3,3,5,6
1,PNL-048,Perempuan,21,F2,4,5,5,5,6
1,PNL-048,Perempuan,21,F3,5,4,5,4,5
1,PNL-048,Perempuan,21,F4,5,4,5,4,4
1,PNL-048,Perempuan,21,F5,5,5,6,3,4
1,PNL-048,Perempuan,21,F6,3,5,5,4,3
1,PNL-049,Laki-laki,23,F1,7,3,5,6,5
1,PNL-049,Laki-laki,23,F2,5,5,6,4,5
1,PNL-049,Laki-laki,23,F3,5,4,5,5,6
1,PNL-049,Laki-laki,23,F4,6,6,4,4,5
1,PNL-049,Laki-laki,23,F5,3,6,7,4,3
1,PNL-049,Laki-laki,23,F6,3,6,4,2,5
1,PNL-050,Perempuan,18,F1,3,5,5,5,5
1,PNL-050,Perempuan,18,F2,5,5,5,5,4
1,PNL-050,Perempuan,18,F3,4,4,5,4,4
1,PNL-050,Perempuan,18,F4,3,4,5,5,5
1,PNL-050,Perempuan,18,F5,4,5,5,3,5
1,PNL-050,Perempuan,18,F6,5,4,4,3,4
1,PNL-051,Perempuan,21,F1,4,5,5,6,5
1,PNL-051,Perempuan,21,F2,5,4,5,6,7
1,PNL-051,Perempuan,21,F3,6,6,5,6,6
1,PNL-051,Perempuan,21,F4,5,6,6,5,5
1,PNL-051,Perempuan,21,F5,6,4,4,4,4
1,PNL-051,Perempuan,21,F6,4,5,5,3,4
1,PNL-052,Perempuan,19,F1,7,5,5,6,5
1,PNL-052,Perempuan,19,F2,5,7,6,5,5
1,PNL-052,Perempuan,19,F3,6,6,7,6,6
1,PNL-052,Perempuan,19,F4,6,5,6,6,7
1,PNL-052,Perempuan,19,F5,5,6,5,4,5
1,PNL-052,Perempuan,19,F6,5,5,6,5,5
1,PNL-053,Laki-laki,20,F1,5,4,5,4,5
1,PNL-053,Laki-laki,20,F2,5,5,5,5,7
1,PNL-053,Laki-laki,20,F3,4,7,5,5,7
1,PNL-053,Laki-laki,20,F4,5,5,5,5,6
1,PNL-053,Laki-laki,20,F5,4,3,5,3,4
1,PNL-053,Laki-laki,20,F6,4,5,4,3,5
1,PNL-054,Perempuan,20,F1,4,6,6,6,6
1,PNL-054,Perempuan,20,F2,7,5,6,5,5
1,PNL-054,Perempuan,20,F3,6,6,7,4,7
1,PNL-054,Perempuan,20,F4,6,5,7,6,6
1,PNL-054,Perempuan,20,F5,6,6,4,4,6
1,PNL-054,Perempuan,20,F6,5,4,7,4,4
1,PNL-055,Perempuan,20,F1,7,5,4,6,5
1,PNL-055,Perempuan,20,F2,5,5,5,5,6
1,PNL-055,Perempuan,20,F3,5,6,6,5,5
1,PNL-055,Perempuan,20,F4,5,4,4,5,5
1,PNL-055,Perempuan,20,F5,4,4,3,4,4
1,PNL-055,Perempuan,20,F6,3,4,5,2,4
1,PNL-056,Laki-laki,23,F1,6,5,5,5,4
1,PNL-056,Laki-laki,23,F2,6,6,5,5,5
1,PNL-056,Laki-laki,23,F3,3,6,7,4,6
1,PNL-056,Laki-laki,23,F4,4,6,4,4,4
1,PNL-056,Laki-laki,23,F5,3,5,5,4,4
1,PNL-056,Laki-laki,23,F6,4,5,5,4,5
1,PNL-057,Perempuan,21,F1,6,5,3,6,5
1,PNL-057,Perempuan,21,F2,6,5,6,6,5
1,PNL-057,Perempuan,21,F3,4,5,7,5,6
1,PNL-057,Perempuan,21,F4,5,4,5,2,5
1,PNL-057,Perempuan,21,F5,5,4,4,2,6
1,PNL-057,Perempuan,21,F6,4,4,4,3,4
1,PNL-058,Perempuan,20,F1,5,5,5,5,5
1,PNL-058,Perempuan,20,F2,5,3,5,5,6
1,PNL-058,Perempuan,20,F3,4,6,6,4,6
1,PNL-058,Perempuan,20,F4,7,6,6,4,4
1,PNL-058,Perempuan,20,F5,4,3,4,4,4
1,PNL-058,Perempuan,20,F6,3,5,6,3,4
1,PNL-059,Perempuan,23,F1,5,5,4,6,5
1,PNL-059,Perempuan,23,F2,4,5,5,6,7
1,PNL-059,Perempuan,23,F3,6,5,6,6,7
1,PNL-059,Perempuan,23,F4,6,7,6,7,5
1,PNL-059,Perempuan,23,F5,4,6,6,5,6
1,PNL-059,Perempuan,23,F6,5,6,4,6,5
1,PNL-060,Laki-laki,21,F1,7,6,5,6,4
1,PNL-060,Laki-laki,21,F2,6,5,5,5,4
1,PNL-060,Laki-laki,21,F3,4,6,4,5,7
1,PNL-060,Laki-laki,21,F4,3,5,5,4,6
1,PNL-060,Laki-laki,21,F5,3,5,6,3,4
1,PNL-060,Laki-laki,21,F6,2,5,4,4,3
1,PNL-061,Perempuan,21,F1,5,5,4,6,5
1,PNL-061,Perempuan,21,F2,6,5,5,4,5
1,PNL-061,Perempuan,21,F3,7,5,5,3,5
1,PNL-061,Perempuan,21,F4,4,6,6,5,5
1,PNL-061,Perempuan,21,F5,5,4,5,4,4
1,PNL-061,Perempuan,21,F6,4,5,3,4,3
1,PNL-062,Perempuan,22,F1,6,6,5,5,5
1,PNL-062,Perempuan,22,F2,4,5,7,5,5
1,PNL-062,Perempuan,22,F3,6,6,7,6,5
1,PNL-062,Perempuan,22,F4,4,5,5,5,7
1,PNL-062,Perempuan,22,F5,4,5,4,4,5
1,PNL-062,Perempuan,22,F6,4,5,5,2,5
1,PNL-063,Laki-laki,23,F1,7,3,3,4,3
1,PNL-063,Laki-laki,23,F2,5,5,6,6,5
1,PNL-063,Laki-laki,23,F3,5,6,5,6,5
1,PNL-063,Laki-laki,23,F4,5,4,7,5,5
1,PNL-063,Laki-laki,23,F5,5,6,6,5,6
1,PNL-063,Laki-laki,23,F6,5,5,3,4,5
1,PNL-064,Laki-laki,21,F1,5,5,5,5,4
1,PNL-064,Laki-laki,21,F2,6,4,6,6,5
1,PNL-064,Laki-laki,21,F3,4,5,6,5,4
1,PNL-064,Laki-laki,21,F4,3,7,6,5,5
1,PNL-064,Laki-laki,21,F5,4,5,5,5,4
1,PNL-064,Laki-laki,21,F6,4,4,5,4,3
1,PNL-065,Perempuan,22,F1,5,4,4,5,6
1,PNL-065,Perempuan,22,F2,6,4,6,4,5
1,PNL-065,Perempuan,22,F3,5,6,6,4,5
1,PNL-065,Perempuan,22,F4,4,6,4,5,4
1,PNL-065,Perempuan,22,F5,5,4,5,4,4
1,PNL-065,Perempuan,22,F6,4,5,4,4,4
1,PNL-066,Laki-laki,20,F1,6,5,6,5,5
1,PNL-066,Laki-laki,20,F2,6,5,4,6,6
1,PNL-066,Laki-laki,20,F3,4,4,6,6,7
1,PNL-066,Laki-laki,20,F4,5,5,7,4,6
1,PNL-066,Laki-laki,20,F5,4,5,5,4,4
1,PNL-066,Laki-laki,20,F6,6,5,3,4,5
1,PNL-067,Perempuan,22,F1,6,5,5,7,5
1,PNL-067,Perempuan,22,F2,6,5,6,6,5
1,PNL-067,Perempuan,22,F3,7,6,7,6,6
1,PNL-067,Perempuan,22,F4,6,5,5,6,6
1,PNL-067,Perempuan,22,F5,5,5,6,3,6
1,PNL-067,Perempuan,22,F6,4,4,4,3,4
1,PNL-068,Laki-laki,18,F1,5,5,4,4,5
1,PNL-068,Laki-laki,18,F2,6,6,5,4,4
1,PNL-068,Laki-laki,18,F3,3,4,6,4,5
1,PNL-068,Laki-laki,18,F4,5,6,5,4,3
1,PNL-068,Laki-laki,18,F5,3,5,5,5,3
1,PNL-068,Laki-laki,18,F6,3,3,4,3,4
1,PNL-069,Laki-laki,23,F1,5,6,4,6,5
1,PNL-069,Laki-laki,23,F2,6,5,5,5,5
1,PNL-069,Laki-laki,23,F3,5,4,6,6,6
1,PNL-069,Laki-laki,23,F4,5,7,6,5,5
1,PNL-069,Laki-laki,23,F5,4,5,5,5,5
1,PNL-069,Laki-laki,23,F6,5,5,4,4,3
1,PNL-070,Perempuan,18,F1,7,6,6,5,5
1,PNL-070,Perempuan,18,F2,7,6,6,6,5
1,PNL-070,Perempuan,18,F3,5,5,6,6,7
1,PNL-070,Perempuan,18,F4,5,7,7,5,6
1,PNL-070,Perempuan,18,F5,5,7,4,2,6
1,PNL-070,Perempuan,18,F6,5,4,5,5,5
1,PNL-071,Perempuan,20,F1,5,4,3,7,4
1,PNL-071,Perempuan,20,F2,5,4,4,4,4
1,PNL-071,Perempuan,20,F3,4,4,6,5,4
1,PNL-071,Perempuan,20,F4,4,4,5,4,5
1,PNL-071,Perempuan,20,F5,4,5,5,3,5
1,PNL-071,Perempuan,20,F6,4,2,4,4,2
1,PNL-072,Perempuan,19,F1,6,4,5,6,6
1,PNL-072,Perempuan,19,F2,4,7,4,6,5
1,PNL-072,Perempuan,19,F3,6,6,7,7,7
1,PNL-072,Perempuan,19,F4,4,4,7,4,7
1,PNL-072,Perempuan,19,F5,3,6,6,4,3
1,PNL-072,Perempuan,19,F6,4,5,4,4,4
1,PNL-073,Laki-laki,20,F1,6,5,5,6,5
1,PNL-073,Laki-laki,20,F2,6,6,7,6,7
1,PNL-073,Laki-laki,20,F3,7,4,6,5,6
1,PNL-073,Laki-laki,20,F4,6,7,6,5,5
1,PNL-073,Laki-laki,20,F5,6,4,5,5,4
1,PNL-073,Laki-laki,20,F6,4,5,5,4,4
1,PNL-074,Perempuan,23,F1,7,5,4,6,6
1,PNL-074,Perempuan,23,F2,6,5,6,6,6
1,PNL-074,Perempuan,23,F3,6,5,6,6,6
1,PNL-074,Perempuan,23,F4,6,6,6,5,6
1,PNL-074,Perempuan,23,F5,7,5,5,4,4
1,PNL-074,Perempuan,23,F6,3,6,5,4,4
1,PNL-075,Perempuan,21,F1,4,4,5,6,4
1,PNL-075,Perempuan,21,F2,4,6,5,6,4
1,PNL-075,Perempuan,21,F3,6,6,7,5,5
1,PNL-075,Perempuan,21,F4,5,7,5,6,6
1,PNL-075,Perempuan,21,F5,4,5,4,4,4
1,PNL-075,Perempuan,21,F6,4,5,5,2,5
1,PNL-076,Perempuan,20,F1,6,3,5,7,4
1,PNL-076,Perempuan,20,F2,6,6,5,5,6
1,PNL-076,Perempuan,20,F3,5,4,7,5,5
1,PNL-076,Perempuan,20,F4,6,5,6,5,4
1,PNL-076,Perempuan,20,F5,5,5,3,3,4
1,PNL-076,Perempuan,20,F6,2,5,3,3,5
1,PNL-077,Perempuan,19,F1,2,3,3,4,3
1,PNL-077,Perempuan,19,F2,4,5,4,3,2
1,PNL-077,Perempuan,19,F3,4,4,6,3,4
1,PNL-077,Perempuan,19,F4,5,3,5,3,3
1,PNL-077,Perempuan,19,F5,3,4,5,3,3
1,PNL-077,Perempuan,19,F6,2,3,3,2,3
1,PNL-078,Laki-laki,21,F1,7,3,6,6,6
1,PNL-078,Laki-laki,21,F2,4,5,4,5,5
1,PNL-078,Laki-laki,21,F3,5,5,7,5,5
1,PNL-078,Laki-laki,21,F4,5,6,5,4,5
1,PNL-078,Laki-laki,21,F5,5,5,6,5,5
1,PNL-078,Laki-laki,21,F6,4,6,4,5,5
1,PNL-079,Laki-laki,23,F1,5,4,4,5,7
1,PNL-079,Laki-laki,23,F2,6,6,6,6,5
1,PNL-079,Laki-laki,23,F3,6,7,6,5,6
1,PNL-079,Laki-laki,23,F4,6,6,4,5,7
1,PNL-079,Laki-laki,23,F5,5,5,5,5,4
1,PNL-079,Laki-laki,23,F6,3,4,4,3,6
1,PNL-080,Perempuan,20,F1,6,6,5,6,5
1,PNL-080,Perempuan,20,F2,6,4,5,5,5
1,PNL-080,Perempuan,20,F3,5,5,5,5,6
1,PNL-080,Perempuan,20,F4,5,6,3,4,5
1,PNL-080,Perempuan,20,F5,3,5,4,3,4
1,PNL-080,Perempuan,20,F6,4,5,5,3,3
1,PNL-081,Laki-laki,23,F1,6,5,6,6,7
1,PNL-081,Laki-laki,23,F2,5,5,6,3,6
1,PNL-081,Laki-laki,23,F3,6,5,6,6,7
1,PNL-081,Laki-laki,23,F4,4,7,6,4,5
1,PNL-081,Laki-laki,23,F5,4,6,6,3,4
1,PNL-081,Laki-laki,23,F6,5,5,6,3,5
1,PNL-082,Laki-laki,19,F1,6,6,6,5,5
1,PNL-082,Laki-laki,19,F2,5,6,5,5,5
1,PNL-082,Laki-laki,19,F3,6,6,7,6,6
1,PNL-082,Laki-laki,19,F4,5,6,5,5,6
1,PNL-082,Laki-laki,19,F5,5,6,7,3,6
1,PNL-082,Laki-laki,19,F6,4,5,5,4,3
1,PNL-083,Perempuan,23,F1,4,5,5,5,5
1,PNL-083,Perempuan,23,F2,5,4,4,5,5
1,PNL-083,Perempuan,23,F3,4,5,6,5,6
1,PNL-083,Perempuan,23,F4,6,5,4,5,5
1,PNL-083,Perempuan,23,F5,5,4,7,4,4
1,PNL-083,Perempuan,23,F6,4,4,2,3,5
1,PNL-084,Laki-laki,22,F1,4,4,4,5,5
1,PNL-084,Laki-laki,22,F2,5,5,6,5,5
1,PNL-084,Laki-laki,22,F3,4,4,6,5,5
1,PNL-084,Laki-laki,22,F4,4,5,6,6,3
1,PNL-084,Laki-laki,22,F5,3,5,5,3,5
1,PNL-084,Laki-laki,22,F6,4,6,4,3,5
1,PNL-085,Perempuan,19,F1,4,4,5,6,6
1,PNL-085,Perempuan,19,F2,5,4,5,4,5
1,PNL-085,Perempuan,19,F3,6,5,6,4,6
1,PNL-085,Perempuan,19,F4,5,5,4,4,5
1,PNL-085,Perempuan,19,F5,5,4,5,5,4
1,PNL-085,Perempuan,19,F6,5,4,3,2,3
1,PNL-086,Perempuan,18,F1,6,7,7,6,6
1,PNL-086,Perempuan,18,F2,6,6,7,6,6
1,PNL-086,Perempuan,18,F3,5,7,7,4,7
1,PNL-086,Perempuan,18,F4,6,7,5,6,7
1,PNL-086,Perempuan,18,F5,5,4,5,5,5
1,PNL-086,Perempuan,18,F6,6,5,7,3,4
1,PNL-087,Perempuan,18,F1,6,5,6,5,4
1,PNL-087,Perempuan,18,F2,7,6,4,5,4
1,PNL-087,Perempuan,18,F3,5,5,5,4,6
1,PNL-087,Perempuan,18,F4,3,5,5,4,4
1,PNL-087,Perempuan,18,F5,4,7,5,4,4
1,PNL-087,Perempuan,18,F6,3,6,4,3,5
1,PNL-088,Perempuan,23,F1,5,4,4,5,6
1,PNL-088,Perempuan,23,F2,6,6,5,6,4
1,PNL-088,Perempuan,23,F3,6,4,5,4,5
1,PNL-088,Perempuan,23,F4,4,4,6,5,6
1,PNL-088,Perempuan,23,F5,5,5,4,4,6
1,PNL-088,Perempuan,23,F6,2,6,4,2,4
1,PNL-089,Laki-laki,18,F1,7,6,5,5,6
1,PNL-089,Laki-laki,18,F2,7,5,7,6,6
1,PNL-089,Laki-laki,18,F3,7,5,7,4,6
1,PNL-089,Laki-laki,18,F4,5,6,7,7,7
1,PNL-089,Laki-laki,18,F5,5,3,5,5,4
1,PNL-089,Laki-laki,18,F6,4,4,7,4,4
1,PNL-090,Perempuan,18,F1,5,5,7,6,5
1,PNL-090,Perempuan,18,F2,5,7,5,5,3
1,PNL-090,Perempuan,18,F3,6,5,6,5,5
1,PNL-090,Perempuan,18,F4,4,4,6,6,5
1,PNL-090,Perempuan,18,F5,4,6,7,5,6
1,PNL-090,Perempuan,18,F6,5,4,3,5,6
1,PNL-091,Laki-laki,18,F1,4,4,5,5,3
1,PNL-091,Laki-laki,18,F2,4,3,5,4,4
1,PNL-091,Laki-laki,18,F3,3,5,3,4,4
1,PNL-091,Laki-laki,18,F4,4,4,5,2,6
1,PNL-091,Laki-laki,18,F5,4,4,4,3,4
1,PNL-091,Laki-laki,18,F6,1,4,3,2,3
1,PNL-092,Perempuan,18,F1,5,5,3,6,4
1,PNL-092,Perempuan,18,F2,6,6,5,6,6
1,PNL-092,Perempuan,18,F3,5,5,5,6,6
1,PNL-092,Perempuan,18,F4,6,5,5,5,5
1,PNL-092,Perempuan,18,F5,5,6,5,5,5
1,PNL-092,Perempuan,18,F6,4,4,3,3,3
1,PNL-093,Perempuan,23,F1,5,5,6,5,4
1,PNL-093,Perempuan,23,F2,6,5,6,6,5
1,PNL-093,Perempuan,23,F3,6,5,6,4,7
1,PNL-093,Perempuan,23,F4,5,5,4,4,4
1,PNL-093,Perempuan,23,F5,4,6,5,5,4
1,PNL-093,Perempuan,23,F6,3,5,4,3,2
1,PNL-094,Perempuan,20,F1,5,5,4,6,4
1,PNL-094,Perempuan,20,F2,5,5,6,5,4
1,PNL-094,Perempuan,20,F3,5,6,5,5,5
1,PNL-094,Perempuan,20,F4,6,5,5,4,5
1,PNL-094,Perempuan,20,F5,4,6,4,4,4
1,PNL-094,Perempuan,20,F6,5,6,3,3,4
1,PNL-095,Laki-laki,19,F1,5,4,5,6,6
1,PNL-095,Laki-laki,19,F2,5,6,6,4,4
1,PNL-095,Laki-laki,19,F3,4,6,5,6,6
1,PNL-095,Laki-laki,19,F4,3,5,6,3,3
1,PNL-095,Laki-laki,19,F5,4,6,5,4,5
1,PNL-095,Laki-laki,19,F6,5,5,3,3,4
1,PNL-096,Laki-laki,21,F1,5,6,3,6,6
1,PNL-096,Laki-laki,21,F2,5,7,6,5,6
1,PNL-096,Laki-laki,21,F3,6,6,5,5,6
1,PNL-096,Laki-laki,21,F4,4,6,4,4,5
1,PNL-096,Laki-laki,21,F5,6,5,6,4,4
1,PNL-096,Laki-laki,21,F6,3,3,3,4,3
1,PNL-097,Laki-laki,19,F1,5,5,3,6,6
1,PNL-097,Laki-laki,19,F2,3,5,5,7,6
1,PNL-097,Laki-laki,19,F3,7,6,5,6,7
1,PNL-097,Laki-laki,19,F4,5,4,5,4,5
1,PNL-097,Laki-laki,19,F5,5,5,5,4,4
1,PNL-097,Laki-laki,19,F6,4,5,5,3,5
1,PNL-098,Perempuan,19,F1,5,5,5,5,3
1,PNL-098,Perempuan,19,F2,5,5,5,5,4
1,PNL-098,Perempuan,19,F3,5,4,5,4,4
1,PNL-098,Perempuan,19,F4,4,5,4,6,5
1,PNL-098,Perempuan,19,F5,4,4,5,2,5
1,PNL-098,Perempuan,19,F6,4,3,2,3,3
1,PNL-099,Perempuan,22,F1,6,5,5,6,6
1,PNL-099,Perempuan,22,F2,5,5,5,4,5
1,PNL-099,Perempuan,22,F3,6,6,6,5,6
1,PNL-099,Perempuan,22,F4,5,4,5,3,5
1,PNL-099,Perempuan,22,F5,3,5,5,4,5
1,PNL-099,Perempuan,22,F6,3,4,4,3,3
1,PNL-100,Perempuan,18,F1,6,4,5,6,6
1,PNL-100,Perempuan,18,F2,6,5,6,5,6
1,PNL-100,Perempuan,18,F3,7,5,7,6,7
1,PNL-100,Perempuan,18,F4,4,6,5,6,6
1,PNL-100,Perempuan,18,F5,5,4,6,4,6
1,PNL-100,Perempuan,18,F6,4,3,4,4,5
1,PNL-101,Perempuan,20,F1,5,5,6,6,4
1,PNL-101,Perempuan,20,F2,6,3,6,7,7
1,PNL-101,Perempuan,20,F3,5,6,7,5,5
1,PNL-101,Perempuan,20,F4,6,5,6,5,5
1,PNL-101,Perempuan,20,F5,4,5,6,4,6
1,PNL-101,Perempuan,20,F6,3,6,4,5,7
1,PNL-102,Perempuan,22,F1,6,5,4,5,4
1,PNL-102,Perempuan,22,F2,5,4,6,6,5
1,PNL-102,Perempuan,22,F3,5,4,4,5,3
1,PNL-102,Perempuan,22,F4,4,5,5,3,5
1,PNL-102,Perempuan,22,F5,4,4,4,4,4
1,PNL-102,Perempuan,22,F6,5,5,5,4,5
1,PNL-103,Laki-laki,18,F1,5,6,5,7,3
1,PNL-103,Laki-laki,18,F2,6,6,4,5,6
1,PNL-103,Laki-laki,18,F3,5,7,7,6,7
1,PNL-103,Laki-laki,18,F4,5,6,6,3,5
1,PNL-103,Laki-laki,18,F5,4,5,5,4,5
1,PNL-103,Laki-laki,18,F6,4,5,5,4,5
1,PNL-104,Perempuan,23,F1,6,6,4,5,4
1,PNL-104,Perempuan,23,F2,5,5,4,4,6
1,PNL-104,Perempuan,23,F3,5,5,6,6,5
1,PNL-104,Perempuan,23,F4,4,6,6,5,6
1,PNL-104,Perempuan,23,F5,3,5,5,3,3
1,PNL-104,Perempuan,23,F6,3,4,5,3,3
1,PNL-105,Laki-laki,18,F1,6,5,3,5,4
1,PNL-105,Laki-laki,18,F2,6,4,4,5,3
1,PNL-105,Laki-laki,18,F3,5,3,5,2,5
1,PNL-105,Laki-laki,18,F4,5,6,3,4,4
1,PNL-105,Laki-laki,18,F5,3,5,5,2,4
1,PNL-105,Laki-laki,18,F6,3,4,5,3,4
1,PNL-106,Laki-laki,18,F1,5,5,4,4,5
1,PNL-106,Laki-laki,18,F2,6,6,4,5,4
1,PNL-106,Laki-laki,18,F3,5,6,6,3,5
1,PNL-106,Laki-laki,18,F4,5,6,6,6,5
1,PNL-106,Laki-laki,18,F5,5,5,5,6,5
1,PNL-106,Laki-laki,18,F6,3,5,4,4,4
1,PNL-107,Perempuan,21,F1,5,5,3,6,4
1,PNL-107,Perempuan,21,F2,4,5,4,5,6
1,PNL-107,Perempuan,21,F3,5,4,6,6,6
1,PNL-107,Perempuan,21,F4,5,4,4,5,3
1,PNL-107,Perempuan,21,F5,3,3,3,4,4
1,PNL-107,Perempuan,21,F6,3,5,4,4,6
1,PNL-108,Perempuan,19,F1,3,5,4,4,5
1,PNL-108,Perempuan,19,F2,5,3,5,4,5
1,PNL-108,Perempuan,19,F3,4,6,5,3,4
1,PNL-108,Perempuan,19,F4,4,5,4,3,5
1,PNL-108,Perempuan,19,F5,4,3,4,2,5
1,PNL-108,Perempuan,19,F6,4,2,3,4,3
1,PNL-109,Laki-laki,21,F1,6,7,6,7,5
1,PNL-109,Laki-laki,21,F2,5,4,5,6,6
1,PNL-109,Laki-laki,21,F3,5,6,4,4,6
1,PNL-109,Laki-laki,21,F4,6,6,6,6,7
1,PNL-109,Laki-laki,21,F5,3,5,7,5,4
1,PNL-109,Laki-laki,21,F6,5,4,5,4,3
1,PNL-110,Perempuan,22,F1,7,5,4,7,5
1,PNL-110,Perempuan,22,F2,5,6,6,4,5
1,PNL-110,Perempuan,22,F3,6,6,5,4,5
1,PNL-110,Perempuan,22,F4,5,5,6,4,6
1,PNL-110,Perempuan,22,F5,7,6,5,5,4
1,PNL-110,Perempuan,22,F6,3,7,6,4,4
1,PNL-111,Laki-laki,18,F1,6,5,4,4,6
1,PNL-111,Laki-laki,18,F2,7,7,3,4,4
1,PNL-111,Laki-laki,18,F3,6,6,6,4,6
1,PNL-111,Laki-laki,18,F4,4,4,5,4,6
1,PNL-111,Laki-laki,18,F5,3,5,5,3,6
1,PNL-111,Laki-laki,18,F6,4,4,5,2,5
1,PNL-112,Perempuan,21,F1,5,4,5,5,5
1,PNL-112,Perempuan,21,F2,4,7,5,3,4
1,PNL-112,Perempuan,21,F3,4,4,6,5,5
1,PNL-112,Perempuan,21,F4,5,5,4,4,6
1,PNL-112,Perempuan,21,F5,5,6,4,4,4
1,PNL-112,Perempuan,21,F6,4,3,3,4,4
1,PNL-113,Laki-laki,18,F1,5,4,3,4,5
1,PNL-113,Laki-laki,18,F2,3,3,4,5,3
1,PNL-113,Laki-laki,18,F3,5,4,4,5,6
1,PNL-113,Laki-laki,18,F4,5,3,5,3,4
1,PNL-113,Laki-laki,18,F5,1,4,3,3,4
1,PNL-113,Laki-laki,18,F6,4,3,2,2,2
1,PNL-114,Perempuan,21,F1,6,4,4,5,3
1,PNL-114,Perempuan,21,F2,4,5,6,3,6
1,PNL-114,Perempuan,21,F3,4,7,6,5,5
1,PNL-114,Perempuan,21,F4,4,4,6,5,5
1,PNL-114,Perempuan,21,F5,5,4,5,4,6
1,PNL-114,Perempuan,21,F6,4,4,3,4,4
1,PNL-115,Laki-laki,20,F1,6,6,4,5,6
1,PNL-115,Laki-laki,20,F2,5,5,5,6,5
1,PNL-115,Laki-laki,20,F3,5,5,4,5,6
1,PNL-115,Laki-laki,20,F4,4,5,5,5,4
1,PNL-115,Laki-laki,20,F5,5,6,6,4,5
1,PNL-115,Laki-laki,20,F6,5,5,5,5,4
1,PNL-116,Perempuan,21,F1,5,5,5,6,5
1,PNL-116,Perempuan,21,F2,7,5,5,5,7
1,PNL-116,Perempuan,21,F3,4,5,7,4,6
1,PNL-116,Perempuan,21,F4,4,5,5,5,4
1,PNL-116,Perempuan,21,F5,3,6,6,3,5
1,PNL-116,Perempuan,21,F6,5,5,4,2,5
1,PNL-117,Laki-laki,23,F1,7,4,5,4,6
1,PNL-117,Laki-laki,23,F2,5,5,6,5,6
1,PNL-117,Laki-laki,23,F3,6,7,6,5,6
1,PNL-117,Laki-laki,23,F4,5,5,6,5,6
1,PNL-117,Laki-laki,23,F5,6,6,4,3,5
1,PNL-117,Laki-laki,23,F6,4,3,3,4,4
1,PNL-118,Perempuan,18,F1,5,5,6,5,6
1,PNL-118,Perempuan,18,F2,5,4,6,5,6
1,PNL-118,Perempuan,18,F3,6,5,5,6,7
1,PNL-118,Perempuan,18,F4,5,6,6,5,5
1,PNL-118,Perempuan,18,F5,4,6,4,4,5
1,PNL-118,Perempuan,18,F6,3,6,6,3,4
1,PNL-119,Perempuan,21,F1,6,6,6,6,4
1,PNL-119,Perempuan,21,F2,4,5,5,5,5
1,PNL-119,Perempuan,21,F3,6,5,7,5,5
1,PNL-119,Perempuan,21,F4,4,6,5,6,4
1,PNL-119,Perempuan,21,F5,5,6,6,5,4
1,PNL-119,Perempuan,21,F6,5,4,4,5,4
1,PNL-120,Laki-laki,21,F1,7,5,4,4,5
1,PNL-120,Laki-laki,21,F2,6,6,4,5,6
1,PNL-120,Laki-laki,21,F3,5,5,6,4,5
1,PNL-120,Laki-laki,21,F4,4,6,6,4,5
1,PNL-120,Laki-laki,21,F5,5,5,5,4,5
1,PNL-120,Laki-laki,21,F6,5,4,4,2,4
2,PNL-001,Laki-laki,18,F1,6,6,7,4,5
2,PNL-001,Laki-laki,18,F2,7,6,6,7,4
2,PNL-001,Laki-laki,18,F3,5,5,7,6,4
2,PNL-001,Laki-laki,18,F4,5,5,5,4,5
2,PNL-001,Laki-laki,18,F5,4,7,6,4,5
2,PNL-001,Laki-laki,18,F6,5,4,5,4,5
2,PNL-002,Laki-laki,21,F1,6,6,4,6,6
2,PNL-002,Laki-laki,21,F2,6,6,7,6,7
2,PNL-002,Laki-laki,21,F3,5,6,6,5,6
2,PNL-002,Laki-laki,21,F4,7,7,5,5,7
2,PNL-002,Laki-laki,21,F5,7,7,5,3,6
2,PNL-002,Laki-laki,21,F6,5,6,4,5,5
2,PNL-003,Perempuan,23,F1,6,5,5,6,7
2,PNL-003,Perempuan,23,F2,7,6,7,6,6
2,PNL-003,Perempuan,23,F3,7,6,6,6,7
2,PNL-003,Perempuan,23,F4,6,5,7,4,5
2,PNL-003,Perempuan,23,F5,6,6,5,6,6
2,PNL-003,Perempuan,23,F6,5,6,5,4,5
2,PNL-004,Laki-laki,19,F1,4,4,4,4,3
2,PNL-004,Laki-laki,19,F2,6,4,3,5,5
2,PNL-004,Laki-laki,19,F3,3,5,6,4,4
2,PNL-004,Laki-laki,19,F4,4,6,3,3,4
2,PNL-004,Laki-laki,19,F5,4,6,4,2,5
2,PNL-004,Laki-laki,19,F6,3,2,4,2,3
2,PNL-005,Perempuan,21,F1,4,4,3,6,5
2,PNL-005,Perempuan,21,F2,5,6,6,4,5
2,PNL-005,Perempuan,21,F3,5,5,6,5,6
2,PNL-005,Perempuan,21,F4,5,5,5,4,4
2,PNL-005,Perempuan,21,F5,5,5,5,3,5
2,PNL-005,Perempuan,21,F6,3,4,4,3,4
2,PNL-006,Perempuan,23,F1,5,4,5,7,4
2,PNL-006,Perempuan,23,F2,5,4,5,6,6
2,PNL-006,Perempuan,23,F3,6,5,7,5,5
2,PNL-006,Perempuan,23,F4,6,6,5,4,4
2,PNL-006,Perempuan,23,F5,3,6,5,5,4
2,PNL-006,Perempuan,23,F6,2,5,5,2,3
2,PNL-007,Laki-laki,18,F1,5,5,5,5,6
2,PNL-007,Laki-laki,18,F2,7,6,7,6,7
2,PNL-007,Laki-laki,18,F3,5,5,6,5,6
2,PNL-007,Laki-laki,18,F4,5,5,7,6,6
2,PNL-007,Laki-laki,18,F5,5,5,6,4,5
2,PNL-007,Laki-laki,18,F6,5,6,4,4,5
2,PNL-008,Laki-laki,23,F1,6,5,5,7,5
2,PNL-008,Laki-laki,23,F2,7,6,6,6,6
2,PNL-008,Laki-laki,23,F3,7,6,5,6,6
2,PNL-008,Laki-laki,23,F4,5,7,5,4,5
2,PNL-008,Laki-laki,23,F5,4,6,5,5,4
2,PNL-008,Laki-laki,23,F6,4,6,5,4,5
2,PNL-009,Perempuan,22,F1,5,3,3,6,5
2,PNL-009,Perempuan,22,F2,5,3,4,7,5
2,PNL-009,Perempuan,22,F3,5,6,5,5,5
2,PNL-009,Perempuan,22,F4,3,5,6,4,5
2,PNL-009,Perempuan,22,F5,4,5,4,4,5
2,PNL-009,Perempuan,22,F6,4,4,4,3,3
2,PNL-010,Perempuan,18,F1,6,3,3,5,4
2,PNL-010,Perempuan,18,F2,5,5,4,5,5
2,PNL-010,Perempuan,18,F3,6,6,6,5,6
2,PNL-010,Perempuan,18,F4,5,6,3,5,5
2,PNL-010,Perempuan,18,F5,6,5,4,4,5
2,PNL-010,Perempuan,18,F6,4,4,6,3,5
2,PNL-011,Perempuan,23,F1,5,5,3,4,4
2,PNL-011,Perempuan,23,F2,5,4,5,5,2
2,PNL-011,Perempuan,23,F3,5,6,5,5,6
2,PNL-011,Perempuan,23,F4,4,6,4,3,5
2,PNL-011,Perempuan,23,F5,4,5,6,2,3
2,PNL-011,Perempuan,23,F6,4,5,3,3,3
2,PNL-012,Laki-laki,18,F1,7,5,5,6,5
2,PNL-012,Laki-laki,18,F2,5,6,5,4,5
2,PNL-012,Laki-laki,18,F3,6,6,6,5,5
2,PNL-012,Laki-laki,18,F4,5,5,7,6,6
2,PNL-012,Laki-laki,18,F5,4,4,6,5,5
2,PNL-012,Laki-laki,18,F6,2,4,5,3,4
2,PNL-013,Perempuan,22,F1,6,5,7,6,6
2,PNL-013,Perempuan,22,F2,6,6,6,6,6
2,PNL-013,Perempuan,22,F3,7,6,6,5,7
2,PNL-013,Perempuan,22,F4,6,6,7,6,7
2,PNL-013,Perempuan,22,F5,5,5,6,5,6
2,PNL-013,Perempuan,22,F6,5,5,4,4,5
2,PNL-014,Perempuan,23,F1,5,5,5,5,5
2,PNL-014,Perempuan,23,F2,5,7,5,5,5
2,PNL-014,Perempuan,23,F3,4,5,4,5,6
2,PNL-014,Perempuan,23,F4,4,4,7,4,4
2,PNL-014,Perempuan,23,F5,4,6,5,4,4
2,PNL-014,Perempuan,23,F6,3,4,3,3,4
2,PNL-015,Laki-laki,23,F1,7,5,5,5,6
2,PNL-015,Laki-laki,23,F2,6,3,5,4,4
2,PNL-015,Laki-laki,23,F3,6,5,6,4,5
2,PNL-015,Laki-laki,23,F4,5,4,5,5,5
2,PNL-015,Laki-laki,23,F5,5,5,4,3,5
2,PNL-015,Laki-laki,23,F6,5,5,4,3,3
2,PNL-016,Perempuan,18,F1,6,5,6,6,6
2,PNL-016,Perempuan,18,F2,5,6,5,5,6
2,PNL-016,Perempuan,18,F3,6,6,6,5,6
2,PNL-016,Perempuan,18,F4,5,5,6,3,6
2,PNL-016,Perempuan,18,F5,4,4,4,5,6
2,PNL-016,Perempuan,18,F6,4,5,5,3,3
2,PNL-017,Laki-laki,20,F1,6,5,4,7,5
2,PNL-017,Laki-laki,20,F2,5,6,5,5,7
2,PNL-017,Laki-laki,20,F3,6,5,5,6,6
2,PNL-017,Laki-laki,20,F4,5,6,6,6,7
2,PNL-017,Laki-laki,20,F5,3,7,5,4,3
2,PNL-017,Laki-laki,20,F6,4,4,5,4,5
2,PNL-018,Perempuan,19,F1,6,5,5,5,4
2,PNL-018,Perempuan,19,F2,5,4,6,5,4
2,PNL-018,Perempuan,19,F3,6,6,6,6,7
2,PNL-018,Perempuan,19,F4,4,6,5,4,5
2,PNL-018,Perempuan,19,F5,4,6,6,4,7
2,PNL-018,Perempuan,19,F6,3,4,4,4,3
2,PNL-019,Perempuan,21,F1,5,4,4,5,3
2,PNL-019,Perempuan,21,F2,6,3,4,5,5
2,PNL-019,Perempuan,21,F3,4,6,7,4,5
2,PNL-019,Perempuan,21,F4,6,6,6,3,5
2,PNL-019,Perempuan,21,F5,3,3,2,2,3
2,PNL-019,Perempuan,21,F6,3,5,5,3,4
2,PNL-020,Laki-laki,22,F1,5,2,4,4,5
2,PNL-020,Laki-laki,22,F2,7,6,3,4,4
2,PNL-020,Laki-laki,22,F3,3,5,4,5,5
2,PNL-020,Laki-laki,22,F4,4,3,6,3,4
2,PNL-020,Laki-laki,22,F5,3,4,5,4,5
2,PNL-020,Laki-laki,22,F6,3,2,4,2,4
2,PNL-021,Perempuan,19,F1,5,5,4,6,4
2,PNL-021,Perempuan,19,F2,5,3,7,5,5
2,PNL-021,Perempuan,19,F3,6,5,7,4,3
2,PNL-021,Perempuan,19,F4,5,6,5,5,4
2,PNL-021,Perempuan,19,F5,4,6,6,4,4
2,PNL-021,Perempuan,19,F6,6,4,3,4,4
2,PNL-022,Laki-laki,19,F1,5,5,2,6,4
2,PNL-022,Laki-laki,19,F2,5,4,4,6,5
2,PNL-022,Laki-laki,19,F3,4,5,5,4,5
2,PNL-022,Laki-laki,19,F4,4,5,5,4,4
2,PNL-022,Laki-laki,19,F5,4,4,2,4,3
2,PNL-022,Laki-laki,19,F6,2,5,4,3,3
2,PNL-023,Laki-laki,18,F1,6,6,6,6,6
2,PNL-023,Laki-laki,18,F2,7,7,6,7,5
2,PNL-023,Laki-laki,18,F3,6,7,7,6,6
2,PNL-023,Laki-laki,18,F4,6,7,5,4,5
2,PNL-023,Laki-laki,18,F5,5,5,6,5,6
2,PNL-023,Laki-laki,18,F6,5,5,6,5,5
2,PNL-024,Laki-laki,18,F1,5,3,5,5,4
2,PNL-024,Laki-laki,18,F2,4,5,5,5,5
2,PNL-024,Laki-laki,18,F3,4,4,5,5,6
2,PNL-024,Laki-laki,18,F4,5,4,4,6,4
2,PNL-024,Laki-laki,18,F5,4,4,3,5,4
2,PNL-024,Laki-laki,18,F6,4,3,5,3,4
2,PNL-025,Perempuan,22,F1,5,6,5,5,6
2,PNL-025,Perempuan,22,F2,6,5,4,5,5
2,PNL-025,Perempuan,22,F3,4,5,6,4,5
2,PNL-025,Perempuan,22,F4,4,4,5,5,6
2,PNL-025,Perempuan,22,F5,3,4,6,5,5
2,PNL-025,Perempuan,22,F6,5,5,4,4,5
2,PNL-026,Laki-laki,21,F1,5,5,4,6,5
2,PNL-026,Laki-laki,21,F2,5,5,5,5,6
2,PNL-026,Laki-laki,21,F3,4,5,5,5,7
2,PNL-026,Laki-laki,21,F4,5,5,5,5,5
2,PNL-026,Laki-laki,21,F5,4,6,4,3,4
2,PNL-026,Laki-laki,21,F6,4,6,3,2,6
2,PNL-027,Perempuan,23,F1,5,3,3,5,4
2,PNL-027,Perempuan,23,F2,4,4,3,4,6
2,PNL-027,Perempuan,23,F3,6,4,4,3,4
2,PNL-027,Perempuan,23,F4,3,5,3,4,3
2,PNL-027,Perempuan,23,F5,1,4,3,2,4
2,PNL-027,Perempuan,23,F6,2,3,2,3,4
2,PNL-028,Laki-laki,19,F1,5,3,6,5,6
2,PNL-028,Laki-laki,19,F2,6,6,5,6,6
2,PNL-028,Laki-laki,19,F3,3,6,4,4,6
2,PNL-028,Laki-laki,19,F4,5,7,5,4,5
2,PNL-028,Laki-laki,19,F5,5,3,3,5,5
2,PNL-028,Laki-laki,19,F6,4,6,4,5,2
2,PNL-029,Perempuan,20,F1,5,6,5,6,6
2,PNL-029,Perempuan,20,F2,6,7,6,6,6
2,PNL-029,Perempuan,20,F3,5,7,5,7,7
2,PNL-029,Perempuan,20,F4,7,5,7,5,6
2,PNL-029,Perempuan,20,F5,6,7,5,4,7
2,PNL-029,Perempuan,20,F6,3,5,5,3,6
2,PNL-030,Perempuan,23,F1,5,7,4,5,4
2,PNL-030,Perempuan,23,F2,6,6,6,6,6
2,PNL-030,Perempuan,23,F3,5,5,5,6,7
2,PNL-030,Perempuan,23,F4,4,7,6,3,5
2,PNL-030,Perempuan,23,F5,4,6,4,5,6
2,PNL-030,Perempuan,23,F6,4,5,5,5,4
2,PNL-031,Laki-laki,22,F1,4,5,3,5,5
2,PNL-031,Laki-laki,22,F2,5,4,5,4,6
2,PNL-031,Laki-laki,22,F3,5,4,6,5,6
2,PNL-031,Laki-laki,22,F4,4,5,6,4,6
2,PNL-031,Laki-laki,22,F5,3,4,4,4,5
2,PNL-031,Laki-laki,22,F6,4,3,4,3,4
2,PNL-032,Perempuan,20,F1,5,5,6,6,5
2,PNL-032,Perempuan,20,F2,6,6,4,6,6
2,PNL-032,Perempuan,20,F3,4,5,5,6,6
2,PNL-032,Perempuan,20,F4,5,4,5,3,7
2,PNL-032,Perempuan,20,F5,4,4,5,3,5
2,PNL-032,Perempuan,20,F6,4,4,3,3,4
2,PNL-033,Perempuan,21,F1,7,5,6,6,5
2,PNL-033,Perempuan,21,F2,4,5,6,7,5
2,PNL-033,Perempuan,21,F3,6,6,7,5,6
2,PNL-033,Perempuan,21,F4,4,4,6,6,4
2,PNL-033,Perempuan,21,F5,4,5,5,4,3
2,PNL-033,Perempuan,21,F6,5,6,5,4,5
2,PNL-034,Perempuan,21,F1,5,5,4,6,4
2,PNL-034,Perempuan,21,F2,4,4,5,5,6
2,PNL-034,Perempuan,21,F3,5,4,5,4,6
2,PNL-034,Perempuan,21,F4,5,5,7,3,4
2,PNL-034,Perempuan,21,F5,5,5,3,4,4
2,PNL-034,Perempuan,21,F6,4,3,4,4,4
2,PNL-035,Laki-laki,18,F1,5,4,2,7,4
2,PNL-035,Laki-laki,18,F2,5,6,4,5,5
2,PNL-035,Laki-laki,18,F3,4,4,6,5,5
2,PNL-035,Laki-laki,18,F4,5,6,5,4,4
2,PNL-035,Laki-laki,18,F5,3,5,6,3,4
2,PNL-035,Laki-laki,18,F6,3,3,4,4,4
2,PNL-036,Laki-laki,22,F1,5,4,4,5,4
2,PNL-036,Laki-laki,22,F2,5,5,4,4,4
2,PNL-036,Laki-laki,22,F3,5,5,5,5,4
2,PNL-036,Laki-laki,22,F4,5,6,4,4,5
2,PNL-036,Laki-laki,22,F5,4,5,3,4,4
2,PNL-036,Laki-laki,22,F6,3,6,5,5,3
2,PNL-037,Laki-laki,21,F1,6,6,6,6,6
2,PNL-037,Laki-laki,21,F2,6,5,6,5,5
2,PNL-037,Laki-laki,21,F3,6,6,7,6,6
2,PNL-037,Laki-laki,21,F4,5,7,5,4,4
2,PNL-037,Laki-laki,21,F5,6,6,7,5,6
2,PNL-037,Laki-laki,21,F6,5,4,4,4,4
2,PNL-038,Laki-laki,23,F1,5,4,4,5,5
2,PNL-038,Laki-laki,23,F2,6,4,4,5,5
2,PNL-038,Laki-laki,23,F3,4,6,6,5,5
2,PNL-038,Laki-laki,23,F4,5,6,5,3,5
2,PNL-038,Laki-laki,23,F5,4,5,5,4,2
2,PNL-038,Laki-laki,23,F6,5,4,5,4,3
2,PNL-039,Laki-laki,20,F1,6,6,6,5,7
2,PNL-039,Laki-laki,20,F2,7,6,6,5,5
2,PNL-039,Laki-laki,20,F3,7,6,7,6,7
2,PNL-039,Laki-laki,20,F4,6,5,6,6,6
2,PNL-039,Laki-laki,20,F5,5,4,6,5,6
2,PNL-039,Laki-laki,20,F6,5,6,5,4,5
2,PNL-040,Laki-laki,19,F1,5,6,4,5,6
2,PNL-040,Laki-laki,19,F2,4,5,7,5,5
2,PNL-040,Laki-laki,19,F3,6,5,5,5,6
2,PNL-040,Laki-laki,19,F4,4,5,6,5,6
2,PNL-040,Laki-laki,19,F5,4,5,6,4,5
2,PNL-040,Laki-laki,19,F6,4,6,5,5,4
2,PNL-041,Laki-laki,22,F1,7,5,7,6,6
2,PNL-041,Laki-laki,22,F2,7,6,6,5,7
2,PNL-041,Laki-laki,22,F3,7,6,7,6,6
2,PNL-041,Laki-laki,22,F4,5,7,5,5,5
2,PNL-041,Laki-laki,22,F5,6,5,6,6,6
2,PNL-041,Laki-laki,22,F6,5,5,4,3,5
2,PNL-042,Perempuan,23,F1,5,2,4,4,4
2,PNL-042,Perempuan,23,F2,6,5,4,3,5
2,PNL-042,Perempuan,23,F3,5,6,5,4,5
2,PNL-042,Perempuan,23,F4,4,5,5,3,4
2,PNL-042,Perempuan,23,F5,4,5,4,3,4
2,PNL-042,Perempuan,23,F6,4,3,5,3,3
2,PNL-043,Perempuan,18,F1,4,5,4,4,5
2,PNL-043,Perempuan,18,F2,3,3,3,5,5
2,PNL-043,Perempuan,18,F3,5,3,5,4,5
2,PNL-043,Perempuan,18,F4,2,7,5,3,4
2,PNL-043,Perempuan,18,F5,5,4,4,3,4
2,PNL-043,Perempuan,18,F6,4,4,4,3,3
2,PNL-044,Laki-laki,23,F1,6,6,4,6,4
2,PNL-044,Laki-laki,23,F2,6,7,4,3,6
2,PNL-044,Laki-laki,23,F3,5,6,6,7,5
2,PNL-044,Laki-laki,23,F4,6,5,7,5,6
2,PNL-044,Laki-laki,23,F5,5,4,3,5,3
2,PNL-044,Laki-laki,23,F6,4,4,5,5,5
2,PNL-045,Perempuan,20,F1,7,5,5,4,5
2,PNL-045,Perempuan,20,F2,7,6,5,6,4
2,PNL-045,Perempuan,20,F3,5,6,6,5,5
2,PNL-045,Perempuan,20,F4,6,6,7,7,4
2,PNL-045,Perempuan,20,F5,4,5,5,6,5
2,PNL-045,Perempuan,20,F6,4,6,4,5,5
2,PNL-046,Laki-laki,22,F1,5,5,4,6,7
2,PNL-046,Laki-laki,22,F2,5,4,5,4,7
2,PNL-046,Laki-laki,22,F3,5,5,7,6,7
2,PNL-046,Laki-laki,22,F4,5,5,5,5,6
2,PNL-046,Laki-laki,22,F5,5,6,5,6,5
2,PNL-046,Laki-laki,22,F6,5,4,4,3,5
2,PNL-047,Laki-laki,21,F1,5,3,3,3,4
2,PNL-047,Laki-laki,21,F2,5,4,5,6,4
2,PNL-047,Laki-laki,21,F3,6,6,5,3,6
2,PNL-047,Laki-laki,21,F4,3,5,5,3,4
2,PNL-047,Laki-laki,21,F5,3,4,4,3,4
2,PNL-047,Laki-laki,21,F6,4,4,5,2,4
2,PNL-048,Perempuan,21,F1,6,4,4,6,5
2,PNL-048,Perempuan,21,F2,6,5,5,5,5
2,PNL-048,Perempuan,21,F3,4,6,6,5,5
2,PNL-048,Perempuan,21,F4,5,4,5,5,6
2,PNL-048,Perempuan,21,F5,5,6,4,3,3
2,PNL-048,Perempuan,21,F6,4,2,5,3,4
2,PNL-049,Laki-laki,23,F1,5,6,4,5,6
2,PNL-049,Laki-laki,23,F2,7,5,6,6,5
2,PNL-049,Laki-laki,23,F3,7,5,5,6,7
2,PNL-049,Laki-laki,23,F4,6,6,6,3,4
2,PNL-049,Laki-laki,23,F5,5,5,6,4,5
2,PNL-049,Laki-laki,23,F6,4,5,5,5,3
2,PNL-050,Perempuan,18,F1,4,5,3,5,4
2,PNL-050,Perempuan,18,F2,4,6,6,4,5
2,PNL-050,Perempuan,18,F3,5,6,5,5,4
2,PNL-050,Perempuan,18,F4,4,5,5,5,5
2,PNL-050,Perempuan,18,F5,3,5,6,4,3
2,PNL-050,Perempuan,18,F6,3,4,4,4,3
2,PNL-051,Perempuan,21,F1,6,5,6,6,3
2,PNL-051,Perempuan,21,F2,5,4,4,5,6
2,PNL-051,Perempuan,21,F3,6,5,5,6,7
2,PNL-051,Perempuan,21,F4,6,5,4,6,5
2,PNL-051,Perempuan,21,F5,3,5,6,4,4
2,PNL-051,Perempuan,21,F6,5,5,4,3,4
2,PNL-052,Perempuan,19,F1,5,4,6,6,5
2,PNL-052,Perempuan,19,F2,7,6,4,5,5
2,PNL-052,Perempuan,19,F3,6,5,6,7,6
2,PNL-052,Perempuan,19,F4,5,5,6,6,5
2,PNL-052,Perempuan,19,F5,4,5,6,5,5
2,PNL-052,Perempuan,19,F6,5,5,5,4,5
2,PNL-053,Laki-laki,20,F1,5,4,4,5,5
2,PNL-053,Laki-laki,20,F2,6,5,5,5,6
2,PNL-053,Laki-laki,20,F3,5,5,7,5,5
2,PNL-053,Laki-laki,20,F4,5,5,4,4,6
2,PNL-053,Laki-laki,20,F5,4,4,5,3,6
2,PNL-053,Laki-laki,20,F6,4,4,4,4,4
2,PNL-054,Perempuan,20,F1,6,5,5,6,5
2,PNL-054,Perempuan,20,F2,7,6,6,4,5
2,PNL-054,Perempuan,20,F3,6,6,5,7,5
2,PNL-054,Perempuan,20,F4,4,5,6,6,5
2,PNL-054,Perempuan,20,F5,5,4,6,4,5
2,PNL-054,Perempuan,20,F6,4,3,4,5,6
2,PNL-055,Perempuan,20,F1,5,5,5,6,5
2,PNL-055,Perempuan,20,F2,6,5,5,5,5
2,PNL-055,Perempuan,20,F3,5,5,5,6,6
2,PNL-055,Perempuan,20,F4,3,4,5,4,6
2,PNL-055,Perempuan,20,F5,4,6,2,4,5
2,PNL-055,Perempuan,20,F6,4,6,4,4,6
2,PNL-056,Laki-laki,23,F1,6,5,4,5,5
2,PNL-056,Laki-laki,23,F2,6,4,5,6,6
2,PNL-056,Laki-laki,23,F3,5,5,6,5,6
2,PNL-056,Laki-laki,23,F4,6,6,4,5,4
2,PNL-056,Laki-laki,23,F5,4,5,6,4,4
2,PNL-056,Laki-laki,23,F6,4,5,4,4,4
2,PNL-057,Perempuan,21,F1,6,5,4,4,6
2,PNL-057,Perempuan,21,F2,5,5,5,5,6
2,PNL-057,Perempuan,21,F3,5,6,5,7,6
2,PNL-057,Perempuan,21,F4,6,6,6,5,5
2,PNL-057,Perempuan,21,F5,6,4,5,4,5
2,PNL-057,Perempuan,21,F6,5,4,5,3,3
2,PNL-058,Perempuan,20,F1,5,4,5,7,5
2,PNL-058,Perempuan,20,F2,6,4,5,5,5
2,PNL-058,Perempuan,20,F3,4,5,4,6,6
2,PNL-058,Perempuan,20,F4,3,6,6,3,4
2,PNL-058,Perempuan,20,F5,4,5,6,3,4
2,PNL-058,Perempuan,20,F6,3,6,4,3,3
2,PNL-059,Perempuan,23,F1,7,6,5,5,6
2,PNL-059,Perempuan,23,F2,6,5,7,7,7
2,PNL-059,Perempuan,23,F3,6,7,6,7,5
2,PNL-059,Perempuan,23,F4,6,6,6,6,6
2,PNL-059,Perempuan,23,F5,3,5,5,4,6
2,PNL-059,Perempuan,23,F6,5,6,5,3,6
2,PNL-060,Laki-laki,21,F1,7,5,5,5,5
2,PNL-060,Laki-laki,21,F2,5,4,5,5,6
2,PNL-060,Laki-laki,21,F3,4,4,5,5,6
2,PNL-060,Laki-laki,21,F4,5,6,6,5,5
2,PNL-060,Laki-laki,21,F5,5,5,6,4,6
2,PNL-060,Laki-laki,21,F6,4,4,5,4,4
2,PNL-061,Perempuan,21,F1,6,4,5,4,5
2,PNL-061,Perempuan,21,F2,4,5,5,5,5
2,PNL-061,Perempuan,21,F3,4,5,5,5,5
2,PNL-061,Perempuan,21,F4,5,4,5,4,7
2,PNL-061,Perempuan,21,F5,5,6,4,3,4
2,PNL-061,Perempuan,21,F6,5,5,5,3,4
2,PNL-062,Perempuan,22,F1,6,5,6,6,5
2,PNL-062,Perempuan,22,F2,7,6,7,7,5
2,PNL-062,Perempuan,22,F3,6,6,7,5,6
2,PNL-062,Perempuan,22,F4,4,5,5,5,6
2,PNL-062,Perempuan,22,F5,5,4,6,5,6
2,PNL-062,Perempuan,22,F6,5,4,4,5,5
2,PNL-063,Laki-laki,23,F1,5,6,6,5,5
2,PNL-063,Laki-laki,23,F2,5,6,7,6,5
2,PNL-063,Laki-laki,23,F3,5,4,6,5,4
2,PNL-063,Laki-laki,23,F4,3,6,5,3,6
2,PNL-063,Laki-laki,23,F5,6,6,5,4,4
2,PNL-063,Laki-laki,23,F6,4,4,5,4,5
2,PNL-064,Laki-laki,21,F1,6,6,3,5,5
2,PNL-064,Laki-laki,21,F2,5,5,4,5,4
2,PNL-064,Laki-laki,21,F3,5,6,5,6,5
2,PNL-064,Laki-laki,21,F4,5,5,5,5,6
2,PNL-064,Laki-laki,21,F5,4,6,5,3,4
2,PNL-064,Laki-laki,21,F6,4,6,5,3,4
2,PNL-065,Perempuan,22,F1,5,5,4,4,5
2,PNL-065,Perempuan,22,F2,6,4,5,5,6
2,PNL-065,Perempuan,22,F3,6,6,5,5,6
2,PNL-065,Perempuan,22,F4,6,6,6,5,4
2,PNL-065,Perempuan,22,F5,2,5,4,4,5
2,PNL-065,Perempuan,22,F6,4,5,3,6,5
2,PNL-066,Laki-laki,20,F1,6,5,5,6,3
2,PNL-066,Laki-laki,20,F2,5,5,7,5,7
2,PNL-066,Laki-laki,20,F3,4,7,4,7,7
2,PNL-066,Laki-laki,20,F4,3,5,6,5,6
2,PNL-066,Laki-laki,20,F5,5,6,5,3,4
2,PNL-066,Laki-laki,20,F6,6,4,3,5,4
2,PNL-067,Perempuan,22,F1,5,4,6,6,5
2,PNL-067,Perempuan,22,F2,5,5,5,5,4
2,PNL-067,Perempuan,22,F3,5,3,6,5,5
2,PNL-067,Perempuan,22,F4,6,6,6,4,6
2,PNL-067,Perempuan,22,F5,3,6,4,4,5
2,PNL-067,Perempuan,22,F6,2,4,4,4,5
2,PNL-068,Laki-laki,18,F1,5,5,3,4,4
2,PNL-068,Laki-laki,18,F2,4,7,4,5,3
2,PNL-068,Laki-laki,18,F3,5,5,5,3,5
2,PNL-068,Laki-laki,18,F4,4,6,5,5,5
2,PNL-068,Laki-laki,18,F5,5,5,5,4,5
2,PNL-068,Laki-laki,18,F6,4,3,4,3,4
2,PNL-069,Laki-laki,23,F1,5,6,5,5,4
2,PNL-069,Laki-laki,23,F2,6,4,6,5,7
2,PNL-069,Laki-laki,23,F3,5,5,5,6,7
2,PNL-069,Laki-laki,23,F4,5,5,5,5,7
2,PNL-069,Laki-laki,23,F5,3,7,4,5,4
2,PNL-069,Laki-laki,23,F6,5,4,4,4,4
2,PNL-070,Perempuan,18,F1,6,6,6,6,6
2,PNL-070,Perempuan,18,F2,6,6,6,6,6
2,PNL-070,Perempuan,18,F3,5,6,7,6,5
2,PNL-070,Perempuan,18,F4,7,6,7,5,6
2,PNL-070,Perempuan,18,F5,5,5,5,6,4
2,PNL-070,Perempuan,18,F6,5,6,4,5,7
2,PNL-071,Perempuan,20,F1,6,5,5,5,5
2,PNL-071,Perempuan,20,F2,5,4,4,6,5
2,PNL-071,Perempuan,20,F3,5,6,4,4,5
2,PNL-071,Perempuan,20,F4,5,3,5,5,4
2,PNL-071,Perempuan,20,F5,3,4,4,3,5
2,PNL-071,Perempuan,20,F6,3,3,4,2,2
2,PNL-072,Perempuan,19,F1,5,7,5,5,3
2,PNL-072,Perempuan,19,F2,7,5,5,6,6
2,PNL-072,Perempuan,19,F3,7,6,5,5,6
2,PNL-072,Perempuan,19,F4,4,7,5,3,5
2,PNL-072,Perempuan,19,F5,5,5,6,5,4
2,PNL-072,Perempuan,19,F6,5,5,5,4,4
2,PNL-073,Laki-laki,20,F1,6,6,5,5,5
2,PNL-073,Laki-laki,20,F2,7,5,5,5,6
2,PNL-073,Laki-laki,20,F3,4,6,6,5,5
2,PNL-073,Laki-laki,20,F4,6,6,5,5,6
2,PNL-073,Laki-laki,20,F5,6,5,6,6,3
2,PNL-073,Laki-laki,20,F6,5,5,5,5,4
2,PNL-074,Perempuan,23,F1,6,5,4,6,5
2,PNL-074,Perempuan,23,F2,5,5,5,5,7
2,PNL-074,Perempuan,23,F3,5,4,5,5,5
2,PNL-074,Perempuan,23,F4,4,5,6,4,5
2,PNL-074,Perempuan,23,F5,3,5,6,5,4
2,PNL-074,Perempuan,23,F6,5,5,6,4,5
2,PNL-075,Perempuan,21,F1,7,5,5,5,6
2,PNL-075,Perempuan,21,F2,7,5,6,6,6
2,PNL-075,Perempuan,21,F3,4,5,6,6,7
2,PNL-075,Perempuan,21,F4,5,6,5,6,5
2,PNL-075,Perempuan,21,F5,4,7,6,4,7
2,PNL-075,Perempuan,21,F6,3,5,5,5,4
2,PNL-076,Perempuan,20,F1,6,5,5,4,5
2,PNL-076,Perempuan,20,F2,5,5,5,4,4
2,PNL-076,Perempuan,20,F3,5,5,5,5,5
2,PNL-076,Perempuan,20,F4,4,5,4,3,5
2,PNL-076,Perempuan,20,F5,3,6,4,4,4
2,PNL-076,Perempuan,20,F6,3,4,4,2,3
2,PNL-077,Perempuan,19,F1,5,4,3,4,4
2,PNL-077,Perempuan,19,F2,6,4,4,4,4
2,PNL-077,Perempuan,19,F3,3,4,4,3,5
2,PNL-077,Perempuan,19,F4,3,4,7,3,4
2,PNL-077,Perempuan,19,F5,3,5,4,3,4
2,PNL-077,Perempuan,19,F6,1,4,4,3,4
2,PNL-078,Laki-laki,21,F1,4,6,5,7,5
2,PNL-078,Laki-laki,21,F2,6,6,7,4,6
2,PNL-078,Laki-laki,21,F3,7,6,6,5,7
2,PNL-078,Laki-laki,21,F4,4,4,4,6,5
2,PNL-078,Laki-laki,21,F5,5,6,4,4,6
2,PNL-078,Laki-laki,21,F6,4,6,4,4,3
2,PNL-079,Laki-laki,23,F1,5,5,5,5,4
2,PNL-079,Laki-laki,23,F2,5,5,7,6,7
2,PNL-079,Laki-laki,23,F3,6,6,6,6,5
2,PNL-079,Laki-laki,23,F4,5,6,6,5,4
2,PNL-079,Laki-laki,23,F5,5,6,6,4,5
2,PNL-079,Laki-laki,23,F6,3,4,4,3,5
2,PNL-080,Perempuan,20,F1,5,5,4,4,4
2,PNL-080,Perempuan,20,F2,4,4,7,5,6
2,PNL-080,Perempuan,20,F3,5,5,4,5,5
2,PNL-080,Perempuan,20,F4,5,6,5,4,5
2,PNL-080,Perempuan,20,F5,5,5,4,3,3
2,PNL-080,Perempuan,20,F6,4,4,5,3,4
2,PNL-081,Laki-laki,23,F1,7,5,5,5,4
2,PNL-081,Laki-laki,23,F2,4,5,6,7,6
2,PNL-081,Laki-laki,23,F3,6,6,5,5,7
2,PNL-081,Laki-laki,23,F4,7,6,4,5,5
2,PNL-081,Laki-laki,23,F5,5,7,7,5,5
2,PNL-081,Laki-laki,23,F6,6,4,6,5,5
2,PNL-082,Laki-laki,19,F1,6,6,6,5,5
2,PNL-082,Laki-laki,19,F2,7,5,4,5,5
2,PNL-082,Laki-laki,19,F3,5,5,5,6,7
2,PNL-082,Laki-laki,19,F4,6,4,5,5,5
2,PNL-082,Laki-laki,19,F5,4,7,7,4,5
2,PNL-082,Laki-laki,19,F6,4,5,5,4,5
2,PNL-083,Perempuan,23,F1,4,4,4,4,5
2,PNL-083,Perempuan,23,F2,5,5,5,5,5
2,PNL-083,Perempuan,23,F3,5,5,5,5,5
2,PNL-083,Perempuan,23,F4,5,5,4,4,4
2,PNL-083,Perempuan,23,F5,5,5,5,4,5
2,PNL-083,Perempuan,23,F6,5,5,4,4,5
2,PNL-084,Laki-laki,22,F1,5,4,5,5,3
2,PNL-084,Laki-laki,22,F2,5,4,5,4,3
2,PNL-084,Laki-laki,22,F3,5,6,6,4,6
2,PNL-084,Laki-laki,22,F4,5,4,4,4,5
2,PNL-084,Laki-laki,22,F5,3,4,5,3,3
2,PNL-084,Laki-laki,22,F6,2,5,4,3,4
2,PNL-085,Perempuan,19,F1,5,5,4,5,5
2,PNL-085,Perempuan,19,F2,7,6,4,6,6
2,PNL-085,Perempuan,19,F3,5,5,6,5,4
2,PNL-085,Perempuan,19,F4,4,6,5,4,4
2,PNL-085,Perempuan,19,F5,4,6,3,3,5
2,PNL-085,Perempuan,19,F6,4,4,4,3,5
2,PNL-086,Perempuan,18,F1,6,6,6,7,6
2,PNL-086,Perempuan,18,F2,6,7,6,5,7
2,PNL-086,Perempuan,18,F3,5,5,6,7,7
2,PNL-086,Perempuan,18,F4,6,7,6,5,6
2,PNL-086,Perempuan,18,F5,5,7,6,4,6
2,PNL-086,Perempuan,18,F6,4,5,6,5,5
2,PNL-087,Perempuan,18,F1,7,6,4,5,6
2,PNL-087,Perempuan,18,F2,5,6,6,6,5
2,PNL-087,Perempuan,18,F3,5,5,6,5,6
2,PNL-087,Perempuan,18,F4,5,6,7,4,6
2,PNL-087,Perempuan,18,F5,5,6,5,6,4
2,PNL-087,Perempuan,18,F6,4,4,4,5,4
2,PNL-088,Perempuan,23,F1,4,5,5,5,6
2,PNL-088,Perempuan,23,F2,4,5,4,7,6
2,PNL-088,Perempuan,23,F3,6,6,6,3,5
2,PNL-088,Perempuan,23,F4,5,5,4,4,5
2,PNL-088,Perempuan,23,F5,4,4,5,4,4
2,PNL-088,Perempuan,23,F6,4,4,4,3,3
2,PNL-089,Laki-laki,18,F1,6,6,6,7,5
2,PNL-089,Laki-laki,18,F2,7,5,7,7,6
2,PNL-089,Laki-laki,18,F3,7,6,7,5,7
2,PNL-089,Laki-laki,18,F4,6,6,7,5,7
2,PNL-089,Laki-laki,18,F5,6,7,5,5,5
2,PNL-089,Laki-laki,18,F6,6,5,6,5,4
2,PNL-090,Perempuan,18,F1,7,5,4,5,5
2,PNL-090,Perempuan,18,F2,5,6,7,6,5
2,PNL-090,Perempuan,18,F3,6,5,6,6,7
2,PNL-090,Perempuan,18,F4,4,5,7,5,7
2,PNL-090,Perempuan,18,F5,4,5,6,5,5
2,PNL-090,Perempuan,18,F6,5,5,4,5,6
2,PNL-091,Laki-laki,18,F1,5,4,3,5,3
2,PNL-091,Laki-laki,18,F2,4,3,4,5,3
2,PNL-091,Laki-laki,18,F3,3,6,5,4,4
2,PNL-091,Laki-laki,18,F4,4,6,5,3,3
2,PNL-091,Laki-laki,18,F5,3,4,5,2,2
2,PNL-091,Laki-laki,18,F6,2,5,4,3,2
2,PNL-092,Perempuan,18,F1,6,3,7,4,5
2,PNL-092,Perempuan,18,F2,5,6,5,5,4
2,PNL-092,Perempuan,18,F3,5,7,6,4,5
2,PNL-092,Perempuan,18,F4,4,4,6,5,6
2,PNL-092,Perempuan,18,F5,5,5,5,4,4
2,PNL-092,Perempuan,18,F6,6,3,5,5,3
2,PNL-093,Perempuan,23,F1,6,5,5,5,6
2,PNL-093,Perempuan,23,F2,5,6,6,7,4
2,PNL-093,Perempuan,23,F3,5,4,7,5,6
2,PNL-093,Perempuan,23,F4,5,5,6,5,5
2,PNL-093,Perempuan,23,F5,5,5,4,5,4
2,PNL-093,Perempuan,23,F6,4,4,6,2,3
2,PNL-094,Perempuan,20,F1,6,5,4,5,6
2,PNL-094,Perempuan,20,F2,6,6,3,6,5
2,PNL-094,Perempuan,20,F3,6,6,5,5,7
2,PNL-094,Perempuan,20,F4,5,6,6,4,6
2,PNL-094,Perempuan,20,F5,5,4,5,5,4
2,PNL-094,Perempuan,20,F6,4,4,5,4,4
2,PNL-095,Laki-laki,19,F1,6,6,6,4,5
2,PNL-095,Laki-laki,19,F2,4,6,4,5,5
2,PNL-095,Laki-laki,19,F3,5,5,7,4,5
2,PNL-095,Laki-laki,19,F4,5,5,6,4,5
2,PNL-095,Laki-laki,19,F5,4,4,4,4,5
2,PNL-095,Laki-laki,19,F6,3,6,3,6,4
2,PNL-096,Laki-laki,21,F1,5,6,6,7,5
2,PNL-096,Laki-laki,21,F2,5,5,6,5,5
2,PNL-096,Laki-laki,21,F3,6,4,5,5,6
2,PNL-096,Laki-laki,21,F4,4,6,5,6,5
2,PNL-096,Laki-laki,21,F5,6,5,6,6,5
2,PNL-096,Laki-laki,21,F6,5,7,5,5,5
2,PNL-097,Laki-laki,19,F1,6,5,5,6,6
2,PNL-097,Laki-laki,19,F2,6,4,4,5,4
2,PNL-097,Laki-laki,19,F3,6,5,6,6,5
2,PNL-097,Laki-laki,19,F4,4,4,5,7,5
2,PNL-097,Laki-laki,19,F5,4,7,5,4,4
2,PNL-097,Laki-laki,19,F6,4,4,4,3,5
2,PNL-098,Perempuan,19,F1,5,5,6,5,5
2,PNL-098,Perempuan,19,F2,5,4,5,4,4
2,PNL-098,Perempuan,19,F3,5,5,6,5,3
2,PNL-098,Perempuan,19,F4,4,5,5,5,6
2,PNL-098,Perempuan,19,F5,4,5,4,4,5
2,PNL-098,Perempuan,19,F6,3,4,6,3,3
2,PNL-099,Perempuan,22,F1,6,4,5,6,4
2,PNL-099,Perempuan,22,F2,5,3,5,3,4
2,PNL-099,Perempuan,22,F3,7,5,5,4,7
2,PNL-099,Perempuan,22,F4,3,5,7,5,5
2,PNL-099,Perempuan,22,F5,3,6,7,5,5
2,PNL-099,Perempuan,22,F6,2,4,4,2,4
2,PNL-100,Perempuan,18,F1,5,4,5,5,5
2,PNL-100,Perempuan,18,F2,5,6,5,5,6
2,PNL-100,Perempuan,18,F3,4,6,4,5,6
2,PNL-100,Perempuan,18,F4,5,5,6,4,5
2,PNL-100,Perempuan,18,F5,5,6,3,4,6
2,PNL-100,Perempuan,18,F6,3,5,4,3,3
2,PNL-101,Perempuan,20,F1,6,5,5,5,6
2,PNL-101,Perempuan,20,F2,7,6,6,7,6
2,PNL-101,Perempuan,20,F3,7,7,7,6,7
2,PNL-101,Perempuan,20,F4,5,6,7,6,6
2,PNL-101,Perempuan,20,F5,6,5,6,5,7
2,PNL-101,Perempuan,20,F6,4,6,3,5,4
2,PNL-102,Perempuan,22,F1,6,5,4,5,5
2,PNL-102,Perempuan,22,F2,4,6,7,4,5
2,PNL-102,Perempuan,22,F3,6,6,5,5,4
2,PNL-102,Perempuan,22,F4,6,6,6,5,5
2,PNL-102,Perempuan,22,F5,3,5,7,3,3
2,PNL-102,Perempuan,22,F6,3,6,4,2,4
2,PNL-103,Laki-laki,18,F1,6,4,4,5,4
2,PNL-103,Laki-laki,18,F2,5,6,7,5,5
2,PNL-103,Laki-laki,18,F3,5,5,6,4,7
2,PNL-103,Laki-laki,18,F4,5,7,7,2,4
2,PNL-103,Laki-laki,18,F5,4,5,5,4,6
2,PNL-103,Laki-laki,18,F6,4,6,6,5,5
2,PNL-104,Perempuan,23,F1,6,4,4,4,5
2,PNL-104,Perempuan,23,F2,7,5,4,6,7
2,PNL-104,Perempuan,23,F3,6,5,6,5,6
2,PNL-104,Perempuan,23,F4,4,5,5,4,7
2,PNL-104,Perempuan,23,F5,4,5,4,4,4
2,PNL-104,Perempuan,23,F6,3,3,4,3,4
2,PNL-105,Laki-laki,18,F1,6,6,4,5,5
2,PNL-105,Laki-laki,18,F2,6,5,4,4,4
2,PNL-105,Laki-laki,18,F3,5,5,5,5,5
2,PNL-105,Laki-laki,18,F4,6,5,4,5,4
2,PNL-105,Laki-laki,18,F5,5,5,5,3,4
2,PNL-105,Laki-laki,18,F6,3,2,5,4,3
2,PNL-106,Laki-laki,18,F1,5,6,5,6,4
2,PNL-106,Laki-laki,18,F2,5,4,6,6,5
2,PNL-106,Laki-laki,18,F3,4,4,7,6,6
2,PNL-106,Laki-laki,18,F4,4,3,4,4,5
2,PNL-106,Laki-laki,18,F5,3,5,5,4,6
2,PNL-106,Laki-laki,18,F6,2,4,4,5,4
2,PNL-107,Perempuan,21,F1,6,5,3,4,5
2,PNL-107,Perempuan,21,F2,4,4,4,5,6
2,PNL-107,Perempuan,21,F3,6,4,4,4,4
2,PNL-107,Perempuan,21,F4,4,5,5,3,6
2,PNL-107,Perempuan,21,F5,4,4,5,3,4
2,PNL-107,Perempuan,21,F6,3,5,4,3,4
2,PNL-108,Perempuan,19,F1,4,4,5,6,4
2,PNL-108,Perempuan,19,F2,4,3,5,4,3
2,PNL-108,Perempuan,19,F3,4,5,4,4,4
2,PNL-108,Perempuan,19,F4,5,6,6,4,4
2,PNL-108,Perempuan,19,F5,3,6,4,2,4
2,PNL-108,Perempuan,19,F6,3,4,4,5,4
2,PNL-109,Laki-laki,21,F1,6,7,6,7,5
2,PNL-109,Laki-laki,21,F2,6,5,5,4,6
2,PNL-109,Laki-laki,21,F3,4,5,6,4,7
2,PNL-109,Laki-laki,21,F4,5,6,5,4,7
2,PNL-109,Laki-laki,21,F5,5,6,7,4,6
2,PNL-109,Laki-laki,21,F6,3,5,5,4,4
2,PNL-110,Perempuan,22,F1,6,4,5,5,5
2,PNL-110,Perempuan,22,F2,6,6,5,5,6
2,PNL-110,Perempuan,22,F3,5,7,6,5,6
2,PNL-110,Perempuan,22,F4,5,6,7,5,6
2,PNL-110,Perempuan,22,F5,4,6,5,4,4
2,PNL-110,Perempuan,22,F6,3,6,5,4,4
2,PNL-111,Laki-laki,18,F1,5,5,6,5,5
2,PNL-111,Laki-laki,18,F2,5,7,6,5,5
2,PNL-111,Laki-laki,18,F3,6,5,6,5,6
2,PNL-111,Laki-laki,18,F4,6,4,6,4,6
2,PNL-111,Laki-laki,18,F5,3,4,5,4,5
2,PNL-111,Laki-laki,18,F6,3,4,5,2,4
2,PNL-112,Perempuan,21,F1,5,5,5,7,5
2,PNL-112,Perempuan,21,F2,4,5,5,5,4
2,PNL-112,Perempuan,21,F3,5,6,7,5,4
2,PNL-112,Perempuan,21,F4,6,6,6,4,4
2,PNL-112,Perempuan,21,F5,5,5,4,3,5
2,PNL-112,Perempuan,21,F6,4,4,4,2,3
2,PNL-113,Laki-laki,18,F1,5,4,3,5,3
2,PNL-113,Laki-laki,18,F2,5,5,5,4,4
2,PNL-113,Laki-laki,18,F3,3,4,3,3,5
2,PNL-113,Laki-laki,18,F4,4,4,5,4,6
2,PNL-113,Laki-laki,18,F5,5,4,3,4,3
2,PNL-113,Laki-laki,18,F6,2,3,4,1,3
2,PNL-114,Perempuan,21,F1,5,3,3,6,5
2,PNL-114,Perempuan,21,F2,5,6,5,4,4
2,PNL-114,Perempuan,21,F3,5,5,5,4,5
2,PNL-114,Perempuan,21,F4,3,5,5,6,3
2,PNL-114,Perempuan,21,F5,6,6,4,5,4
2,PNL-114,Perempuan,21,F6,3,5,4,4,4
2,PNL-115,Laki-laki,20,F1,7,5,6,6,5
2,PNL-115,Laki-laki,20,F2,6,4,5,5,5
2,PNL-115,Laki-laki,20,F3,6,5,6,6,5
2,PNL-115,Laki-laki,20,F4,4,6,6,5,6
2,PNL-115,Laki-laki,20,F5,6,6,5,4,3
2,PNL-115,Laki-laki,20,F6,3,3,5,5,3
2,PNL-116,Perempuan,21,F1,5,7,5,6,4
2,PNL-116,Perempuan,21,F2,6,6,4,6,5
2,PNL-116,Perempuan,21,F3,7,5,7,5,6
2,PNL-116,Perempuan,21,F4,6,6,6,4,5
2,PNL-116,Perempuan,21,F5,3,6,4,4,4
2,PNL-116,Perempuan,21,F6,4,5,4,4,4
2,PNL-117,Laki-laki,23,F1,6,6,6,5,4
2,PNL-117,Laki-laki,23,F2,4,3,5,7,4
2,PNL-117,Laki-laki,23,F3,6,7,7,6,7
2,PNL-117,Laki-laki,23,F4,7,4,5,6,5
2,PNL-117,Laki-laki,23,F5,4,4,4,4,4
2,PNL-117,Laki-laki,23,F6,5,4,3,5,4
2,PNL-118,Perempuan,18,F1,7,5,5,4,6
2,PNL-118,Perempuan,18,F2,7,5,6,6,5
2,PNL-118,Perempuan,18,F3,7,4,7,5,6
2,PNL-118,Perempuan,18,F4,5,4,6,4,5
2,PNL-118,Perempuan,18,F5,4,7,6,5,5
2,PNL-118,Perempuan,18,F6,4,5,5,3,5
2,PNL-119,Perempuan,21,F1,6,6,5,5,6
2,PNL-119,Perempuan,21,F2,5,5,6,5,5
2,PNL-119,Perempuan,21,F3,5,6,6,5,6
2,PNL-119,Perempuan,21,F4,6,6,6,5,4
2,PNL-119,Perempuan,21,F5,5,6,5,5,5
2,PNL-119,Perempuan,21,F6,4,4,4,4,6
2,PNL-120,Laki-laki,21,F1,5,5,5,6,6
2,PNL-120,Laki-laki,21,F2,6,4,5,5,6
2,PNL-120,Laki-laki,21,F3,4,4,6,6,5
2,PNL-120,Laki-laki,21,F4,5,5,6,4,4
2,PNL-120,Laki-laki,21,F5,5,6,5,4,5
2,PNL-120,Laki-laki,21,F6,4,4,5,3,4
