Tanggal ,SHIFT,Kode Batch,kode produk,kode_pemasok,mesin,operator,no_sampel,Berat Bersih (g),satuan_berat,Kadar Air (%),suhu_penggorengan,Rendemen (%),Status QC,keterangan,catatan_tambahan
01/04/2026,malam,BTC-260401-003,PRD-03,SUP-03,VF-02,Fitri,3,n/a,g,2.07,85.6,  9.99  ,OK,,
09/04/2026,Pagi,BTC-260409-022,PRD-01,SUP-01,VF-02,Fitri,4,101.5,g,"2,84",85.6,10.32, Lolos,,
24 Apr 2026,Siang,BTC-260424-062,PRD-01,SUP-01,VF-03,Galih,5,98.5,g,2.63,84.5,7.58,LOLOS,  ,
20/04/2026,P,BTC-260420-049,PRD-02,SUP-02,VF-01,Bayu,2,0.0991,kg,2.14,87.0,9.33,lolos,alat kalibrasi ulang,
6 Apr 2026,P,BTC-260406-013,PRD-01,SUP-01,VF-03,Eko ,7,102.0,g,"3,01",85.6,8.98,tolak,  ,
16-04-2026,Pagi,BTC-260416-040,PRD-01,SUP-01,VF-01,Andi ,1,100.7,g,1.71,86.2,10.2,lolos,,
2026-04-01,Shift Pagi,BTC-260401-001,PRD-01,SUP-01,VF-03,Dewi,6,101.5,g,3.05,83.1,9.51,Tolak,,
23-04-2026,Shift Malam,BTC-260423-060,PRD-02,SUP-02,VF-03,,5,99.8,g,"3,06",84.4,11.29,Tidak,  ,
01/04/2026,malam,BTC-260401-003,PRD-03,SUP-03,VF-02,FITRI,5,100.5,g,2.07,tidak diukur,9.4,OK,listrik padam 10 menit,
21/04/2026,MALAM,BTC-260421-054,PRD-01,SUP-01,VF-03,Fitri,2,101.6,g, 2.4 % ,88.2,9.38,Lolos,,
10-04-2026,M,BTC-260410-027,PRD-02,SUP-02,VF-03,Galih,4,101.9,g,2.23,84.2,9.3,Ya,cek lagi!!,
9 Apr 2026,Shift Malam,BTC-260409-024,PRD-01,SUP-01,VF-03,Galih,3,99.6,g,"3,35",81.4,8.28,TOLAK,alat kalibrasi ulang,
2026-04-15,Siang,BTC-260415-038,PRD-03,SUP-03,VF-02,Bayu,1,100.6,g,2.71,83.4,9.8,Ya,,
2026-04-01,Malam,BTC-260401-003,PRD-03,SUP-03,VF-02,Fitri,4,0.1003,kg, 2.05 % ,85.6,9.83,lolos,  ,
2026-04-20,malam,BTC-260420-051,PRD-01,SUP-01,VF-02,Bayu,6,101.1,g,2.12,88.1,9.41,Lolos,sampel ulang,
03-04-2026,M,BTC-260403-009,PRD-01,SUP-01,VF-01,Andi,7,100.0,g,2.55,86.5,10.55,Lolos,cek lagi!!,
11 Apr 2026,Shift Malam,BTC-260411-030,PRD-02,SUP-02,VF-02,DEWI,1,99.5,g,"2,45",80.8,9.43,LOLOS,,
2026-04-09,Shift Malam,BTC-260409-024,PRD-01,SUP-01,VF-03,Galih,7,0.0991,kg,"2,86",81.4,9.79,OK,sampel ulang,
2026-04-17,Malam,BTC-260417-045,PRD-01,SUP-01,VF-01,Dewi,6,0.0999,kg,2.1,79.9,9.65,Lolos,cek lagi!!,
18-04-2026,siang,BTC-260418-047,PRD-03,SUP-03,VF-01,Dewi,3,100.5,g,1.92,91.0,tidak diukur, Lolos,bahan baku basah,
13/04/2026,MALAM,BTC-260413-033,PRD-01,SUP-01,VF-03,Eko,3,100.5,g,2.45,-,10.56,Ya,,
14/04/2026,pagi,BTC-260414-034,PRD-02,SUP-02,VF-02,Bayu,1,100.9,g,2.34,88.4,9.18,LOLOS,,
9 Apr 2026,siang,BTC-260409-023,PRD-03,SUP-03,VF-03,Fitri,1,101.5,g,2.3,86.0,98.0, Lolos,,
24/04/2026,S,BTC-260424-062,PRD-01,SUP-01,VF-03,Galih,7,97.3,g,2.56,84.5,9.43,OK,,
2026-04-13,Shift Siang,BTC-260413-032,PRD-01,SUP-01,VF-03,Eko,7,99.5,g,2.86,85.2,  7.52  ,lolos,listrik padam 10 menit,
2026-04-24,Shift Malam,BTC-260424-063,PRD-02,SUP-02,VF-01,Bayu,6,0.1014,kg,2.56,82.3,10.62,OK,bahan baku basah,
22 Apr 2026,Siang,BTC-260422-056,PRD-02,SUP-02,VF-03,-,5,1005.0,g,3.07,79.7,8.51,Tidak,alat kalibrasi ulang,
01-04-2026,siang,BTC-260401-002,PRD-03,SUP-03,VF-03,Hana,6,0.1,kg,-,86.7,8.06,OK,,
8 Apr 2026,M,BTC-260408-021,PRD-01,SUP-01,VF-03,dewi,1,99.6,g,2.89,86.2,10.07, Lolos,alat kalibrasi ulang,
07-04-2026,Shift Malam,BTC-260407-018,PRD-01,SUP-01,VF-02,Citra,6,99.5,g,"2,07",81.2,10.33,OK,operator baru,
2026-04-08,Shift Siang,BTC-260408-020,PRD-02,SUP-02,VF-02,null,6,0.1022,kg,2.62,84.6,12.39,LOLOS,listrik padam 10 menit,
18/04/2026,PAGI,BTC-260418-046,PRD-03,SUP-03,VF-01,Fitri,4,101.3,g,"2,56",82.3,10.3,OK,cek lagi!!,
20/04/2026,M,BTC-260420-051,PRD-01,SUP-01,VF-02,Andi,3,0.1013,kg,"2,55",88.1,9.69,lolos,cek lagi!!,
4 Apr 2026,MALAM,BTC-260404-012,PRD-01,SUP-01,VF-02,Galih,6,0.102,kg,2.65,85.8,9.02,lolos,,
10 Apr 2026,Siang,BTC-260410-026,PRD-01,SUP-01,VF-03,Dewi,1,100.8,g,"2,38",87.3,8.97,Ya,,
21 Apr 2026,MALAM,BTC-260421-054,PRD-01,SUP-01,VF-03,Fitri,3,98.6,g,2.58,88.2,10.63,lolos,bahan baku basah,
2026-04-10,S,BTC-260410-026,PRD-01,SUP-01,VF-03,Dewi,4,103.2,g,2.97,87.3,  9.34  ,Tidak,  ,
2026-04-13,P,BTC-260413-031,PRD-01,SUP-01,VF-03,Hana,7,99.0,g,2.33,87.8,10.32,lolos,,
21 Apr 2026,siang,BTC-260421-053,PRD-01,SUP-01,VF-03,Bayu ,1,98.3,g, 2.43 % ,84.1,8.47,Ya,sampel ulang,
2026-04-24,SIANG,BTC-260424-062,PRD-01,SUP-01,VF-03,Galih,1,98.7,g,"2,27",84.5,10.02,OK,sampel ulang,
08-04-2026,SIANG,BTC-260408-020,PRD-02,SUP-02,VF-02,Hana,5,100.1,g,2.43,84.6,,lolos,,
03-04-2026,SIANG,BTC-260403-008,PRD-01,SUP-01,VF-03,citra,4,100.1,g, 2.72 % ,86.0,10.44,Ya,,
13/04/2026,S,BTC-260413-032,PRD-01,SUP-01,VF-03,Eko,3,97.7,g,2.46,85.2,10.5,lolos,cek lagi!!,
20-04-2026,MALAM,BTC-260420-051,PRD-01,SUP-01,VF-02,Bayu,2,100.7,g,2.02,88.1,8.66, Lolos,operator baru,
20 Apr 2026,siang,BTC-260420-050,PRD-03,SUP-03,VF-02,Eko,3,100.7,g,2.54,83.0,  10.76  ,lolos,operator baru,
11 Apr 2026,pagi,BTC-260411-028,PRD-01,SUP-01,VF-03,Galih,1,99.5,g, 2.48 % ,85.2,10.69,lolos,bahan baku basah,
14 Apr 2026,Pagi,BTC-260414-034,PRD-02,SUP-02,VF-02, Bayu,3,99.4,g,1.93,88.4,9.76,OK,,
04/04/2026,PAGI,BTC-260404-010,PRD-03,SUP-03,VF-03,Hana,1,98.1,g,2.79,85.7,10.81,Lolos,operator baru,
13/04/2026,MALAM,BTC-260413-033,PRD-01,SUP-01,VF-03,Eko,7,100.7,g,2.13,87.4,9.02,lolos,,
21-04-2026,SIANG,BTC-260421-053,PRD-01,SUP-01,VF-03,Bayu,2,-,g,2.95,84.1,10.01,Ya,,
06-04-2026,Shift Pagi,BTC-260406-013,PRD-01,SUP-01,VF-03,Eko,1,99.3,g,2.76,85.6,n/a,Lolos,,
2026-04-16,S,BTC-260416-041,PRD-02,SUP-02,VF-01,Bayu,2,0.0979,kg,2.14,85.3,8.87,Lolos,sampel ulang,
2026-04-03,Malam,BTC-260403-009,PRD-01,SUP-01,VF-01,ANDI,6,101.0,g,2.05,86.5,8.31,Ya,cek lagi!!,
2026-04-14,M,BTC-260414-036,PRD-02,SUP-02,VF-03,Bayu,5,99.0,g,2.85,86.8,9.06,OK,bahan baku basah,
2026-04-07,S,BTC-260407-017,PRD-01,SUP-01,VF-03,Galih,4,97.2,g,n/a,81.7,8.75,LOLOS,,
16-04-2026,siang,BTC-260416-041,PRD-02,SUP-02,VF-01,Bayu,1,101.0,g,"2,05",85.3,11.07,Lolos,,
25/04/2026,siang,BTC-260425-065,PRD-03,SUP-03,VF-02,Citra,5,0.0989,kg,"2,62",84.7,9.92, Lolos,,
2026-04-21,Shift Pagi,BTC-260421-052,PRD-03,SUP-03,VF-03,Dewi,6,101.2,g,3.05,85.1,  8.67  ,Ditolak,,
2026-04-03,Shift Malam,BTC-260403-009,PRD-01,SUP-01,VF-01, Andi,4,99.9,g,"2,58",86.5,10.1,Ya,listrik padam 10 menit,
2026-04-07,malam,BTC-260407-018,PRD-01,SUP-01,VF-02,Citra,4,99.5,g,"1,68",81.2,NA,OK,cek lagi!!,
2026-04-16,M,BTC-260416-042,PRD-02,SUP-02,VF-01,CITRA,1,102.1,g,"2,18",84.1,7.78,LOLOS,,
22-04-2026,S,BTC-260422-056,PRD-02,SUP-02,VF-03,Eko,2,0.0992,kg,230.0,79.7,8.43,LOLOS,bahan baku basah,
11/04/2026,Siang,BTC-260411-029,PRD-01,SUP-01,VF-01,Dewi,3,100.8,g,2.42,84.8,,Lolos,,
21-04-2026,Shift Siang,BTC-260421-053,PRD-01,SUP-01,VF-03,Bayu,5,98.7,g,"2,39",84.1,10.26,LOLOS,sampel ulang,
17/04/2026,S,BTC-260417-044,PRD-02,SUP-02,VF-02,Andi,4,101.3,g,2.59,89.6,9.27,Lolos,alat kalibrasi ulang,
20/04/2026,PAGI,BTC-260420-049,PRD-02,SUP-02,VF-01,Bayu,3,100.7,g,"2,06",87.0,  9.77  , Lolos,  ,
24/04/2026,Shift Pagi,BTC-260424-061,PRD-02,SUP-02,VF-01,Dewi,1,101.9,g,n/a,87.0,10.75,Ya,listrik padam 10 menit,
2026-04-04,malam,BTC-260404-012,PRD-01,SUP-01,VF-02, Galih,4,0.0993,kg,2.35,85.8,10.98,OK,alat kalibrasi ulang,
8 Apr 2026,PAGI,BTC-260408-019,PRD-03,SUP-03,VF-03,Citra,2,null,g,2.73,85.1,9.4,Ya,,
11/04/2026,Shift Siang,BTC-260411-029,PRD-01,SUP-01,VF-01,Dewi,5,99.5,g,1.93,84.8,8.83,LOLOS,,
07/04/2026,P,BTC-260407-016,PRD-01,SUP-01,VF-02,Citra ,1,99.3,g, 2.02 % ,83.0,10.24,Lolos,,
24 Apr 2026,malam,BTC-260424-063,PRD-02,SUP-02,VF-01,Bayu,3,99.7,g,"2,67",82.3,9.96,OK,listrik padam 10 menit,
9 Apr 2026,Shift Pagi,BTC-260409-022,PRD-01,SUP-01,VF-02,Fitri,1,100.0,g,2.35,85.6,9.92, Lolos,,
17-04-2026,M,BTC-260417-045,PRD-01,SUP-01,VF-01,Dewi,4,100.8,g,2.87,850.0,9.15, Lolos,,
10-04-2026,Shift Siang,BTC-260410-026,PRD-01,SUP-01,VF-03,Dewi,5,98.8,g, 2.46 % ,87.3,8.09,LOLOS,  ,
08/04/2026,malam,BTC-260408-021,PRD-01,SUP-01,VF-03,Dewi,5,102.5,g, 2.63 % ,86.2,9.01,LOLOS,,
24 Apr 2026,Shift Siang,BTC-260424-062,PRD-01,SUP-01,VF-03,Galih,2,NA,g,3.0,84.5,  9.87  ,TOLAK,listrik padam 10 menit,
01/04/2026,M,BTC-260401-003,PRD-03,SUP-03,VF-02,Fitri,1,0.1004,kg,3.2,NA,9.84,reject,,
2026-04-14,Shift Malam,BTC-260414-036,PRD-02,SUP-02,VF-03,Bayu,4,102.0,g,2.63,86.8,-,LOLOS,  ,
24/04/2026,P,BTC-260424-061,PRD-02,SUP-02,VF-01,Andi,4,100.3,g,2.25,87.0,11.13,LOLOS,,
06/04/2026,malam,BTC-260406-015,PRD-03,SUP-03,VF-02,galih,4,100.8,g,2.62,85.3,9.52, Lolos,listrik padam 10 menit,
1 Apr 2026,S,BTC-260401-002,PRD-03,SUP-03,VF-03,Hana,5,102.1,g, 2.18 % ,86.7,10.08, Lolos,,
2026-04-02,Malam,BTC-260402-006,PRD-01,SUP-01,VF-02,Citra,1,98.6,g,2.75,88.6,10.46,Lolos,alat kalibrasi ulang,
4 Apr 2026,M,BTC-260404-012,PRD-01,SUP-01,VF-02,Galih,2,99.6,g,2.14,85.8,8.74,Lolos,,
11 Apr 2026,Shift Pagi,BTC-260411-028,PRD-01,SUP-01,VF-03,Galih,2,101.2,g, 2.43 % ,85.2,7.37,Lolos,,
14 Apr 2026,P,BTC-260414-034,PRD-02,SUP-02,VF-02,Bayu,2,100.7,g,-,88.4,9.2, Lolos,sampel ulang,
16 Apr 2026,M,BTC-260416-042,PRD-02,SUP-02,VF-01,Citra,3,0.1005,kg,tidak diukur,84.1,8.86, Lolos,,
25/04/2026,Shift Malam,BTC-260425-066,PRD-02,SUP-02,VF-03,Eko,2,101.8,g,null,85.6,11.34,lolos,alat kalibrasi ulang,
18-04-2026,malam,BTC-260418-048,PRD-01,SUP-01,VF-02, Bayu,6,0.1011,kg,NA,83.9,9.12,LOLOS,bahan baku basah,
01-04-2026,Shift Pagi,BTC-260401-001,PRD-01,SUP-01,VF-03,Dewi,5,100.3,g,"2,54",83.1,10.02,lolos,cek lagi!!,
22-04-2026,PAGI,BTC-260422-055,PRD-01,SUP-01,VF-02,Fitri,1,100.4,g,2.71,84.5,10.74,LOLOS,sampel ulang,
2026-04-15,Siang,BTC-260415-038,PRD-03,SUP-03,VF-02,Bayu,5,99.7,g,"2,59",83.4,9.91,Lolos,alat kalibrasi ulang,
03/04/2026,Shift Pagi,BTC-260403-007,PRD-02,SUP-02,VF-03,Dewi ,3,0.101,kg,3.3,82.0,8.75,tolak,,
08/04/2026,pagi,BTC-260408-019,PRD-03,SUP-03,VF-03,Citra,3,99.3,g,2.4,85.1,9.96,LOLOS,,
22-04-2026,MALAM,BTC-260422-057,PRD-01,SUP-01,VF-02,Hana,1,100.5,g,2.65,85.4,8.78,LOLOS,operator baru,
13 Apr 2026,Siang,BTC-260413-032,PRD-01,SUP-01,VF-03,Eko,4,99.9,g,"2,63",NA,9.13,Ya,bahan baku basah,
18-04-2026,Shift Pagi,BTC-260418-046,PRD-03,SUP-03,VF-01,Fitri,5,100.3,g,2.42,82.3,9.66,Ya,  ,
04-04-2026,Shift Pagi,BTC-260404-010,PRD-03,SUP-03,VF-03,Hana,4,98.7,g,2.55,85.7,10.43,LOLOS,,
20 Apr 2026,S,BTC-260420-050,PRD-03,SUP-03,VF-02,Eko,5,100.6,g,1.72,83.0,11.77, Lolos,  ,
18 Apr 2026,P,BTC-260418-046,PRD-03,SUP-03,VF-01,Fitri,2,98.9,g, 2.75 % ,82.3,9.38,Lolos,,
23-04-2026,malam,BTC-260423-060,PRD-02,SUP-02,VF-03,Bayu,6,101.5,g,2.76,84.4,9.17,lolos,sampel ulang,
21/04/2026,Shift Pagi,BTC-260421-052,PRD-03,SUP-03,VF-03,Dewi,1,99.3,g,"2,7",85.1,8.58,Lolos,cek lagi!!,
03-04-2026,SIANG,BTC-260403-008,PRD-01,SUP-01,VF-03,citra,4,100.1,g, 2.72 % ,86.0,10.44,Ya,,
14 Apr 2026,Shift Malam,BTC-260414-036,PRD-02,SUP-02,VF-03,Bayu,1,101.1,g,2.96,86.8,?, Lolos,sampel ulang,
1 Apr 2026,SIANG,BTC-260401-002,PRD-03,SUP-03,VF-03,Hana,4,0.0976,kg,2.84,86.7,9.61,OK,sampel ulang,
9 Apr 2026,siang,BTC-260409-023,PRD-03,SUP-03,VF-03,Fitri,1,101.5,g,2.3,86.0,98.0, Lolos,,
04-04-2026,pagi,BTC-260404-010,PRD-03,SUP-03,VF-03,Hana,2,98.1,g, 2.86 % ,85.7,9.53,OK,alat kalibrasi ulang,
16-04-2026,siang,BTC-260416-041,PRD-02,SUP-02,VF-01,Bayu,6,100.4,g,2.74,85.3,9.99,Lolos,,
7 Apr 2026,MALAM,BTC-260407-018,PRD-01,SUP-01,VF-02,Citra ,3,99.8,g,2.88,81.2,8.25,LOLOS,sampel ulang,
18/04/2026,siang,BTC-260418-047,PRD-03,SUP-03,VF-01,Dewi,1,100.6,g,2.02,91.0,9.96,Ya,cek lagi!!,
01/04/2026,Shift Pagi,BTC-260401-001,PRD-01,SUP-01,VF-03,Dewi,2,98.4,g,2.44,83.1,10.14,LOLOS,bahan baku basah,
14 Apr 2026,Shift Malam,BTC-260414-036,PRD-02,SUP-02,VF-03,Bayu,1,101.1,g,2.96,86.8,?, Lolos,sampel ulang,
02/04/2026,Shift Siang,BTC-260402-005,PRD-01,SUP-01,VF-01,Andi,2,101.0,g,2.0,85.9,  9.76  ,Lolos,,
24/04/2026,malam,BTC-260424-063,PRD-02,SUP-02,VF-01,bayu,7,0.0997,kg,"2,61",82.3,9.74,LOLOS,cek lagi!!,
25/04/2026,siang,BTC-260425-065,PRD-03,SUP-03,VF-02,Andi,5,0.0989,kg,"2,62",84.7,9.92, Lolos,,
2026-04-08,Pagi,BTC-260408-019,PRD-03,SUP-03,VF-03,Citra,1,98.1,g,2.04,85.1,,LOLOS,cek lagi!!,
22-04-2026,M,BTC-260422-057,PRD-01,SUP-01,VF-02,Hana,3,100.3,g,2.47,85.4,10.33,OK,,
07/04/2026,PAGI,BTC-260407-016,PRD-01,SUP-01,VF-02,Citra,5,101.4,g,2.9,83.0,7.75,LOLOS,listrik padam 10 menit,
22/04/2026,SIANG,BTC-260422-056,PRD-02,SUP-02,VF-03,Eko,1,100.6,g,2.88,79.7,8.24,lolos,listrik padam 10 menit,
2026-04-09,malam,BTC-260409-024,PRD-01,SUP-01,VF-03,Galih,6,101.5,g, 3.24 % ,81.4,9.46,Tolak,listrik padam 10 menit,
6 Apr 2026,MALAM,BTC-260406-015,PRD-03,SUP-03,VF-02, Galih,1,100.5,g,1.77,85.3,9.67,lolos,,
18 Apr 2026,MALAM,BTC-260418-048,PRD-01,SUP-01,VF-02,Bayu,3,,g, 2.91 % ,83.9,9.07,Lolos,cek lagi!!,
2026-04-04,siang,BTC-260404-011,PRD-03,SUP-03,VF-01,Andi ,2,100.3,g, 1.86 % ,86.0,8.91,LOLOS,,
25-04-2026,P,BTC-260425-064,PRD-03,SUP-03,VF-01,Dewi,5,100.3,g, 2.89 % ,82.6,10.03,lolos,,
8 Apr 2026,Siang,BTC-260408-020,PRD-02,SUP-02,VF-02,Hana,7,100.1,g,"2,56",84.6,  8.07  ,Ya,operator baru,
21/04/2026,MALAM,BTC-260421-054,PRD-01,SUP-01,VF-03,Fitri,4,98.9,g,"3,07",88.2,10.69,Tidak,cek lagi!!,
2026-04-13,Pagi,BTC-260413-031,PRD-01,SUP-01,VF-03,Hana,1,98.4,g,2.5,87.8,8.92,Lolos,sampel ulang,
07-04-2026,Siang,BTC-260407-017,PRD-01,SUP-01,VF-03,Galih,3,101.4,g,3.01,81.7,10.06,Tidak,sampel ulang,
06-04-2026,Shift Malam,BTC-260406-015,PRD-03,SUP-03,VF-02,Galih,2,99.8,g,null,85.3,10.24,Ya,listrik padam 10 menit,
16/04/2026,Shift Siang,BTC-260416-041,PRD-02,SUP-02,VF-01,Bayu,5,100.7,g, 2.43 % ,85.3,9.14,OK,,
25-04-2026,MALAM,BTC-260425-066,PRD-02,SUP-02,VF-03,Andi,4,100.7,g,2.82,?,8.24,Ya,cek lagi!!,
13/04/2026,malam,BTC-260413-033,PRD-01,SUP-01,VF-03,Eko,2,0.097,kg,2.62,87.4,  9.68  ,reject,sampel ulang,
17 Apr 2026,SIANG,BTC-260417-044,PRD-02,SUP-02,VF-02,Andi,1,101.2,g,2.67,89.6,-9.4,LOLOS,sampel ulang,
25 Apr 2026,Shift Malam,BTC-260425-066,PRD-02,SUP-02,VF-03,?,3,tidak diukur,g,3.04,85.6,  8.71  ,Ditolak,bahan baku basah,
2026-04-03,siang,BTC-260403-008,PRD-01,SUP-01,VF-03,Citra,7,99.0,g,2.19,86.0,7.9,LOLOS,listrik padam 10 menit,
17 Apr 2026,Malam,BTC-260417-045,PRD-01,SUP-01,VF-01,,5,100.7,g,"3,11",null,NA,Tidak,cek lagi!!,
23 Apr 2026,malam,BTC-260423-060,PRD-02,SUP-02,VF-03,Bayu,4,98.2,g,2.83,84.4,10.46,Ya,sampel ulang,
2026-04-10,Shift Siang,BTC-260410-026,PRD-01,SUP-01,VF-03,Dewi ,3,98.5,g,2.92,87.3,8.54,Ya,,
18 Apr 2026,malam,BTC-260418-048,PRD-01,SUP-01,VF-02,Bayu,5,0.1008,kg,"2,55",83.9,9.51,lolos,alat kalibrasi ulang,
2026-04-18,Siang,BTC-260418-047,PRD-03,SUP-03,VF-01,Dewi,4,101.5,g,1.46,91.0,8.95,OK,,
17 Apr 2026,pagi,BTC-260417-043,PRD-03,SUP-03,VF-03,Andi,1,99.7,g,2.84,83.5,7.87,lolos,cek lagi!!,
2026-04-17,S,BTC-260417-044,PRD-02,SUP-02,VF-02,Andi,2,101.1,g, 2.01 % ,89.6,8.99,lolos,,
24/04/2026,Siang,BTC-260424-062,PRD-01,SUP-01,VF-03,Galih,9,98.7,g,2.75,84.5,9.1,OK,  ,
10/04/2026,Shift Pagi,BTC-260410-025,PRD-01,SUP-01,VF-03,Citra,6,99.7,g,3.0,83.8,8.46,Ya,bahan baku basah,
2026-04-20,M,BTC-260420-051,PRD-01,SUP-01,VF-02,Bayu,4,100.9,g,2.29,88.1,9.0,OK,,
3 Apr 2026,S,BTC-260403-008,PRD-01,SUP-01,VF-03,citra,5,100.0,g,2.78,86.0,9.59, Lolos,,
25 Apr 2026,Shift Siang,BTC-260425-065,PRD-03,SUP-03,VF-02,Citra,3,101.4,g,2.42,84.7,10.24,OK,cek lagi!!,
2026-04-01,Shift Malam,BTC-260401-003,PRD-03,SUP-03,VF-02,FITRI,6,101.7,g,null,85.6,7.67,Ya,,
24-04-2026,Shift Pagi,BTC-260424-061,PRD-02,SUP-02,VF-01,Dewi,5,0.1002,kg,2.01,87.0,  10.06  , Lolos,,
3 Apr 2026,SIANG,BTC-260403-008,PRD-01,SUP-01,VF-03,Citra,1,0.0993,kg,2.07,86.0,8.84, Lolos,cek lagi!!,
06-04-2026,Malam,BTC-260406-015,PRD-03,SUP-03,VF-02,Galih,3,100.8,g,"2,36",85.3,9.17,Ya,sampel ulang,
2026-04-10,malam,BTC-260410-027,PRD-02,SUP-02,VF-03,Galih,3,98.1,g,2.53,84.2,9.4,LOLOS,,
14 Apr 2026,siang,BTC-260414-035,PRD-02,SUP-02,VF-01,Andi,2,99.6,g,2.33,86.5,10.75,OK,  ,
14-04-2026,P,BTC-260414-034,PRD-02,SUP-02,VF-02,Bayu,5,101.2,g,"1,98",88.4,8.83,Lolos,  ,
22 Apr 2026,Siang,BTC-260422-056,PRD-02,SUP-02,VF-03,Eko,4,98.0,g,null,NA,9.67,Lolos,operator baru,
18/04/2026,P,BTC-260418-046,PRD-03,SUP-03,VF-01,Fitri,3,n/a,g,2.8,82.3,  9.95  ,OK,cek lagi!!,
08/04/2026,malam,BTC-260408-021,PRD-01,SUP-01,VF-03, Dewi,6,99.5,g,"2,48",86.2,9.49,LOLOS,,
25-04-2026,MALAM,BTC-260425-066,PRD-02,SUP-02,VF-03,Eko,4,100.7,g,2.82,?,8.24,Ya,cek lagi!!,
4 Apr 2026,malam,BTC-260404-012,PRD-01,SUP-01,VF-02,Galih,8,102.0,g,2.53,85.8,9.24,Ya,operator baru,
08/04/2026,S,BTC-260408-020,PRD-02,SUP-02,VF-02,Hana,4,100.9,g,2.4,84.6,8.84,Lolos,listrik padam 10 menit,
23-04-2026,malam,BTC-260423-060,PRD-02,SUP-02,VF-03,Bayu,6,101.5,g,2.76,84.4,9.17,lolos,sampel ulang,
25 Apr 2026,Shift Siang,BTC-260425-065,PRD-03,SUP-03,VF-02,Citra,6,98.4,g,2.07,84.7,8.77,Lolos,,
07/04/2026,SIANG,BTC-260407-017,PRD-01,SUP-01,VF-03, Galih,1,100.6,g, 2.68 % ,81.7,11.01,lolos,cek lagi!!,
13 Apr 2026,Siang,BTC-260413-032,PRD-01,SUP-01,VF-03,Eko,4,99.9,g,"2,63",NA,9.13,Ya,bahan baku basah,
04-04-2026,pagi,BTC-260404-010,PRD-03,SUP-03,VF-03,Hana,5,101.0,g,2.46,85.7,10.59,Lolos,cek lagi!!,
4 Apr 2026,M,BTC-260404-012,PRD-01,SUP-01,VF-02,Galih,1,0.1004,kg,2.46,NA,10.04,lolos,,
2026-04-20,Shift Siang,BTC-260420-050,PRD-03,SUP-03,VF-02,Eko,4,0.0997,kg,2.82,83.0,9.52,lolos,operator baru,
18-04-2026,siang,BTC-260418-047,PRD-03,SUP-03,VF-01,Dewi,2,101.6,g,2.32,n/a,  9.96  ,lolos,operator baru,
24/04/2026,pagi,BTC-260424-061,PRD-02,SUP-02,VF-01,Dewi,3,101.1,g,2.87,87.0,9.34, Lolos,,
2026-04-10,Shift Pagi,BTC-260410-025,PRD-01,SUP-01,VF-03,Citra,7,98.2,g,"2,95",83.8,10.01,Ya,,
21/04/2026,pagi,BTC-260421-052,PRD-03,SUP-03,VF-03,DEWI,3,100.9,g,,85.1,11.33,lolos,cek lagi!!,
25-04-2026,PAGI,BTC-260425-064,PRD-03,SUP-03,VF-01,Dewi,6,101.7,g,"2,74",82.6,11.06,OK,,
3 Apr 2026,malam,BTC-260403-009,PRD-01,SUP-01,VF-01,Andi,2,0.1017,kg,2.4,86.5,8.63,OK,sampel ulang,
18/04/2026,Malam,BTC-260418-048,PRD-01,SUP-01,VF-02,Bayu,7,100.1,g,2.57,83.9,11.88,Lolos,,
7 Apr 2026,Shift Pagi,BTC-260407-016,PRD-01,SUP-01,VF-02,Citra,4,99.7,g,"2,57",83.0,9.71, Lolos,,
11 Apr 2026,P,BTC-260411-028,PRD-01,SUP-01,VF-03,Galih,6,100.8,g,"2,61",85.2,10.12, Lolos,bahan baku basah,
13/04/2026,MALAM,BTC-260413-033,PRD-01,SUP-01,VF-03,Andi,7,100.7,g,2.13,87.4,9.02,lolos,,
22/04/2026,Shift Pagi,BTC-260422-055,PRD-01,SUP-01,VF-02,Fitri,2,0.1004,kg,,84.5,10.53,OK,,
11-04-2026,Pagi,BTC-260411-028,PRD-01,SUP-01,VF-03,Galih,4,98.4,g,2.33,85.2,10.0,Lolos,cek lagi!!,
2026-04-15,S,BTC-260415-038,PRD-03,SUP-03,VF-02,Bayu,2,0.0981,kg,2.47,83.4,10.4, Lolos,,
08/04/2026,SIANG,BTC-260408-020,PRD-02,SUP-02,VF-02,NA,2,NA,g,2.92,84.6,9.86, Lolos,listrik padam 10 menit,
02-04-2026,PAGI,BTC-260402-004,PRD-02,SUP-02,VF-01,Fitri,3,102.4,g,"2,53",81.7,11.03,LOLOS,,
25/04/2026,Shift Malam,BTC-260425-066,PRD-02,SUP-02,VF-03,Eko,7,102.7,g,2.43,85.6,7.03,Ya,  ,
17/04/2026,M,BTC-260417-045,PRD-01,SUP-01,VF-01,Dewi,2,0.1013,kg,2.78,79.9,11.04, Lolos,alat kalibrasi ulang,
25-04-2026,MALAM,BTC-260425-066,PRD-02,SUP-02,VF-03,Eko,5,100.7,g,2.65,85.6,10.14,lolos,,
24/04/2026,Siang,BTC-260424-062,PRD-01,SUP-01,VF-03,Galih,4,101.2,g,2.99,84.5,10.74,lolos,alat kalibrasi ulang,
20-04-2026,PAGI,BTC-260420-049,PRD-02,SUP-02,VF-01,Andi,1,101.1,g,2.89,87.0,8.28,OK,cek lagi!!,
17 Apr 2026,PAGI,BTC-260417-043,PRD-03,SUP-03,VF-03,Galih,2,,g,2.11,83.5,9.74,LOLOS,cek lagi!!,
16 Apr 2026,Pagi,BTC-260416-040,PRD-01,SUP-01,VF-01,Andi ,2,99.8,g, 1.78 % ,86.2,  10.53  ,OK,,
07-04-2026,S,BTC-260407-017,PRD-01,SUP-01,VF-03,Andi,2,100.8,g,"2,88",81.7,7.84, Lolos,,
02/04/2026,M,BTC-260402-006,PRD-01,SUP-01,VF-02,Citra,2,99.7,g, 1.76 % ,88.6,  8.64  ,Ya,cek lagi!!,
09/04/2026,malam,BTC-260409-024,PRD-01,SUP-01,VF-03,Galih,2,n/a,g,3.21,81.4,9.69,Ditolak,bahan baku basah,
06-04-2026,S,BTC-260406-014,PRD-03,SUP-03,VF-01,Hana,2,100.6,g,2.37,86.6,  10.54  ,LOLOS,  ,
09-04-2026,Malam,BTC-260409-024,PRD-01,SUP-01,VF-03,Galih,5,99.3,g,NA,81.4,9.95,tolak,  ,
23 Apr 2026,siang,BTC-260423-059,PRD-01,SUP-01,VF-03, Eko,1,n/a,g,21.7,81.8,9.7,OK,operator baru,
09/04/2026,Shift Pagi,BTC-260409-022,PRD-01,SUP-01,VF-02,Fitri,3,99.4,g,2.53,-,10.47, Lolos,bahan baku basah,
2026-04-09,Shift Siang,BTC-260409-023,PRD-03,SUP-03,VF-03,Fitri,4,99.4,g, 2.91 % ,86.0,9.07,Ya,cek lagi!!,
2026-04-11,Siang,BTC-260411-029,PRD-01,SUP-01,VF-01,-,2,100.2,g,2.62,84.8,9.34,Ya,,
08/04/2026,Shift Siang,BTC-260408-020,PRD-02,SUP-02,VF-02,,1,101.2,g,2.16,84.6,9.82, Lolos,alat kalibrasi ulang,
15/04/2026,S,BTC-260415-038,PRD-03,SUP-03,VF-02,Bayu,6,100.2,g,2.46,83.4,9.08,LOLOS,,
03-04-2026,M,BTC-260403-009,PRD-01,SUP-01,VF-01,Andi,1,100.9,g,2.33,86.5,  8.66  ,OK,  ,
24 Apr 2026,malam,BTC-260424-063,PRD-02,SUP-02,VF-01,Bayu,3,99.7,g,"2,67",82.3,9.96,OK,listrik padam 10 menit,
2026-04-07,Shift Malam,BTC-260407-018,PRD-01,SUP-01,VF-02,Citra,5,,g,2.52,81.2,8.71,Tidak,,
08/04/2026,malam,BTC-260408-021,PRD-01,SUP-01,VF-03,Dewi,5,102.5,g, 2.63 % ,86.2,9.01,LOLOS,,
13/04/2026,M,BTC-260413-033,PRD-01,SUP-01,VF-03,Eko,4,n/a,kg,2.77,87.4,9.22,OK,operator baru,
17 Apr 2026,pagi,BTC-260417-043,PRD-03,SUP-03,VF-03,Galih,1,99.7,g,2.84,83.5,7.87,lolos,cek lagi!!,
06-04-2026,MALAM,BTC-260406-015,PRD-03,SUP-03,VF-02,galih,5,99.3,g,2.48,85.3,8.83,OK,,
01/04/2026,P,BTC-260401-001,PRD-01,SUP-01,VF-03,Dewi,3,97.0,g,-,83.1,8.99,Tolak,cek lagi!!,
07-04-2026,S,BTC-260407-017,PRD-01,SUP-01,VF-03,Galih,2,100.8,g,"2,88",81.7,7.84, Lolos,,
2026-04-18,pagi,BTC-260418-046,PRD-03,SUP-03,VF-01,FITRI,1,101.0,g,2.2,82.3,10.45,Ya,,
06-04-2026,Shift Siang,BTC-260406-014,PRD-03,SUP-03,VF-01,Hana,3,100.3,g,2.13,86.6,8.89,Lolos,alat kalibrasi ulang,
21/04/2026,S,BTC-260421-053,PRD-01,SUP-01,VF-03,Bayu,3,98.0,g,2.65,84.1,8.96, Lolos,operator baru,
25 Apr 2026,P,BTC-260425-064,PRD-03,SUP-03,VF-01,Dewi,3,99.3,g,2.49,82.6,9.14,LOLOS,,
13 Apr 2026,SIANG,BTC-260413-032,PRD-01,SUP-01,VF-03,Eko,2,98.0,g,2.56,85.2,9.89,lolos,alat kalibrasi ulang,
23-04-2026,Shift Siang,BTC-260423-059,PRD-01,SUP-01,VF-03,Eko,3,0.0973,kg,3.39,81.8,9.63,tolak,,
21/04/2026,Shift Pagi,BTC-260421-052,PRD-03,SUP-03,VF-03,Dewi,7,98.6,g,1.98,85.1,8.8,Ya,sampel ulang,
17-04-2026,PAGI,BTC-260417-043,PRD-03,SUP-03,VF-03,Galih,3,98.1,g,2.37,83.5,?,Ya,,
2026-04-24,Shift Malam,BTC-260424-063,PRD-02,SUP-02,VF-01,BAYU,1,0.1002,kg,2.33,82.3,  9.23  ,Lolos,bahan baku basah,
20-04-2026,Shift Siang,BTC-260420-050,PRD-03,SUP-03,VF-02,Eko,7,98.5,g, 2.26 % ,83.0,9.57,lolos,,
22 Apr 2026,siang,BTC-260422-056,PRD-02,SUP-02,VF-03,Eko,3,102.0,g,3.15,79.7,10.37,Ditolak,,
20-04-2026,PAGI,BTC-260420-049,PRD-02,SUP-02,VF-01,Bayu,1,101.1,g,2.89,87.0,8.28,OK,cek lagi!!,
25 Apr 2026,Pagi,BTC-260425-064,PRD-03,SUP-03,VF-01,Dewi,2,100.9,g,2.3,82.6,8.96,OK,,
18-04-2026,PAGI,BTC-260418-046,PRD-03,SUP-03,VF-01,Fitri,6,100.7,g,2.49,,10.82,LOLOS,,
04-04-2026,Shift Siang,BTC-260404-011,PRD-03,SUP-03,VF-01,ANDI,3,100.8,g,1.73,86.0,,lolos,cek lagi!!,
14 Apr 2026,siang,BTC-260414-035,PRD-02,SUP-02,VF-01,Andi,3,101.5,g,2.74,86.5,10.08,LOLOS,  ,
01-04-2026,Malam,BTC-260401-003,PRD-03,SUP-03,VF-02,Fitri,2,99.4,g,2.63,85.6,8.32, Lolos,  ,
2026-04-15,P,BTC-260415-037,PRD-01,SUP-01,VF-01,DEWI,5,99.8,g, 3.18 % ,83.6,9.67,TOLAK,alat kalibrasi ulang,
3 Apr 2026,S,BTC-260403-008,PRD-01,SUP-01,VF-03,Citra,3,99.9,g,2.86,86.0,9.58,Lolos,alat kalibrasi ulang,
07/04/2026,Pagi,BTC-260407-016,PRD-01,SUP-01,VF-02,Citra,7,99.5,g,"2,54",83.0,,OK,bahan baku basah,
16-04-2026,Shift Malam,BTC-260416-042,PRD-02,SUP-02,VF-01,Citra,2,99.7,g,"2,69",84.1,10.77,lolos,sampel ulang,
04-04-2026,Siang,BTC-260404-011,PRD-03,SUP-03,VF-01,Andi,4,100.2,g,2.06,null,  9.55  ,OK,,
21 Apr 2026,pagi,BTC-260421-052,PRD-03,SUP-03,VF-03,Dewi,4,101.9,g,null,85.1,9.94,lolos,sampel ulang,
10 Apr 2026,Pagi,BTC-260410-025,PRD-01,SUP-01,VF-03,?,2,100.3,g,2.76,83.8,8.9, Lolos,sampel ulang,
24/04/2026,Malam,BTC-260424-063,PRD-02,SUP-02,VF-01,Bayu,4,100.1,g,2.36,82.3,8.96,OK,operator baru,
09/04/2026,MALAM,BTC-260409-024,PRD-01,SUP-01,VF-03,Galih,1,98.6,g,"3,08",81.4,9.19,TOLAK,,
15 Apr 2026,SIANG,BTC-260415-038,PRD-03,SUP-03,VF-02,Bayu,3,99.7,g,2.56,83.4,9.91,lolos,,
20-04-2026,S,BTC-260420-050,PRD-03,SUP-03,VF-02,Eko,1,100.5,g,2.26,83.0,tidak diukur,Lolos,,
9 Apr 2026,Shift Siang,BTC-260409-023,PRD-03,SUP-03,VF-03,Fitri,2,99.8,g,2.92,86.0,9.99,Ya,,
07-04-2026,pagi,BTC-260407-016,PRD-01,SUP-01,VF-02,Citra,2,99.6,g,2.04,83.0,8.28,OK,,
24/04/2026,SIANG,BTC-260424-062,PRD-01,SUP-01,VF-03,Galih,8,0.0976,kg,2.95,84.5,?,LOLOS,,
04/04/2026,P,BTC-260404-010,PRD-03,SUP-03,VF-03,Hana,3,0.1016,kg, 2.44 % ,85.7,9.2,Ya,,
1 Apr 2026,Shift Siang,BTC-260401-002,PRD-03,SUP-03,VF-03,HANA,7,99.7,g,"2,83",86.7,10.69, Lolos,,
17/04/2026,P,BTC-260417-043,PRD-03,SUP-03,VF-03,Galih,4,100.0,g, 2.58 % ,83.5,9.76,OK,operator baru,
21 Apr 2026,Malam,BTC-260421-054,PRD-01,SUP-01,VF-03,Fitri,1,100.4,g,2.55,88.2,9.19, Lolos,operator baru,
13-04-2026,Pagi,BTC-260413-031,PRD-01,SUP-01,VF-03,Hana,3,n/a,g,2.08,87.8,8.86,Lolos,alat kalibrasi ulang,
07-04-2026,Malam,BTC-260407-018,PRD-01,SUP-01,VF-02,Citra,1,99.9,g,2.8,81.2,8.58,LOLOS,,
17 Apr 2026,Shift Siang,BTC-260417-044,PRD-02,SUP-02,VF-02,Andi,3,0.1013,kg,"2,08",89.6,10.46,LOLOS,bahan baku basah,
2026-04-11,pagi,BTC-260411-028,PRD-01,SUP-01,VF-03,GALIH,5,98.2,g, 2.34 % ,85.2,10.29,lolos,listrik padam 10 menit,
10 Apr 2026,P,BTC-260410-025,PRD-01,SUP-01,VF-03,Citra,3,99.2,g,3.25,83.8,10.4,Tolak,,
2026-04-15,SIANG,BTC-260415-038,PRD-03,SUP-03,VF-02,Bayu,7,99.1,g,2.35,83.4,8.57,LOLOS,sampel ulang,
20/04/2026,M,BTC-260420-051,PRD-01,SUP-01,VF-02,Bayu,3,0.1013,kg,"2,55",88.1,9.69,lolos,cek lagi!!,
08/04/2026,MALAM,BTC-260408-021,PRD-01,SUP-01,VF-03,Dewi,4,101.3,g,null,86.2,10.9,reject,operator baru,
20 Apr 2026,malam,BTC-260420-051,PRD-01,SUP-01,VF-02,Andi,5,0.1003,kg,"2,48",88.1,9.81,LOLOS,  ,
2026-04-02,Malam,BTC-260402-006,PRD-01,SUP-01,VF-02,Citra,3,0.1008,kg, 2.5 % ,88.6,10.1,Lolos,sampel ulang,
10 Apr 2026,P,BTC-260410-025,PRD-01,SUP-01,VF-03,Citra,5,101.0,g,2.18,83.8,10.31, Lolos,,
17 Apr 2026,Shift Pagi,BTC-260417-043,PRD-03,SUP-03,VF-03,Galih,5,97.1,g,2.56,83.5,10.02,Ya,,
6 Apr 2026,pagi,BTC-260406-013,PRD-01,SUP-01,VF-03,EKO,2,101.5,g,2.87,85.6,9.16,LOLOS,,
04-04-2026,pagi,BTC-260404-010,PRD-03,SUP-03,VF-03,Hana,2,98.1,g, 2.86 % ,85.7,9.53,OK,alat kalibrasi ulang,
07/04/2026,M,BTC-260407-018,PRD-01,SUP-01,VF-02,Citra,2,100.4,g,2.75,81.2,11.06, Lolos,,
25 Apr 2026,siang,BTC-260425-065,PRD-03,SUP-03,VF-02,Citra,2,100.7,g,2.46,84.7,10.01,OK,,
18-04-2026,siang,BTC-260418-047,PRD-03,SUP-03,VF-01,Dewi,2,101.6,g,2.32,n/a,  9.96  ,lolos,operator baru,
01/04/2026,S,BTC-260401-002,PRD-03,SUP-03,VF-03,Hana,1,101.2,g,"2,44",86.7,9.31,lolos,,
20-04-2026,siang,BTC-260420-050,PRD-03,SUP-03,VF-02, Eko,2,100.5,g,2.25,83.0,9.74,Lolos,,
2026-04-06,Shift Pagi,BTC-260406-013,PRD-01,SUP-01,VF-03,Eko,8,100.0,g,3.05,85.6,10.22,Tidak,bahan baku basah,
10/04/2026,Malam,BTC-260410-027,PRD-02,SUP-02,VF-03,Galih,1,98.8,g,2.74,84.2,8.1,LOLOS,sampel ulang,
09-04-2026,Shift Pagi,BTC-260409-022,PRD-01,SUP-01,VF-02,Fitri,2,100.9,g,3.1,85.6,,Tolak,alat kalibrasi ulang,
18/04/2026,malam,BTC-260418-048,PRD-01,SUP-01,VF-02,Bayu,4,100.3,g,1.99,83.9,10.5,Lolos,cek lagi!!,
2026-04-11,malam,BTC-260411-030,PRD-02,SUP-02,VF-02,Dewi,3,101.0,g,3.71,-,10.19,TOLAK,sampel ulang,
7 Apr 2026,P,BTC-260407-016,PRD-01,SUP-01,VF-02,Citra,6,99.8,g,null,83.0,10.27,LOLOS,alat kalibrasi ulang,
24/04/2026,Siang,BTC-260424-062,PRD-01,SUP-01,VF-03,Galih,6,100.5,g,2.76,84.5,8.97,OK,,
1 Apr 2026,Siang,BTC-260401-002,PRD-03,SUP-03,VF-03,Hana,3,101.2,g,2.8,86.7,8.51, Lolos,sampel ulang,
04/04/2026,S,BTC-260404-011,PRD-03,SUP-03,VF-01,Andi,1,100.4,g,2.34,86.0,10.09,LOLOS,,
2026-04-23,Shift Siang,BTC-260423-059,PRD-01,SUP-01,VF-03,Eko,2,102.0,g,3.27,81.8,9.22,tolak,,
2026-04-21,Shift Pagi,BTC-260421-052,PRD-03,SUP-03,VF-03,Dewi,5,0.0989,kg,,85.1,10.45,OK,cek lagi!!,
03/04/2026,pagi,BTC-260403-007,PRD-02,SUP-02,VF-03,Dewi,1,102.8,g,2.02,82.0,?,LOLOS,,
2026-04-01,Siang,BTC-260401-002,PRD-03,SUP-03,VF-03,Hana,2,0.1,kg,"2,42",86.7,9.64, Lolos,,
17 Apr 2026,malam,BTC-260417-045,PRD-01,SUP-01,VF-01,null,3,100.0,g,"3,12",79.9,8.64,Tidak,  ,
08-04-2026,Shift Malam,BTC-260408-021,PRD-01,SUP-01,VF-03,Dewi,3,n/a,g,2.23,86.2,8.44,Lolos,cek lagi!!,
2 Apr 2026,pagi,BTC-260402-004,PRD-02,SUP-02,VF-01,Fitri,1,100.8,g,2.69,81.7,9.04,lolos,listrik padam 10 menit,
25 Apr 2026,Shift Malam,BTC-260425-066,PRD-02,SUP-02,VF-03,Eko,6,0.1007,kg,3.01,85.6,9.65,TOLAK,bahan baku basah,
6 Apr 2026,PAGI,BTC-260406-013,PRD-01,SUP-01,VF-03,Eko,6,101.3,g,2.9,85.6,10.46,OK,bahan baku basah,
23 Apr 2026,Malam,BTC-260423-060,PRD-02,SUP-02,VF-03,Bayu,3,99.4,g,3.02,84.4,8.78,reject,operator baru,
20 Apr 2026,malam,BTC-260420-051,PRD-01,SUP-01,VF-02,Bayu,5,0.1003,kg,"2,48",88.1,9.81,LOLOS,  ,
23 Apr 2026,P,BTC-260423-058,PRD-02,SUP-02,VF-02,?,1,99.9,g,?,tidak diukur,9.86,Ya,,
2026-04-15,Siang,BTC-260415-038,PRD-03,SUP-03,VF-02,Bayu,5,99.7,g,"2,59",83.4,9.91,Lolos,alat kalibrasi ulang,
15/04/2026,PAGI,BTC-260415-037,PRD-01,SUP-01,VF-01,Dewi,2,0.1005,kg,2.53,83.6,10.17,LOLOS,sampel ulang,
2026-04-04,Shift Malam,BTC-260404-012,PRD-01,SUP-01,VF-02,GALIH,5,101.7,g,1.57,85.8,9.82,OK,alat kalibrasi ulang,
24 Apr 2026,MALAM,BTC-260424-063,PRD-02,SUP-02,VF-01,Bayu,5,101.7,g,2.65,82.3,8.48,Lolos,,
2026-04-17,Shift Pagi,BTC-260417-043,PRD-03,SUP-03,VF-03,galih,6,99.1,g,3.11,83.5,7.9,Tolak,listrik padam 10 menit,
23-04-2026,Shift Siang,BTC-260423-059,PRD-01,SUP-01,VF-03,Eko,4,102.1,g,2.4,81.8,tidak diukur,LOLOS,operator baru,
06-04-2026,PAGI,BTC-260406-013,PRD-01,SUP-01,VF-03,Eko,3,99.5,g,1.98,85.6,9.71,Lolos,listrik padam 10 menit,
23-04-2026,P,BTC-260423-058,PRD-02,SUP-02,VF-02,Fitri,3,102.3,g,2.35,84.4,NA,Lolos,  ,
2026-04-22,S,BTC-260422-056,PRD-02,SUP-02,VF-03,Eko,7,101.7,g,2.68,,  10.03  ,OK,bahan baku basah,
24/04/2026,P,BTC-260424-061,PRD-02,SUP-02,VF-01,Dewi,4,100.3,g,2.25,87.0,11.13,LOLOS,,
1 Apr 2026,Shift Siang,BTC-260401-002,PRD-03,SUP-03,VF-03,HANA,7,99.7,g,"2,83",86.7,10.69, Lolos,,
2026-04-13,siang,BTC-260413-032,PRD-01,SUP-01,VF-03,Eko,6,99.8,g,n/a,85.2,10.05,lolos,operator baru,
2026-04-09,PAGI,BTC-260409-022,PRD-01,SUP-01,VF-02,Fitri,6,100.3,g,2.32,85.6,  8.95  ,Ya,,
16 Apr 2026,P,BTC-260416-040,PRD-01,SUP-01,VF-01,Andi,3,99.7,g,2.54,86.2,10.72,Ya,bahan baku basah,
22 Apr 2026,Shift Siang,BTC-260422-056,PRD-02,SUP-02,VF-03,Eko,6,100.0,g,?,79.7,9.49,lolos,listrik padam 10 menit,
2026-04-11,malam,BTC-260411-030,PRD-02,SUP-02,VF-02,Dewi,2,99.9,g,2.62,80.8,10.16,lolos,,
06-04-2026,Malam,BTC-260406-015,PRD-03,SUP-03,VF-02,Galih,3,100.8,g,"2,36",85.3,9.17,Ya,sampel ulang,
13-04-2026,Shift Pagi,BTC-260413-031,PRD-01,SUP-01,VF-03,HANA,6,0.098,kg,2.25,87.8,8.75, Lolos,,
2026-04-13,SIANG,BTC-260413-032,PRD-01,SUP-01,VF-03,Eko,1,100.1,g,"2,93",85.2,10.24,lolos,operator baru,
25-04-2026,P,BTC-260425-064,PRD-03,SUP-03,VF-01,Dewi,1,99.6,g,2.57,82.6,9.54,LOLOS,cek lagi!!,
01/04/2026,P,BTC-260401-001,PRD-01,SUP-01,VF-03,Dewi,4,100.4,g,"3,15",83.1,  9.17  ,TOLAK,,
4 Apr 2026,M,BTC-260404-012,PRD-01,SUP-01,VF-02,n/a,3,99.3,g,2.58,85.8,11.66,Ya,,
2026-04-13,malam,BTC-260413-033,PRD-01,SUP-01,VF-03,Eko,5,99.0,g,2.79,87.4,-,LOLOS,,
04-04-2026,Shift Siang,BTC-260404-011,PRD-03,SUP-03,VF-01,ANDI,3,100.8,g,1.73,86.0,,lolos,cek lagi!!,
1 Apr 2026,PAGI,BTC-260401-001,PRD-01,SUP-01,VF-03,Dewi,8,97.3,g,"2,43",83.1,10.65,LOLOS,operator baru,
2026-04-13,Shift Malam,BTC-260413-033,PRD-01,SUP-01,VF-03,Eko,1,100.1,g,2.62,87.4,11.53,Ya,cek lagi!!,
15/04/2026,Shift Siang,BTC-260415-038,PRD-03,SUP-03,VF-02,Bayu,4,-,g,2.37,83.4,10.86,Lolos,,
01/04/2026,SIANG,BTC-260401-002,PRD-03,SUP-03,VF-03,Hana,8,98.3,g,2.83,86.7,8.35, Lolos,cek lagi!!,
21/04/2026,SIANG,BTC-260421-053,PRD-01,SUP-01,VF-03,Bayu,4,98.1,g,2.44,84.1,8.43,OK,listrik padam 10 menit,
22 Apr 2026,Malam,BTC-260422-057,PRD-01,SUP-01,VF-02,Hana,2,99.9,g,?,85.4,12.14,OK,,
06-04-2026,Siang,BTC-260406-014,PRD-03,SUP-03,VF-01,Hana,5,100.3,g,"2,25",86.6,8.5, Lolos,listrik padam 10 menit,
20 Apr 2026,MALAM,BTC-260420-051,PRD-01,SUP-01,VF-02,Bayu,1,,g,2.66,88.1,8.35,OK,,
10/04/2026,Siang,BTC-260410-026,PRD-01,SUP-01,VF-03,Dewi,2,99.7,g,"3,18",87.3,9.44,TOLAK,sampel ulang,
10/04/2026,M,BTC-260410-027,PRD-02,SUP-02,VF-03,Galih,2,97.9,g,tidak diukur,84.2,9.96,OK,,
08/04/2026,S,BTC-260408-020,PRD-02,SUP-02,VF-02,Hana,3,102.1,g,2.71,84.6,9.07,OK,alat kalibrasi ulang,
24-04-2026,pagi,BTC-260424-061,PRD-02,SUP-02,VF-01,Dewi,2,101.5,g,2.06,87.0,  8.8  ,OK,,
9 Apr 2026,Shift Malam,BTC-260409-024,PRD-01,SUP-01,VF-03,Galih,4,97.7,g,2.79,81.4,8.99,LOLOS,bahan baku basah,
10/04/2026,Malam,BTC-260410-027,PRD-02,SUP-02,VF-03,Galih,1,98.8,g,2.74,84.2,8.1,LOLOS,sampel ulang,
16-04-2026,siang,BTC-260416-041,PRD-02,SUP-02,VF-01,Bayu,3,100.1,g,"2,53",85.3,9.05,lolos,sampel ulang,
20 Apr 2026,SIANG,BTC-260420-050,PRD-03,SUP-03,VF-02,Eko,6,10.2,g,2.51,83.0,-,Lolos,cek lagi!!,
13 Apr 2026,Shift Pagi,BTC-260413-031,PRD-01,SUP-01,VF-03,Hana,5,99.6,g,2.42,87.8,10.18,lolos,,
11 Apr 2026,siang,BTC-260411-029,PRD-01,SUP-01,VF-01,Dewi,4,100.8,g,2.93,84.8,, Lolos,,
9 Apr 2026,P,BTC-260409-022,PRD-01,SUP-01,VF-02,Fitri,5,100.5,g,"2,05",85.6,11.32, Lolos,cek lagi!!,
17-04-2026,M,BTC-260417-045,PRD-01,SUP-01,VF-01,Dewi,1,99.8,g,2.28,79.9,9.38,Lolos,  ,
15 Apr 2026,PAGI,BTC-260415-037,PRD-01,SUP-01,VF-01,Dewi,4,100.3,g,2.37,83.6,10.39, Lolos,  ,
2026-04-07,Shift Pagi,BTC-260407-016,PRD-01,SUP-01,VF-02,Citra,3,99.6,g,2.34,83.0,8.58,lolos,,
03-04-2026,P,BTC-260403-007,PRD-02,SUP-02,VF-03,Dewi,2,98.3,g,2.11,82.0,8.99,Ya,,
25-04-2026,Shift Pagi,BTC-260425-064,PRD-03,SUP-03,VF-01,Dewi,4,100.8,g,2.41,82.6,9.28,OK,operator baru,
23 Apr 2026,Pagi,BTC-260423-058,PRD-02,SUP-02,VF-02,Fitri,2,98.5,g,1.65,84.4,9.2,Ya,cek lagi!!,
10/04/2026,PAGI,BTC-260410-025,PRD-01,SUP-01,VF-03,Citra,1,99.7,g,2.93,83.8,8.54,LOLOS,cek lagi!!,
2026-04-06,Shift Siang,BTC-260406-014,PRD-03,SUP-03,VF-01,Hana,6,99.4,g,?,86.6,9.14,Ya,,
2026-04-04,malam,BTC-260404-012,PRD-01,SUP-01,VF-02,Galih,7,101.1,g,3.0,85.8,9.23,tolak,listrik padam 10 menit,
15/04/2026,Pagi,BTC-260415-037,PRD-01,SUP-01,VF-01,Dewi,1,101.8,g,2.53,83.6,9.47,lolos,cek lagi!!,
2026-04-13,PAGI,BTC-260413-031,PRD-01,SUP-01,VF-03,Hana,2,101.0,g,2.24,87.8,10.19,LOLOS,,
11-04-2026,Siang,BTC-260411-029,PRD-01,SUP-01,VF-01,Dewi,1,100.8,g, 2.88 % ,84.8,8.96, Lolos,sampel ulang,
23/04/2026,M,BTC-260423-060,PRD-02,SUP-02,VF-03,Bayu,2,102.4,g,2.32,84.4,8.79,LOLOS,  ,
03/04/2026,Shift Siang,BTC-260403-008,PRD-01,SUP-01,VF-03,Citra,2,96.3,g,2.5,86.0,9.09,TOLAK,bahan baku basah,
09/04/2026,SIANG,BTC-260409-023,PRD-03,SUP-03,VF-03,Fitri,3,n/a,g,2.74,86.0,10.19,Ya,listrik padam 10 menit,
22/04/2026,S,BTC-260422-056,PRD-02,SUP-02,VF-03,Eko,8,102.1,g,2.84,79.7,8.19,lolos,,
